version 1
nodes
0 "ValveBiped" -1
1 "ValveBiped.weapon_bone" 0
2 "ValveBiped.flash" 1
end
skeleton
time 0
0  0.000000 0.000000 0.000000  1.570796 -0.000000 0.000000
1  -0.439957 6.308489 5.191681  0.000000 -0.000000 0.000000
2  0.502212 -2.120895 28.556002  0.000000 -0.000000 0.000000
end
triangles
recmag
0  0.798729 -10.354221 0.215904  -0.001100 0.104030 0.994574  0.037044 0.219731 1 2 1.000000
0  0.820385 -10.353992 0.215904  -0.001099 0.104030 0.994573  0.037044 0.217150 1 2 1.000000
0  0.783505 -6.925838 -0.142716  -0.001120 0.104030 0.994573  0.176165 0.188043 1 2 1.000000
recmag
0  0.783505 -6.925838 -0.142716  -0.001120 0.104030 0.994573  0.176165 0.188043 1 2 1.000000
0  0.761849 -6.926071 -0.142716  -0.001120 0.104030 0.994573  0.176165 0.190623 1 2 1.000000
0  0.798729 -10.354221 0.215904  -0.001100 0.104030 0.994574  0.037044 0.219731 1 2 1.000000
recmag
0  0.894808 -7.638563 0.089375  0.999942 0.010764 0.000000  0.010749 0.176589 1 2 1.000000
0  0.894547 -7.614326 0.030861  0.999942 0.010746 -0.000004  0.012897 0.166222 1 2 1.000000
0  0.894547 -7.614326 0.147885  0.999942 0.010746 0.000004  0.012897 0.186956 1 2 1.000000
recmag
0  0.894547 -7.614326 0.030861  0.999942 0.010746 -0.000004  0.012897 0.166222 1 2 1.000000
0  0.893918 -7.555819 0.006629  0.999942 0.010742 -0.000022  0.018079 0.161928 1 2 1.000000
0  0.893290 -7.497309 0.030861  0.999942 0.010752 -0.000004  0.023263 0.166222 1 2 1.000000
recmag
0  0.894547 -7.614326 0.030861  0.999942 0.010746 -0.000004  0.012897 0.166222 1 2 1.000000
0  0.893290 -7.497309 0.030861  0.999942 0.010752 -0.000004  0.023263 0.166222 1 2 1.000000
0  0.893290 -7.497309 0.147885  0.999942 0.010752 0.000004  0.023263 0.186956 1 2 1.000000
recmag
0  0.894547 -7.614326 0.030861  0.999942 0.010746 -0.000004  0.012897 0.166222 1 2 1.000000
0  0.893290 -7.497309 0.147885  0.999942 0.010752 0.000004  0.023263 0.186956 1 2 1.000000
0  0.894547 -7.614326 0.147885  0.999942 0.010746 0.000004  0.012897 0.186956 1 2 1.000000
recmag
0  0.893290 -7.497309 0.147885  0.999942 0.010752 0.000004  0.023263 0.186956 1 2 1.000000
0  0.893918 -7.555819 0.172124  0.999942 0.010742 0.000022  0.018079 0.191250 1 2 1.000000
0  0.894547 -7.614326 0.147885  0.999942 0.010746 0.000004  0.012897 0.186956 1 2 1.000000
recmag
0  0.893290 -7.497309 0.030861  0.999942 0.010752 -0.000004  0.023263 0.166222 1 2 1.000000
0  0.893028 -7.473072 0.089375  0.999942 0.010804 0.000000  0.025409 0.176589 1 2 1.000000
0  0.893290 -7.497309 0.147885  0.999942 0.010752 0.000004  0.023263 0.186956 1 2 1.000000
recmag
0  0.181883 -6.905884 1.909820  0.010635 -0.988444 -0.151212  0.405250 0.506444 1 2 1.000000
0  0.002805 -6.907812 1.909820  0.010642 -0.988444 -0.151211  0.415452 0.506444 1 2 1.000000
0  0.180308 -6.759459 0.952549  0.010633 -0.988444 -0.151213  0.405250 0.396135 1 2 1.000000
recmag
0  0.002805 -6.907812 1.909820  0.010642 -0.988444 -0.151211  0.415452 0.506444 1 2 1.000000
0  0.001229 -6.761385 0.952549  0.010630 -0.988444 -0.151213  0.415452 0.396135 1 2 1.000000
0  0.180308 -6.759459 0.952549  0.010633 -0.988444 -0.151213  0.405250 0.396135 1 2 1.000000
recmag
0  0.650361 -6.754400 0.952549  0.010648 -0.988444 -0.151213  0.378471 0.396135 1 2 1.000000
0  0.651937 -6.900829 1.909820  0.010638 -0.988443 -0.151216  0.378471 0.506444 1 2 1.000000
0  0.472857 -6.902756 1.909820  0.010632 -0.988444 -0.151214  0.388673 0.506444 1 2 1.000000
recmag
0  0.471282 -6.756329 0.952549  0.010638 -0.988444 -0.151214  0.388673 0.396135 1 2 1.000000
0  0.650361 -6.754400 0.952549  0.010648 -0.988444 -0.151213  0.378471 0.396135 1 2 1.000000
0  0.472857 -6.902756 1.909820  0.010632 -0.988444 -0.151214  0.388673 0.506444 1 2 1.000000
recmag
0  0.471282 -6.756329 0.952549  0.010638 -0.988444 -0.151214  0.388673 0.396135 1 2 1.000000
0  0.472857 -6.902756 1.909820  0.010632 -0.988444 -0.151214  0.388673 0.506444 1 2 1.000000
0  0.181883 -6.905884 1.909820  0.010635 -0.988444 -0.151212  0.405250 0.506444 1 2 1.000000
recmag
0  0.471282 -6.756329 0.952549  0.010638 -0.988444 -0.151214  0.388673 0.396135 1 2 1.000000
0  0.181883 -6.905884 1.909820  0.010635 -0.988444 -0.151212  0.405250 0.506444 1 2 1.000000
0  0.180308 -6.759459 0.952549  0.010633 -0.988444 -0.151213  0.405250 0.396135 1 2 1.000000
recmag
0  0.431280 -6.692072 0.529709  0.010645 -0.988444 -0.151215  0.390913 0.347359 1 2 1.000000
0  0.471282 -6.756329 0.952549  0.010638 -0.988444 -0.151214  0.388673 0.396135 1 2 1.000000
0  0.180308 -6.759459 0.952549  0.010633 -0.988444 -0.151213  0.405250 0.396135 1 2 1.000000
recmag
0  0.431280 -6.692072 0.529709  0.010645 -0.988444 -0.151215  0.390913 0.347359 1 2 1.000000
0  0.180308 -6.759459 0.952549  0.010633 -0.988444 -0.151213  0.405250 0.396135 1 2 1.000000
0  0.297063 -6.682720 0.459129  0.010644 -0.988443 -0.151217  0.398552 0.339228 1 2 1.000000
recmag
0  0.180308 -6.759459 0.952549  0.010633 -0.988444 -0.151213  0.405250 0.396135 1 2 1.000000
0  0.218919 -6.694357 0.529709  0.010614 -0.988444 -0.151213  0.403010 0.347359 1 2 1.000000
0  0.297063 -6.682720 0.459129  0.010644 -0.988443 -0.151217  0.398552 0.339228 1 2 1.000000
recmag
0  0.352903 -6.682117 0.459129  0.010678 -0.988438 -0.151251  0.395371 0.339228 1 2 1.000000
0  0.431280 -6.692072 0.529709  0.010645 -0.988444 -0.151215  0.390913 0.347359 1 2 1.000000
0  0.297063 -6.682720 0.459129  0.010644 -0.988443 -0.151217  0.398552 0.339228 1 2 1.000000
recmag
0  0.651937 -6.900829 1.909820  0.001626 -0.151201 0.988502  0.378471 0.519866 1 2 1.000000
0  0.650557 -6.772503 1.929451  0.001626 -0.151202 0.988502  0.378471 0.506444 1 2 1.000000
0  0.471478 -6.774429 1.929451  0.001626 -0.151200 0.988502  0.388673 0.506444 1 2 1.000000
recmag
0  0.471478 -6.774429 1.929451  0.001626 -0.151200 0.988502  0.388673 0.506444 1 2 1.000000
0  0.472857 -6.902756 1.909820  0.001626 -0.151200 0.988502  0.388673 0.519866 1 2 1.000000
0  0.651937 -6.900829 1.909820  0.001626 -0.151201 0.988502  0.378471 0.519866 1 2 1.000000
recmag
0  0.472857 -6.902756 1.909820  0.001626 -0.151200 0.988502  0.388673 0.519866 1 2 1.000000
0  0.471478 -6.774429 1.929451  0.001626 -0.151200 0.988502  0.388673 0.506444 1 2 1.000000
0  0.180503 -6.777559 1.929451  0.001626 -0.151203 0.988501  0.405250 0.506444 1 2 1.000000
recmag
0  0.180503 -6.777559 1.929451  0.001626 -0.151203 0.988501  0.405250 0.506444 1 2 1.000000
0  0.181883 -6.905884 1.909820  0.001627 -0.151203 0.988501  0.405250 0.519866 1 2 1.000000
0  0.472857 -6.902756 1.909820  0.001626 -0.151200 0.988502  0.388673 0.519866 1 2 1.000000
recmag
0  0.181883 -6.905884 1.909820  0.001627 -0.151203 0.988501  0.405250 0.519866 1 2 1.000000
0  0.180503 -6.777559 1.929451  0.001626 -0.151203 0.988501  0.405250 0.506444 1 2 1.000000
0  0.001424 -6.779486 1.929451  0.001628 -0.151202 0.988502  0.415452 0.506444 1 2 1.000000
recmag
0  0.001424 -6.779486 1.929451  0.001628 -0.151202 0.988502  0.415452 0.506444 1 2 1.000000
0  0.002805 -6.907812 1.909820  0.001629 -0.151201 0.988502  0.415452 0.519866 1 2 1.000000
0  0.181883 -6.905884 1.909820  0.001627 -0.151203 0.988501  0.405250 0.519866 1 2 1.000000
recmag
0  -0.104413 -6.935390 -0.142716  -0.001125 0.104031 0.994573  0.176165 0.190623 1 2 1.000000
0  -0.125975 -6.935623 -0.142716  -0.001125 0.104031 0.994573  0.176165 0.188043 1 2 1.000000
0  -0.089095 -10.363773 0.215904  -0.001123 0.104031 0.994573  0.037044 0.217150 1 2 1.000000
recmag
0  -0.089095 -10.363773 0.215904  -0.001123 0.104031 0.994573  0.037044 0.217150 1 2 1.000000
0  -0.067531 -10.363541 0.215904  -0.001123 0.104031 0.994573  0.037044 0.219731 1 2 1.000000
0  -0.104413 -6.935390 -0.142716  -0.001125 0.104031 0.994573  0.176165 0.190623 1 2 1.000000
recmag
0  0.672799 -10.618845 0.204652  0.010705 -0.994733 0.101935  0.213809 0.339143 1 2 1.000000
0  0.672730 -10.612640 0.265206  0.010706 -0.994733 0.101938  0.216967 0.344313 1 2 1.000000
0  0.061839 -10.619215 0.265206  0.010703 -0.994738 0.101890  0.216967 0.393898 1 2 1.000000
recmag
0  0.061839 -10.619215 0.265206  0.010703 -0.994738 0.101890  0.216967 0.393898 1 2 1.000000
0  0.061904 -10.625418 0.204652  0.010703 -0.994738 0.101887  0.213809 0.399936 1 2 1.000000
0  0.672799 -10.618845 0.204652  0.010705 -0.994733 0.101935  0.213809 0.339143 1 2 1.000000
recmag
0  0.807365 -6.963940 -0.169260  -0.010760 0.999942 0.000000  0.368910 0.330200 1 2 1.000000
0  -0.151261 -6.974255 -0.169260  -0.010760 0.999942 0.000000  0.368910 0.408011 1 2 1.000000
0  -0.151261 -6.974255 -0.108706  -0.010760 0.999942 0.000000  0.365854 0.408011 1 2 1.000000
recmag
0  -0.151261 -6.974255 -0.108706  -0.010760 0.999942 0.000000  0.365854 0.408011 1 2 1.000000
0  0.807365 -6.963940 -0.108706  -0.010760 0.999942 0.000000  0.365854 0.330200 1 2 1.000000
0  0.807365 -6.963940 -0.169260  -0.010760 0.999942 0.000000  0.368910 0.330200 1 2 1.000000
recmag
0  0.061904 -10.625418 0.204652  -0.781874 -0.620278 0.062682  0.213809 0.399936 1 2 1.000000
0  0.061839 -10.619215 0.265206  -0.781873 -0.620278 0.062691  0.216967 0.393898 1 2 1.000000
0  -0.114415 -10.399340 0.242488  -0.781880 -0.620275 0.062632  0.226012 0.408011 1 2 1.000000
recmag
0  -0.114415 -10.399340 0.242488  -0.781880 -0.620275 0.062632  0.226012 0.408011 1 2 1.000000
0  -0.114347 -10.405540 0.181935  -0.781881 -0.620275 0.062623  0.223430 0.414955 1 2 1.000000
0  0.061904 -10.625418 0.204652  -0.781874 -0.620278 0.062682  0.213809 0.399936 1 2 1.000000
recmag
0  -0.114347 -10.405540 0.181935  -0.999942 -0.010759 -0.000021  0.223430 0.414955 1 2 1.000000
0  -0.114415 -10.399340 0.242488  -0.999942 -0.010759 -0.000021  0.226012 0.408011 1 2 1.000000
0  -0.151261 -6.974255 -0.108706  -0.999942 -0.010758 -0.000000  0.365854 0.408011 1 2 1.000000
recmag
0  -0.151261 -6.974255 -0.108706  -0.999942 -0.010758 -0.000000  0.365854 0.408011 1 2 1.000000
0  -0.151261 -6.974255 -0.169260  -0.999942 -0.010757 0.000000  0.363271 0.414955 1 2 1.000000
0  -0.114347 -10.405540 0.181935  -0.999942 -0.010759 -0.000021  0.223430 0.414955 1 2 1.000000
recmag
0  0.672730 -10.612640 0.265206  0.795037 -0.603309 0.062716  0.216967 0.344313 1 2 1.000000
0  0.672799 -10.618845 0.204652  0.795038 -0.603309 0.062718  0.213809 0.339143 1 2 1.000000
0  0.844282 -10.395227 0.181935  0.795035 -0.603313 0.062707  0.223430 0.324124 1 2 1.000000
recmag
0  0.844282 -10.395227 0.181935  0.795035 -0.603313 0.062707  0.223430 0.324124 1 2 1.000000
0  0.844213 -10.389025 0.242488  0.795035 -0.603314 0.062706  0.226012 0.330200 1 2 1.000000
0  0.672730 -10.612640 0.265206  0.795037 -0.603309 0.062716  0.216967 0.344313 1 2 1.000000
recmag
0  0.844213 -10.389025 0.242488  0.999942 0.010762 0.000036  0.226012 0.330200 1 2 1.000000
0  0.844282 -10.395227 0.181935  0.999942 0.010762 0.000036  0.223430 0.324124 1 2 1.000000
0  0.807365 -6.963940 -0.169260  0.999942 0.010758 0.000000  0.363271 0.324124 1 2 1.000000
recmag
0  0.807365 -6.963940 -0.169260  0.999942 0.010758 0.000000  0.363271 0.324124 1 2 1.000000
0  0.807365 -6.963940 -0.108706  0.999942 0.010758 0.000000  0.365854 0.330200 1 2 1.000000
0  0.844213 -10.389025 0.242488  0.999942 0.010762 0.000036  0.226012 0.330200 1 2 1.000000
recmag
0  0.769902 -7.674671 0.089375  0.275294 -0.952322 0.131513  0.001125 0.176589 1 2 1.000000
0  0.894808 -7.638563 0.089375  0.275292 -0.952323 -0.131514  0.010749 0.176589 1 2 1.000000
0  0.894547 -7.614326 0.147885  0.273271 -0.765561 0.582442  0.012897 0.186956 1 2 1.000000
recmag
0  0.894808 -7.638563 0.089375  0.275292 -0.952323 -0.131514  0.010749 0.176589 1 2 1.000000
0  0.769902 -7.674671 0.089375  0.275294 -0.952322 0.131513  0.001125 0.176589 1 2 1.000000
0  0.769530 -7.640253 0.006281  0.273278 -0.765570 -0.582428  0.006091 0.152609 1 2 1.000000
recmag
0  0.769530 -7.640253 0.006281  0.273278 -0.765570 -0.582428  0.006091 0.152609 1 2 1.000000
0  0.894547 -7.614326 0.030861  0.271284 -0.579533 -0.768470  0.012897 0.166222 1 2 1.000000
0  0.894808 -7.638563 0.089375  0.275292 -0.952323 -0.131514  0.010749 0.176589 1 2 1.000000
recmag
0  0.894547 -7.614326 0.030861  0.271284 -0.579533 -0.768470  0.012897 0.166222 1 2 1.000000
0  0.769530 -7.640253 0.006281  0.273278 -0.765570 -0.582428  0.006091 0.152609 1 2 1.000000
0  0.768637 -7.557165 -0.028135  0.266420 -0.128646 -0.955233  0.018079 0.142676 1 2 1.000000
recmag
0  0.768637 -7.557165 -0.028135  0.266420 -0.128646 -0.955233  0.018079 0.142676 1 2 1.000000
0  0.893918 -7.555819 0.006629  0.263608 0.134375 -0.955225  0.018079 0.161928 1 2 1.000000
0  0.894547 -7.614326 0.030861  0.271284 -0.579533 -0.768470  0.012897 0.166222 1 2 1.000000
recmag
0  0.893918 -7.555819 0.006629  0.263608 0.134375 -0.955225  0.018079 0.161928 1 2 1.000000
0  0.768637 -7.557165 -0.028135  0.266420 -0.128646 -0.955233  0.018079 0.142676 1 2 1.000000
0  0.767744 -7.474079 0.006281  0.258735 0.585288 -0.768436  0.030069 0.152609 1 2 1.000000
recmag
0  0.767744 -7.474079 0.006281  0.258735 0.585288 -0.768436  0.030069 0.152609 1 2 1.000000
0  0.893290 -7.497309 0.030861  0.256738 0.771279 -0.582421  0.023263 0.166222 1 2 1.000000
0  0.893918 -7.555819 0.006629  0.263608 0.134375 -0.955225  0.018079 0.161928 1 2 1.000000
recmag
0  0.893290 -7.497309 0.030861  0.256738 0.771279 -0.582421  0.023263 0.166222 1 2 1.000000
0  0.767744 -7.474079 0.006281  0.258735 0.585288 -0.768436  0.030069 0.152609 1 2 1.000000
0  0.767373 -7.439669 0.089375  0.254693 0.958037 -0.131514  0.035033 0.176589 1 2 1.000000
recmag
0  0.767373 -7.439669 0.089375  0.254693 0.958037 -0.131514  0.035033 0.176589 1 2 1.000000
0  0.893028 -7.473072 0.089375  0.254694 0.958037 0.131518  0.025409 0.176589 1 2 1.000000
0  0.893290 -7.497309 0.030861  0.256738 0.771279 -0.582421  0.023263 0.166222 1 2 1.000000
recmag
0  0.893028 -7.473072 0.089375  0.254694 0.958037 0.131518  0.025409 0.176589 1 2 1.000000
0  0.767373 -7.439669 0.089375  0.254693 0.958037 -0.131514  0.035033 0.176589 1 2 1.000000
0  0.767744 -7.474079 0.172468  0.256732 0.771292 0.582407  0.030069 0.200569 1 2 1.000000
recmag
0  0.767744 -7.474079 0.172468  0.256732 0.771292 0.582407  0.030069 0.200569 1 2 1.000000
0  0.893290 -7.497309 0.147885  0.258743 0.585260 0.768455  0.023263 0.186956 1 2 1.000000
0  0.893028 -7.473072 0.089375  0.254694 0.958037 0.131518  0.025409 0.176589 1 2 1.000000
recmag
0  0.893290 -7.497309 0.147885  0.258743 0.585260 0.768455  0.023263 0.186956 1 2 1.000000
0  0.767744 -7.474079 0.172468  0.256732 0.771292 0.582407  0.030069 0.200569 1 2 1.000000
0  0.768637 -7.557165 0.206885  0.263607 0.134415 0.955219  0.018079 0.210502 1 2 1.000000
recmag
0  0.768637 -7.557165 0.206885  0.263607 0.134415 0.955219  0.018079 0.210502 1 2 1.000000
0  0.893918 -7.555819 0.172124  0.266417 -0.128671 0.955231  0.018079 0.191250 1 2 1.000000
0  0.893290 -7.497309 0.147885  0.258743 0.585260 0.768455  0.023263 0.186956 1 2 1.000000
recmag
0  0.893918 -7.555819 0.172124  0.266417 -0.128671 0.955231  0.018079 0.191250 1 2 1.000000
0  0.768637 -7.557165 0.206885  0.263607 0.134415 0.955219  0.018079 0.210502 1 2 1.000000
0  0.769530 -7.640253 0.172468  0.271282 -0.579563 0.768448  0.006091 0.200569 1 2 1.000000
recmag
0  0.769530 -7.640253 0.172468  0.271282 -0.579563 0.768448  0.006091 0.200569 1 2 1.000000
0  0.894547 -7.614326 0.147885  0.273271 -0.765561 0.582442  0.012897 0.186956 1 2 1.000000
0  0.893918 -7.555819 0.172124  0.266417 -0.128671 0.955231  0.018079 0.191250 1 2 1.000000
recmag
0  0.894547 -7.614326 0.147885  0.273271 -0.765561 0.582442  0.012897 0.186956 1 2 1.000000
0  0.769530 -7.640253 0.172468  0.271282 -0.579563 0.768448  0.006091 0.200569 1 2 1.000000
0  0.769902 -7.674671 0.089375  0.275294 -0.952322 0.131513  0.001125 0.176589 1 2 1.000000
recmag
0  0.430180 -6.589857 0.545347  0.944389 0.059651 -0.323376  0.390913 0.347359 1 2 1.000000
0  0.469901 -6.628002 0.972181  0.995598 0.024552 -0.090455  0.388673 0.396057 1 2 1.000000
0  0.471282 -6.756329 0.952549  0.995598 0.024553 -0.090455  0.381495 0.382392 1 2 1.000000
recmag
0  0.471282 -6.756329 0.952549  0.995598 0.024553 -0.090455  0.381495 0.382392 1 2 1.000000
0  0.431280 -6.692072 0.529709  0.830246 0.093014 -0.549582  0.383734 0.341234 1 2 1.000000
0  0.430180 -6.589857 0.545347  0.944389 0.059651 -0.323376  0.390913 0.347359 1 2 1.000000
recmag
0  0.351850 -6.584259 0.474099  0.359876 0.144864 -0.921685  0.395371 0.339228 1 2 1.000000
0  0.430180 -6.589857 0.545347  0.944389 0.059651 -0.323376  0.390913 0.347359 1 2 1.000000
0  0.431280 -6.692072 0.529709  0.830246 0.093014 -0.549582  0.383734 0.341234 1 2 1.000000
recmag
0  0.431280 -6.692072 0.529709  0.830246 0.093014 -0.549582  0.383734 0.341234 1 2 1.000000
0  0.352903 -6.682117 0.459129  0.359869 0.144868 -0.921687  0.392420 0.326047 1 2 1.000000
0  0.351850 -6.584259 0.474099  0.359876 0.144864 -0.921685  0.395371 0.339228 1 2 1.000000
recmag
0  0.351850 -6.584259 0.474099  0.359876 0.144864 -0.921685  0.395371 0.339228 1 2 1.000000
0  0.352903 -6.682117 0.459129  0.359869 0.144868 -0.921687  0.392420 0.326047 1 2 1.000000
0  0.297063 -6.682720 0.459129  -0.362935 0.137094 -0.921674  0.401496 0.326047 1 2 1.000000
recmag
0  0.297063 -6.682720 0.459129  -0.362935 0.137094 -0.921674  0.401496 0.326047 1 2 1.000000
0  0.296011 -6.584858 0.474099  -0.362928 0.137087 -0.921678  0.398552 0.339228 1 2 1.000000
0  0.351850 -6.584259 0.474099  0.359876 0.144864 -0.921685  0.395371 0.339228 1 2 1.000000
recmag
0  0.217821 -6.592138 0.545347  -0.896098 0.057694 -0.440090  0.403010 0.347359 1 2 1.000000
0  0.296011 -6.584858 0.474099  -0.362928 0.137087 -0.921678  0.398552 0.339228 1 2 1.000000
0  0.297063 -6.682720 0.459129  -0.362935 0.137094 -0.921674  0.401496 0.326047 1 2 1.000000
recmag
0  0.297063 -6.682720 0.459129  -0.362935 0.137094 -0.921674  0.401496 0.326047 1 2 1.000000
0  0.218919 -6.694357 0.529709  -0.896089 0.057705 -0.440107  0.410189 0.341234 1 2 1.000000
0  0.217821 -6.592138 0.545347  -0.896098 0.057694 -0.440090  0.403010 0.347359 1 2 1.000000
recmag
0  0.217821 -6.592138 0.545347  -0.896098 0.057694 -0.440090  0.403010 0.347359 1 2 1.000000
0  0.218919 -6.694357 0.529709  -0.896089 0.057705 -0.440107  0.410189 0.341234 1 2 1.000000
0  0.180308 -6.759459 0.952549  -0.995895 0.003125 -0.090462  0.412428 0.382392 1 2 1.000000
recmag
0  0.180308 -6.759459 0.952549  -0.995895 0.003125 -0.090462  0.412428 0.382392 1 2 1.000000
0  0.178927 -6.631132 0.972181  -0.995895 0.003122 -0.090463  0.405250 0.396057 1 2 1.000000
0  0.217821 -6.592138 0.545347  -0.896098 0.057694 -0.440090  0.403010 0.347359 1 2 1.000000
recmag
0  -0.006783 -6.727036 0.961837  0.999942 0.010746 -0.000006  0.430492 0.373895 1 2 1.000000
0  -0.005471 -6.849089 1.194531  0.999942 0.010749 -0.000000  0.425420 0.393240 1 2 1.000000
0  -0.006379 -6.764750 0.987275  0.999943 0.010691 -0.000030  0.428925 0.376010 1 2 1.000000
recmag
0  -0.006783 -6.727036 0.961837  0.999942 0.010746 -0.000006  0.430492 0.373895 1 2 1.000000
0  -0.008386 -6.578102 3.010178  0.999942 0.010755 0.000000  0.436683 0.544183 1 2 1.000000
0  -0.005471 -6.849089 1.194531  0.999942 0.010749 -0.000000  0.425420 0.393240 1 2 1.000000
recmag
0  -0.008386 -6.578102 3.010178  0.999942 0.010755 0.000000  0.436683 0.544183 1 2 1.000000
0  -0.005402 -6.855553 3.010178  0.999942 0.010754 0.000000  0.425151 0.544183 1 2 1.000000
0  -0.005471 -6.849089 1.194531  0.999942 0.010749 -0.000000  0.425420 0.393240 1 2 1.000000
recmag
0  -0.005402 -6.855553 3.010178  0.999943 0.010674 0.000000  0.425151 0.544183 1 2 1.000000
0  -0.005402 -6.855553 1.239227  0.999943 0.010674 0.000000  0.425151 0.396956 1 2 1.000000
0  -0.005471 -6.849089 1.194531  0.999943 0.010674 0.000000  0.425420 0.393240 1 2 1.000000
recmag
0  -0.008386 -6.578102 0.961837  0.999942 0.010763 0.000000  0.436683 0.373895 1 2 1.000000
0  -0.008386 -6.578102 3.010178  0.999942 0.010755 0.000000  0.436683 0.544183 1 2 1.000000
0  -0.006783 -6.727036 0.961837  0.999942 0.010746 -0.000006  0.430492 0.373895 1 2 1.000000
recmag
0  0.855712 -6.740107 1.168806  0.999942 0.010732 -0.000011  0.496696 0.328269 1 2 1.000000
0  0.855011 -6.674852 1.141774  0.999942 0.010755 -0.000002  0.502018 0.323860 1 2 1.000000
0  0.856003 -6.767139 1.234065  0.999942 0.010748 0.000000  0.494492 0.338914 1 2 1.000000
recmag
0  0.855011 -6.674852 1.141774  0.999942 0.010755 -0.000002  0.502018 0.323860 1 2 1.000000
0  0.854018 -6.582567 1.234065  0.999942 0.010763 -0.000000  0.509544 0.338914 1 2 1.000000
0  0.856003 -6.767139 1.234065  0.999942 0.010748 0.000000  0.494492 0.338914 1 2 1.000000
recmag
0  0.854018 -6.582567 1.234065  0.999942 0.010763 -0.000000  0.509544 0.338914 1 2 1.000000
0  0.855011 -6.674852 1.326358  0.999942 0.010756 0.000002  0.502018 0.353968 1 2 1.000000
0  0.856003 -6.767139 1.234065  0.999942 0.010748 0.000000  0.494492 0.338914 1 2 1.000000
recmag
0  0.854018 -6.582567 1.234065  0.999942 0.010763 -0.000000  0.509544 0.338914 1 2 1.000000
0  0.854308 -6.609596 1.299324  0.999942 0.010782 0.000021  0.507339 0.349558 1 2 1.000000
0  0.855011 -6.674852 1.326358  0.999942 0.010756 0.000002  0.502018 0.353968 1 2 1.000000
recmag
0  0.855011 -6.674852 1.326358  0.999942 0.010756 0.000002  0.502018 0.353968 1 2 1.000000
0  0.855712 -6.740107 1.299324  0.999942 0.010735 0.000011  0.496696 0.349558 1 2 1.000000
0  0.856003 -6.767139 1.234065  0.999942 0.010748 0.000000  0.494492 0.338914 1 2 1.000000
recmag
0  0.855011 -6.674852 1.141774  0.999942 0.010755 -0.000002  0.502018 0.323860 1 2 1.000000
0  0.854308 -6.609596 1.168806  0.999942 0.010781 -0.000021  0.507339 0.328269 1 2 1.000000
0  0.854018 -6.582567 1.234065  0.999942 0.010763 -0.000000  0.509544 0.338914 1 2 1.000000
recmag
0  -0.184442 -6.778332 1.234065  -0.999942 -0.010729 0.000000  0.434542 0.338914 1 2 1.000000
0  -0.184732 -6.751303 1.299324  -0.999942 -0.010759 0.000003  0.432338 0.349558 1 2 1.000000
0  -0.184732 -6.751303 1.168806  -0.999942 -0.010759 -0.000003  0.432338 0.328269 1 2 1.000000
recmag
0  -0.184732 -6.751303 1.299324  -0.999942 -0.010759 0.000003  0.432338 0.349558 1 2 1.000000
0  -0.186137 -6.620792 1.299324  -0.999942 -0.010759 0.000003  0.421695 0.349558 1 2 1.000000
0  -0.184732 -6.751303 1.168806  -0.999942 -0.010759 -0.000003  0.432338 0.328269 1 2 1.000000
recmag
0  -0.186137 -6.620792 1.299324  -0.999942 -0.010759 0.000003  0.421695 0.349558 1 2 1.000000
0  -0.186137 -6.620792 1.168806  -0.999942 -0.010759 -0.000003  0.421695 0.328269 1 2 1.000000
0  -0.184732 -6.751303 1.168806  -0.999942 -0.010759 -0.000003  0.432338 0.328269 1 2 1.000000
recmag
0  -0.186137 -6.620792 1.299324  -0.999942 -0.010759 0.000003  0.421695 0.349558 1 2 1.000000
0  -0.186427 -6.593761 1.234064  -0.999942 -0.010728 0.000000  0.419490 0.338914 1 2 1.000000
0  -0.186137 -6.620792 1.168806  -0.999942 -0.010759 -0.000003  0.421695 0.328269 1 2 1.000000
recmag
0  -0.186137 -6.620792 1.168806  -0.999942 -0.010759 -0.000003  0.421695 0.328269 1 2 1.000000
0  -0.185434 -6.686047 1.141774  -0.999942 -0.010765 -0.000019  0.427016 0.323860 1 2 1.000000
0  -0.184732 -6.751303 1.168806  -0.999942 -0.010759 -0.000003  0.432338 0.328269 1 2 1.000000
recmag
0  -0.184732 -6.751303 1.299324  -0.999942 -0.010759 0.000003  0.432338 0.349558 1 2 1.000000
0  -0.185434 -6.686047 1.326355  -0.999942 -0.010765 0.000019  0.427016 0.353968 1 2 1.000000
0  -0.186137 -6.620792 1.299324  -0.999942 -0.010759 0.000003  0.421695 0.349558 1 2 1.000000
recmag
0  0.648980 -6.626076 0.972181  0.999942 0.010761 -0.000000  0.378471 0.396057 1 2 1.000000
0  0.650557 -6.772503 1.929451  0.999942 0.010754 -0.000002  0.378471 0.506444 1 2 1.000000
0  0.651937 -6.900829 1.909820  0.999942 0.010755 -0.000002  0.371292 0.492702 1 2 1.000000
recmag
0  0.651937 -6.900829 1.909820  0.999942 0.010755 -0.000002  0.371292 0.492702 1 2 1.000000
0  0.650361 -6.754400 0.952549  0.999942 0.010761 -0.000000  0.371292 0.382392 1 2 1.000000
0  0.648980 -6.626076 0.972181  0.999942 0.010761 -0.000000  0.378471 0.396057 1 2 1.000000
recmag
0  -0.000152 -6.633059 0.972181  -0.999942 -0.010761 0.000000  0.415452 0.396057 1 2 1.000000
0  0.001229 -6.761385 0.952549  -0.999942 -0.010761 0.000000  0.422630 0.382392 1 2 1.000000
0  0.002805 -6.907812 1.909820  -0.999942 -0.010761 0.000000  0.422630 0.492702 1 2 1.000000
recmag
0  0.002805 -6.907812 1.909820  -0.999942 -0.010761 0.000000  0.422630 0.492702 1 2 1.000000
0  0.001424 -6.779486 1.929451  -0.999942 -0.010761 0.000000  0.415452 0.506444 1 2 1.000000
0  -0.000152 -6.633059 0.972181  -0.999942 -0.010761 0.000000  0.415452 0.396057 1 2 1.000000
recmag
0  0.471282 -6.756329 0.952549  -0.001627 0.151209 -0.988501  0.381495 0.382392 1 2 1.000000
0  0.469901 -6.628002 0.972181  -0.001627 0.151206 -0.988501  0.388673 0.396057 1 2 1.000000
0  0.648980 -6.626076 0.972181  -0.001628 0.151210 -0.988500  0.378471 0.396057 1 2 1.000000
recmag
0  0.648980 -6.626076 0.972181  -0.001628 0.151210 -0.988500  0.378471 0.396057 1 2 1.000000
0  0.650361 -6.754400 0.952549  -0.001629 0.151212 -0.988500  0.371292 0.382392 1 2 1.000000
0  0.471282 -6.756329 0.952549  -0.001627 0.151209 -0.988501  0.381495 0.382392 1 2 1.000000
recmag
0  0.178927 -6.631132 0.972181  -0.001627 0.151209 -0.988501  0.405250 0.396057 1 2 1.000000
0  0.180308 -6.759459 0.952549  -0.001626 0.151208 -0.988501  0.412428 0.382392 1 2 1.000000
0  0.001229 -6.761385 0.952549  -0.001627 0.151209 -0.988501  0.422630 0.382392 1 2 1.000000
recmag
0  0.001229 -6.761385 0.952549  -0.001627 0.151209 -0.988501  0.422630 0.382392 1 2 1.000000
0  -0.000152 -6.633059 0.972181  -0.001627 0.151209 -0.988500  0.415452 0.396057 1 2 1.000000
0  0.178927 -6.631132 0.972181  -0.001627 0.151209 -0.988501  0.405250 0.396057 1 2 1.000000
recmag
0  0.351850 -6.584259 0.474099  -0.010692 0.995884 0.090004  0.395371 0.339228 1 2 1.000000
0  0.296011 -6.584858 0.474099  -0.010682 0.995882 0.090029  0.398552 0.339228 1 2 1.000000
0  0.217821 -6.592138 0.545347  -0.010702 0.995884 0.090003  0.403010 0.347359 1 2 1.000000
recmag
0  0.469901 -6.628002 0.972181  -0.010681 0.992635 0.120674  0.388673 0.396057 1 2 1.000000
0  0.351850 -6.584259 0.474099  -0.010692 0.995884 0.090004  0.395371 0.339228 1 2 1.000000
0  0.217821 -6.592138 0.545347  -0.010702 0.995884 0.090003  0.403010 0.347359 1 2 1.000000
recmag
0  0.469901 -6.628002 0.972181  -0.010681 0.992635 0.120674  0.388673 0.396057 1 2 1.000000
0  0.430180 -6.589857 0.545347  -0.010684 0.995885 0.089994  0.390913 0.347359 1 2 1.000000
0  0.351850 -6.584259 0.474099  -0.010692 0.995884 0.090004  0.395371 0.339228 1 2 1.000000
recmag
0  0.650557 -6.772503 1.929451  -0.010630 0.988444 0.151213  0.378471 0.506444 1 2 1.000000
0  0.648980 -6.626076 0.972181  -0.010630 0.988444 0.151213  0.378471 0.396057 1 2 1.000000
0  0.469901 -6.628002 0.972181  -0.010681 0.992635 0.120674  0.388673 0.396057 1 2 1.000000
recmag
0  0.471478 -6.774429 1.929451  -0.010631 0.988444 0.151213  0.388673 0.506444 1 2 1.000000
0  0.650557 -6.772503 1.929451  -0.010630 0.988444 0.151213  0.378471 0.506444 1 2 1.000000
0  0.469901 -6.628002 0.972181  -0.010681 0.992635 0.120674  0.388673 0.396057 1 2 1.000000
recmag
0  0.471478 -6.774429 1.929451  -0.010631 0.988444 0.151213  0.388673 0.506444 1 2 1.000000
0  0.469901 -6.628002 0.972181  -0.010681 0.992635 0.120674  0.388673 0.396057 1 2 1.000000
0  0.178927 -6.631132 0.972181  -0.010681 0.990659 0.135943  0.405250 0.396057 1 2 1.000000
recmag
0  0.469901 -6.628002 0.972181  -0.010681 0.992635 0.120674  0.388673 0.396057 1 2 1.000000
0  0.217821 -6.592138 0.545347  -0.010702 0.995884 0.090003  0.403010 0.347359 1 2 1.000000
0  0.178927 -6.631132 0.972181  -0.010681 0.990659 0.135943  0.405250 0.396057 1 2 1.000000
recmag
0  0.180503 -6.777559 1.929451  -0.010635 0.988444 0.151212  0.405250 0.506444 1 2 1.000000
0  -0.000152 -6.633059 0.972181  -0.010636 0.988444 0.151213  0.415452 0.396057 1 2 1.000000
0  0.001424 -6.779486 1.929451  -0.010638 0.988444 0.151213  0.415452 0.506444 1 2 1.000000
recmag
0  0.180503 -6.777559 1.929451  -0.010635 0.988444 0.151212  0.405250 0.506444 1 2 1.000000
0  0.178927 -6.631132 0.972181  -0.010681 0.990659 0.135943  0.405250 0.396057 1 2 1.000000
0  -0.000152 -6.633059 0.972181  -0.010636 0.988444 0.151213  0.415452 0.396057 1 2 1.000000
recmag
0  0.180503 -6.777559 1.929451  -0.010635 0.988444 0.151212  0.405250 0.506444 1 2 1.000000
0  0.471478 -6.774429 1.929451  -0.010631 0.988444 0.151213  0.388673 0.506444 1 2 1.000000
0  0.178927 -6.631132 0.972181  -0.010681 0.990659 0.135943  0.405250 0.396057 1 2 1.000000
recmag
0  0.212923 -5.926535 1.378572  -0.952095 -0.284597 -0.111889  0.238579 0.562545 1 2 1.000000
0  0.241554 -5.994095 1.394819  -0.891993 -0.418886 -0.169952  0.241682 0.572080 1 2 1.000000
0  0.242252 -6.058968 1.551051  -0.896065 -0.412409 -0.164278  0.255271 0.572080 1 2 1.000000
recmag
0  0.242252 -6.058968 1.551051  -0.896065 -0.412409 -0.164278  0.255271 0.572080 1 2 1.000000
0  0.213750 -6.003529 1.570930  -0.987870 -0.145579 -0.054024  0.255271 0.562545 1 2 1.000000
0  0.212923 -5.926535 1.378572  -0.952095 -0.284597 -0.111889  0.238579 0.562545 1 2 1.000000
recmag
0  0.211591 -5.802742 1.398376  -0.999942 -0.010755 -0.000004  0.236665 0.542052 1 2 1.000000
0  0.212923 -5.926535 1.378572  -0.952095 -0.284597 -0.111889  0.238579 0.562545 1 2 1.000000
0  0.213750 -6.003529 1.570930  -0.987870 -0.145579 -0.054024  0.255271 0.562545 1 2 1.000000
recmag
0  0.213750 -6.003529 1.570930  -0.987870 -0.145579 -0.054024  0.255271 0.562545 1 2 1.000000
0  0.212422 -5.880005 1.614995  -0.999942 -0.010751 0.000001  0.255271 0.542052 1 2 1.000000
0  0.211591 -5.802742 1.398376  -0.999942 -0.010755 -0.000004  0.236665 0.542052 1 2 1.000000
recmag
0  0.411175 -5.924404 1.378572  0.001143 -0.104293 -0.994546  0.240547 0.497365 1 2 1.000000
0  0.384005 -5.992561 1.394819  0.002507 -0.232826 -0.972515  0.246957 0.502320 1 2 1.000000
0  0.241554 -5.994095 1.394819  0.002504 -0.232816 -0.972517  0.246957 0.527618 1 2 1.000000
recmag
0  0.241554 -5.994095 1.394819  0.002504 -0.232816 -0.972517  0.246957 0.527618 1 2 1.000000
0  0.212923 -5.926535 1.378572  -0.000304 0.028166 -0.999603  0.240547 0.532574 1 2 1.000000
0  0.411175 -5.924404 1.378572  0.001143 -0.104293 -0.994546  0.240547 0.497365 1 2 1.000000
recmag
0  0.409844 -5.800608 1.398376  -0.001699 0.157948 -0.987446  0.229076 0.497365 1 2 1.000000
0  0.411175 -5.924404 1.378572  0.001143 -0.104293 -0.994546  0.240547 0.497365 1 2 1.000000
0  0.212923 -5.926535 1.378572  -0.000304 0.028166 -0.999603  0.240547 0.532574 1 2 1.000000
recmag
0  0.212923 -5.926535 1.378572  -0.000304 0.028166 -0.999603  0.240547 0.532574 1 2 1.000000
0  0.211591 -5.802742 1.398376  -0.001701 0.157950 -0.987446  0.229076 0.532574 1 2 1.000000
0  0.409844 -5.800608 1.398376  -0.001699 0.157948 -0.987446  0.229076 0.497365 1 2 1.000000
recmag
0  0.384005 -5.992561 1.394819  0.009957 -0.923488 -0.383498  0.246957 0.502320 1 2 1.000000
0  0.384703 -6.057430 1.551051  0.009972 -0.923493 -0.383486  0.261918 0.502320 1 2 1.000000
0  0.242252 -6.058968 1.551051  0.009960 -0.923489 -0.383496  0.261918 0.527618 1 2 1.000000
recmag
0  0.242252 -6.058968 1.551051  0.009960 -0.923489 -0.383496  0.261918 0.527618 1 2 1.000000
0  0.241554 -5.994095 1.394819  0.009945 -0.923484 -0.383508  0.246957 0.527618 1 2 1.000000
0  0.384005 -5.992561 1.394819  0.009957 -0.923488 -0.383498  0.246957 0.502320 1 2 1.000000
recmag
0  0.412005 -6.001398 1.570930  0.003612 -0.335940 0.941877  0.267171 0.497365 1 2 1.000000
0  0.410676 -5.877872 1.614995  0.003615 -0.335953 0.941872  0.278449 0.497365 1 2 1.000000
0  0.212422 -5.880005 1.614995  0.003612 -0.335956 0.941871  0.278449 0.532574 1 2 1.000000
recmag
0  0.212422 -5.880005 1.614995  0.003612 -0.335956 0.941871  0.278449 0.532574 1 2 1.000000
0  0.213750 -6.003529 1.570930  0.003616 -0.335929 0.941880  0.267171 0.532574 1 2 1.000000
0  0.412005 -6.001398 1.570930  0.003612 -0.335940 0.941877  0.267171 0.497365 1 2 1.000000
recmag
0  0.384703 -6.057430 1.551051  0.003614 -0.335913 0.941886  0.261918 0.502320 1 2 1.000000
0  0.412005 -6.001398 1.570930  0.003612 -0.335940 0.941877  0.267171 0.497365 1 2 1.000000
0  0.213750 -6.003529 1.570930  0.003616 -0.335929 0.941880  0.267171 0.532574 1 2 1.000000
recmag
0  0.213750 -6.003529 1.570930  0.003616 -0.335929 0.941880  0.267171 0.532574 1 2 1.000000
0  0.242252 -6.058968 1.551051  0.003628 -0.335878 0.941898  0.261918 0.527618 1 2 1.000000
0  0.384703 -6.057430 1.551051  0.003614 -0.335913 0.941886  0.261918 0.502320 1 2 1.000000
recmag
0  0.410676 -5.877872 1.614995  -0.010135 0.941820 0.335965  0.208942 0.497365 1 2 1.000000
0  0.409844 -5.800608 1.398376  -0.010137 0.941819 0.335968  0.229076 0.497365 1 2 1.000000
0  0.211591 -5.802742 1.398376  -0.010135 0.941820 0.335965  0.229076 0.532574 1 2 1.000000
recmag
0  0.211591 -5.802742 1.398376  -0.010135 0.941820 0.335965  0.229076 0.532574 1 2 1.000000
0  0.212422 -5.880005 1.614995  -0.010132 0.941821 0.335962  0.208942 0.532574 1 2 1.000000
0  0.410676 -5.877872 1.614995  -0.010135 0.941820 0.335965  0.208942 0.497365 1 2 1.000000
recmag
0  0.362236 -5.916771 1.577323  0.999942 0.010762 0.000004  0.256728 0.551230 1 2 1.000000
0  0.363153 -6.002075 1.878175  0.999942 0.010762 0.000004  0.281974 0.550201 1 2 1.000000
0  0.364261 -6.105024 1.878299  0.999942 0.010762 0.000004  0.284436 0.566078 1 2 1.000000
recmag
0  0.364261 -6.105024 1.878299  0.999942 0.010758 0.000001  0.284436 0.566078 1 2 1.000000
0  0.362967 -5.984713 1.555310  0.999942 0.010758 0.000001  0.256728 0.562750 1 2 1.000000
0  0.362236 -5.916771 1.577323  0.999942 0.010758 0.000001  0.256728 0.551230 1 2 1.000000
recmag
0  0.266657 -5.917799 1.577323  -0.999942 -0.010758 -0.000002  0.256728 0.551230 1 2 1.000000
0  0.267388 -5.985743 1.555310  -0.999942 -0.010758 -0.000001  0.256728 0.562750 1 2 1.000000
0  0.268682 -6.106054 1.878299  -0.999942 -0.010761 -0.000003  0.284436 0.566078 1 2 1.000000
recmag
0  0.268682 -6.106054 1.878299  -0.999942 -0.010761 -0.000003  0.284436 0.566078 1 2 1.000000
0  0.267574 -6.003103 1.878175  -0.999942 -0.010761 -0.000003  0.281974 0.550201 1 2 1.000000
0  0.266657 -5.917799 1.577323  -0.999942 -0.010758 -0.000002  0.256728 0.551230 1 2 1.000000
recmag
0  0.362967 -5.984713 1.555310  0.010097 -0.937038 -0.349082  0.256728 0.562750 1 2 1.000000
0  0.364261 -6.105024 1.878299  0.010097 -0.937038 -0.349082  0.284436 0.566078 1 2 1.000000
0  0.268682 -6.106054 1.878299  0.010097 -0.937038 -0.349082  0.284436 0.580697 1 2 1.000000
recmag
0  0.268682 -6.106054 1.878299  0.010098 -0.937039 -0.349079  0.284436 0.580697 1 2 1.000000
0  0.267388 -5.985743 1.555310  0.010098 -0.937039 -0.349079  0.256728 0.577370 1 2 1.000000
0  0.362967 -5.984713 1.555310  0.010098 -0.937039 -0.349079  0.256728 0.562750 1 2 1.000000
recmag
0  0.363153 -6.002075 1.878175  -0.010348 0.962014 0.272804  0.281974 0.550201 1 2 1.000000
0  0.362236 -5.916771 1.577323  -0.010348 0.962014 0.272804  0.256728 0.551230 1 2 1.000000
0  0.266657 -5.917799 1.577323  -0.010348 0.962014 0.272804  0.256728 0.536776 1 2 1.000000
recmag
0  0.266657 -5.917799 1.577323  -0.010342 0.962014 0.272804  0.256728 0.536776 1 2 1.000000
0  0.267574 -6.003103 1.878175  -0.010342 0.962014 0.272804  0.281974 0.535747 1 2 1.000000
0  0.363153 -6.002075 1.878175  -0.010342 0.962014 0.272804  0.281974 0.550201 1 2 1.000000
recmag
0  0.774003 -6.847164 1.239227  0.010732 -0.997368 -0.071702  0.654699 0.182608 1 2 1.000000
0  0.774003 -6.847164 3.010178  0.010766 -0.999942 0.000000  0.581405 0.182608 1 2 1.000000
0  0.658852 -6.848404 3.010178  0.010766 -0.999942 0.000000  0.581405 0.173073 1 2 1.000000
recmag
0  0.658852 -6.848404 3.010178  0.010766 -0.999942 0.000000  0.581405 0.173073 1 2 1.000000
0  0.658852 -6.848404 1.239227  0.010738 -0.997366 -0.071734  0.654699 0.173073 1 2 1.000000
0  0.774003 -6.847164 1.239227  0.010729 -0.997373 -0.071644  0.654699 0.182608 1 2 1.000000
recmag
0  0.774003 -6.847164 1.239227  0.010729 -0.997373 -0.071644  0.654699 0.182608 1 2 1.000000
0  0.658852 -6.848404 1.239227  0.010738 -0.997366 -0.071734  0.654699 0.173073 1 2 1.000000
0  0.658783 -6.841942 1.194531  0.010373 -0.965029 -0.261936  0.656564 0.173073 1 2 1.000000
recmag
0  0.658783 -6.841942 1.194531  0.010373 -0.965029 -0.261936  0.656564 0.173073 1 2 1.000000
0  0.773933 -6.840706 1.194531  0.010358 -0.965038 -0.261907  0.656564 0.182608 1 2 1.000000
0  0.774003 -6.847164 1.239227  0.010729 -0.997373 -0.071644  0.654699 0.182608 1 2 1.000000
recmag
0  0.773026 -6.756369 0.987275  0.008984 -0.835936 -0.548753  0.665825 0.182608 1 2 1.000000
0  0.773933 -6.840706 1.194531  0.010358 -0.965038 -0.261907  0.656564 0.182608 1 2 1.000000
0  0.658783 -6.841942 1.194531  0.010373 -0.965029 -0.261936  0.656564 0.173073 1 2 1.000000
recmag
0  0.658783 -6.841942 1.194531  0.010373 -0.965029 -0.261936  0.656564 0.173073 1 2 1.000000
0  0.657875 -6.757607 0.987275  0.007628 -0.708731 -0.705438  0.665825 0.173073 1 2 1.000000
0  0.773026 -6.756369 0.987275  0.008984 -0.835936 -0.548753  0.665825 0.182608 1 2 1.000000
recmag
0  0.772620 -6.718651 0.961837  0.004173 -0.387754 -0.921754  0.667736 0.182608 1 2 1.000000
0  0.773026 -6.756369 0.987275  0.008984 -0.835936 -0.548753  0.665825 0.182608 1 2 1.000000
0  0.657875 -6.757607 0.987275  0.007628 -0.708731 -0.705438  0.665825 0.173073 1 2 1.000000
recmag
0  0.657875 -6.757607 0.987275  0.007628 -0.708731 -0.705438  0.665825 0.173073 1 2 1.000000
0  0.657470 -6.719893 0.961837  0.002096 -0.193928 -0.981013  0.667736 0.173073 1 2 1.000000
0  0.772620 -6.718651 0.961837  0.004173 -0.387754 -0.921754  0.667736 0.182608 1 2 1.000000
recmag
0  0.770254 -6.498707 0.961837  0.000000 0.000000 -1.000000  0.676836 0.182608 1 2 1.000000
0  0.772620 -6.718651 0.961837  0.004173 -0.387754 -0.921754  0.667736 0.182608 1 2 1.000000
0  0.657470 -6.719893 0.961837  0.002096 -0.193928 -0.981013  0.667736 0.173073 1 2 1.000000
recmag
0  0.770254 -6.498707 0.961837  0.000000 0.000000 -1.000000  0.676836 0.182608 1 2 1.000000
0  0.657470 -6.719893 0.961837  0.002096 -0.193928 -0.981013  0.667736 0.173073 1 2 1.000000
0  0.655868 -6.570957 0.961837  0.000000 0.000000 -1.000000  0.673898 0.173073 1 2 1.000000
recmag
0  0.770254 -6.498707 0.961837  0.000000 0.000000 -1.000000  0.676836 0.182608 1 2 1.000000
0  0.655868 -6.570957 0.961837  0.000000 0.000000 -1.000000  0.673898 0.173073 1 2 1.000000
0  0.741699 -6.453621 0.961837  0.000000 0.000000 -1.000000  0.678713 0.180284 1 2 1.000000
recmag
0  0.655868 -6.570957 0.961837  0.000000 0.000000 -1.000000  0.673898 0.173073 1 2 1.000000
0  0.637532 -6.404312 0.961837  0.000000 0.000000 -1.000000  0.680870 0.171704 1 2 1.000000
0  0.741699 -6.453621 0.961837  0.000000 0.000000 -1.000000  0.678713 0.180284 1 2 1.000000
recmag
0  0.655868 -6.570957 0.961837  0.000000 0.000000 -1.000000  0.673898 0.173073 1 2 1.000000
0  0.006305 -6.411102 0.961837  0.000000 0.000000 -1.000000  0.680870 0.119438 1 2 1.000000
0  0.637532 -6.404312 0.961837  0.000000 0.000000 -1.000000  0.680870 0.171704 1 2 1.000000
recmag
0  0.655868 -6.570957 0.961837  0.000000 0.000000 -1.000000  0.673898 0.173073 1 2 1.000000
0  -0.008386 -6.578102 0.961837  0.000000 0.000000 -1.000000  0.673898 0.118073 1 2 1.000000
0  0.006305 -6.411102 0.961837  0.000000 0.000000 -1.000000  0.680870 0.119438 1 2 1.000000
recmag
0  -0.008386 -6.578102 0.961837  0.000000 0.000000 -1.000000  0.673898 0.118073 1 2 1.000000
0  -0.096720 -6.462645 0.961837  0.000001 0.000000 -1.000000  0.678713 0.110862 1 2 1.000000
0  0.006305 -6.411102 0.961837  0.000000 0.000000 -1.000000  0.680870 0.119438 1 2 1.000000
recmag
0  -0.008386 -6.578102 0.961837  0.000000 0.000000 -1.000000  0.673898 0.118073 1 2 1.000000
0  -0.124299 -6.508327 0.961837  0.000000 0.000000 -1.000000  0.676836 0.108538 1 2 1.000000
0  -0.096720 -6.462645 0.961837  0.000001 0.000000 -1.000000  0.678713 0.110862 1 2 1.000000
recmag
0  -0.008386 -6.578102 0.961837  0.000000 0.000000 -1.000000  0.673898 0.118073 1 2 1.000000
0  -0.006783 -6.727036 0.961837  0.002055 -0.193970 -0.981005  0.667736 0.118073 1 2 1.000000
0  -0.124299 -6.508327 0.961837  0.000000 0.000000 -1.000000  0.676836 0.108538 1 2 1.000000
recmag
0  -0.006783 -6.727036 0.961837  0.002055 -0.193970 -0.981005  0.667736 0.118073 1 2 1.000000
0  -0.121933 -6.728275 0.961837  0.004080 -0.387646 -0.921799  0.667736 0.108538 1 2 1.000000
0  -0.124299 -6.508327 0.961837  0.000000 0.000000 -1.000000  0.676836 0.108538 1 2 1.000000
recmag
0  -0.121933 -6.728275 0.961837  0.004080 -0.387646 -0.921799  0.667736 0.108538 1 2 1.000000
0  -0.006783 -6.727036 0.961837  0.002055 -0.193970 -0.981005  0.667736 0.118073 1 2 1.000000
0  -0.006379 -6.764750 0.987275  0.007650 -0.708729 -0.705439  0.665825 0.118073 1 2 1.000000
recmag
0  -0.006379 -6.764750 0.987275  0.007650 -0.708729 -0.705439  0.665825 0.118073 1 2 1.000000
0  -0.121528 -6.765987 0.987275  0.008981 -0.835925 -0.548770  0.665825 0.108538 1 2 1.000000
0  -0.121933 -6.728275 0.961837  0.004080 -0.387646 -0.921799  0.667736 0.108538 1 2 1.000000
recmag
0  -0.121528 -6.765987 0.987275  0.008981 -0.835925 -0.548770  0.665825 0.108538 1 2 1.000000
0  -0.006379 -6.764750 0.987275  0.007650 -0.708729 -0.705439  0.665825 0.118073 1 2 1.000000
0  -0.005471 -6.849089 1.194531  0.010373 -0.965019 -0.261975  0.656564 0.118073 1 2 1.000000
recmag
0  -0.005471 -6.849089 1.194531  0.010373 -0.965019 -0.261975  0.656564 0.118073 1 2 1.000000
0  -0.120620 -6.850327 1.194531  0.010374 -0.965020 -0.261973  0.656565 0.108538 1 2 1.000000
0  -0.121528 -6.765987 0.987275  0.008981 -0.835925 -0.548770  0.665825 0.108538 1 2 1.000000
recmag
0  -0.120553 -6.856791 1.239227  0.010721 -0.997365 -0.071756  0.654699 0.108538 1 2 1.000000
0  -0.120620 -6.850327 1.194531  0.010374 -0.965020 -0.261973  0.656565 0.108538 1 2 1.000000
0  -0.005471 -6.849089 1.194531  0.010373 -0.965019 -0.261975  0.656564 0.118073 1 2 1.000000
recmag
0  -0.005471 -6.849089 1.194531  0.010373 -0.965019 -0.261975  0.656564 0.118073 1 2 1.000000
0  -0.005402 -6.855553 1.239227  0.010722 -0.997364 -0.071759  0.654699 0.118073 1 2 1.000000
0  -0.120553 -6.856791 1.239227  0.010721 -0.997365 -0.071756  0.654699 0.108538 1 2 1.000000
recmag
0  -0.120553 -6.856791 1.239227  0.010721 -0.997365 -0.071756  0.654699 0.108538 1 2 1.000000
0  -0.005402 -6.855553 1.239227  0.010722 -0.997364 -0.071759  0.654699 0.118073 1 2 1.000000
0  -0.005402 -6.855553 3.010178  0.010733 -0.999942 0.000001  0.581405 0.118073 1 2 1.000000
recmag
0  -0.005402 -6.855553 3.010178  0.010733 -0.999942 0.000001  0.581405 0.118073 1 2 1.000000
0  -0.120553 -6.856789 3.010178  0.010733 -0.999942 0.000001  0.581405 0.108538 1 2 1.000000
0  -0.120553 -6.856791 1.239227  0.010721 -0.997365 -0.071756  0.654699 0.108538 1 2 1.000000
recmag
0  0.409844 -5.800608 1.398376  0.999942 0.010755 -0.000008  0.236665 0.542052 1 2 1.000000
0  0.410676 -5.877872 1.614995  0.999942 0.010759 -0.000003  0.255271 0.542052 1 2 1.000000
0  0.412005 -6.001398 1.570930  0.990771 -0.124312 -0.054026  0.255271 0.562545 1 2 1.000000
recmag
0  0.412005 -6.001398 1.570930  0.990771 -0.124312 -0.054026  0.255271 0.562545 1 2 1.000000
0  0.411175 -5.924404 1.378572  0.957996 -0.264053 -0.111894  0.238579 0.562545 1 2 1.000000
0  0.409844 -5.800608 1.398376  0.999942 0.010755 -0.000008  0.236665 0.542052 1 2 1.000000
recmag
0  0.411175 -5.924404 1.378572  0.957996 -0.264053 -0.111894  0.238579 0.562545 1 2 1.000000
0  0.412005 -6.001398 1.570930  0.990771 -0.124312 -0.054026  0.255271 0.562545 1 2 1.000000
0  0.384703 -6.057430 1.551051  0.904717 -0.393062 -0.164285  0.255271 0.572080 1 2 1.000000
recmag
0  0.384703 -6.057430 1.551051  0.904717 -0.393062 -0.164285  0.255271 0.572080 1 2 1.000000
0  0.384005 -5.992561 1.394819  0.900797 -0.399605 -0.169942  0.241682 0.572080 1 2 1.000000
0  0.411175 -5.924404 1.378572  0.957996 -0.264053 -0.111894  0.238579 0.562545 1 2 1.000000
recmag
0  0.655868 -6.570957 0.961837  -0.999942 -0.010755 0.000000  0.464223 0.373895 1 2 1.000000
0  0.657470 -6.719893 0.961837  -0.999942 -0.010751 0.000003  0.470452 0.373895 1 2 1.000000
0  0.655868 -6.570957 3.010178  -0.999942 -0.010757 0.000000  0.464223 0.544183 1 2 1.000000
recmag
0  0.657470 -6.719893 0.961837  -0.999942 -0.010751 0.000003  0.470452 0.373895 1 2 1.000000
0  0.658783 -6.841942 1.194531  -0.999942 -0.010757 0.000001  0.475524 0.393240 1 2 1.000000
0  0.655868 -6.570957 3.010178  -0.999942 -0.010757 0.000000  0.464223 0.544183 1 2 1.000000
recmag
0  0.658783 -6.841942 1.194531  -0.999943 -0.010712 -0.000000  0.475524 0.393240 1 2 1.000000
0  0.658852 -6.848404 3.010178  -0.999942 -0.010754 -0.000000  0.475793 0.544183 1 2 1.000000
0  0.655868 -6.570957 3.010178  -0.999942 -0.010754 -0.000000  0.464223 0.544183 1 2 1.000000
recmag
0  0.658783 -6.841942 1.194531  -0.999943 -0.010712 -0.000000  0.475524 0.393240 1 2 1.000000
0  0.658852 -6.848404 1.239227  -0.999943 -0.010666 0.000000  0.475793 0.396956 1 2 1.000000
0  0.658852 -6.848404 3.010178  -0.999942 -0.010754 -0.000000  0.475793 0.544183 1 2 1.000000
recmag
0  0.657470 -6.719893 0.961837  -0.999942 -0.010751 0.000003  0.470452 0.373895 1 2 1.000000
0  0.657875 -6.757607 0.987275  -0.999942 -0.010730 0.000015  0.472019 0.376010 1 2 1.000000
0  0.658783 -6.841942 1.194531  -0.999942 -0.010757 0.000001  0.475524 0.393240 1 2 1.000000
recmag
0  0.612641 -4.090111 0.431625  0.948594 0.010248 -0.316330  0.595214 0.329816 1 2 1.000000
0  0.614917 -4.301735 0.431625  0.970066 0.010481 -0.242615  0.586418 0.329816 1 2 1.000000
0  0.630586 -5.758463 0.431625  0.894370 0.009577 -0.447224  0.525871 0.329816 1 2 1.000000
recmag
0  0.608285 -3.685122 0.891812  0.999942 0.010758 -0.000002  0.612047 0.368074 1 2 1.000000
0  0.609620 -3.809158 0.891812  0.999942 0.010761 -0.000006  0.606892 0.368074 1 2 1.000000
0  0.613018 -4.125193 0.489717  0.999942 0.010753 0.000004  0.593756 0.334646 1 2 1.000000
recmag
0  0.612641 -4.090111 0.431625  0.948732 0.010208 -0.315916  0.595214 0.329816 1 2 1.000000
0  0.608285 -3.685122 0.891812  0.999942 0.010758 -0.000002  0.612047 0.368074 1 2 1.000000
0  0.613018 -4.125193 0.489717  0.999942 0.010753 0.000004  0.593756 0.334646 1 2 1.000000
recmag
0  0.612641 -4.090111 0.431625  0.948732 0.010208 -0.315916  0.595214 0.329816 1 2 1.000000
0  0.613018 -4.125193 0.489717  0.999942 0.010753 0.000004  0.593756 0.334646 1 2 1.000000
0  0.614917 -4.301735 0.431625  0.970161 0.010443 -0.242238  0.586418 0.329816 1 2 1.000000
recmag
0  0.614917 -4.301735 0.431625  0.970161 0.010447 -0.242239  0.586418 0.329816 1 2 1.000000
0  0.614459 -4.259125 0.373089  0.999942 0.010755 0.000005  0.588189 0.324950 1 2 1.000000
0  0.612641 -4.090111 0.431625  0.948732 0.010210 -0.315916  0.595214 0.329816 1 2 1.000000
recmag
0  0.631259 -5.821030 0.373089  0.999942 0.010758 -0.000002  0.523270 0.324950 1 2 1.000000
0  0.614459 -4.259125 0.373089  0.999942 0.010755 0.000005  0.588189 0.324950 1 2 1.000000
0  0.614917 -4.301735 0.431625  0.970161 0.010447 -0.242239  0.586418 0.329816 1 2 1.000000
recmag
0  0.614917 -4.301735 0.431625  0.970161 0.010447 -0.242239  0.586418 0.329816 1 2 1.000000
0  0.630586 -5.758463 0.431625  0.894369 0.009669 -0.447225  0.525871 0.329816 1 2 1.000000
0  0.631259 -5.821030 0.373089  0.999942 0.010758 -0.000002  0.523270 0.324950 1 2 1.000000
recmag
0  0.631259 -5.821030 0.373089  0.999942 0.010758 -0.000002  0.523270 0.324950 1 2 1.000000
0  0.630586 -5.758463 0.431625  0.894369 0.009669 -0.447225  0.525871 0.329816 1 2 1.000000
0  0.632480 -5.934465 0.510715  0.999942 0.010757 -0.000001  0.518555 0.336391 1 2 1.000000
recmag
0  0.632888 -5.972397 0.448778  0.999942 0.010757 -0.000001  0.516979 0.331243 1 2 1.000000
0  0.631259 -5.821030 0.373089  0.999942 0.010758 -0.000002  0.523270 0.324950 1 2 1.000000
0  0.632480 -5.934465 0.510715  0.999942 0.010757 -0.000001  0.518555 0.336391 1 2 1.000000
recmag
0  0.635719 -6.235695 0.961837  0.999942 0.010752 -0.000002  0.506035 0.373895 1 2 1.000000
0  0.632888 -5.972397 0.448778  0.999942 0.010757 -0.000001  0.516979 0.331243 1 2 1.000000
0  0.632480 -5.934465 0.510715  0.999942 0.010757 -0.000001  0.518555 0.336391 1 2 1.000000
recmag
0  0.635719 -6.235695 0.961837  0.999942 0.010752 -0.000002  0.506035 0.373895 1 2 1.000000
0  0.637532 -6.404312 0.961837  0.999942 0.010750 -0.000002  0.499026 0.373895 1 2 1.000000
0  0.632888 -5.972397 0.448778  0.999942 0.010757 -0.000001  0.516979 0.331243 1 2 1.000000
recmag
0  0.635719 -6.235695 0.961837  0.999942 0.010752 -0.000002  0.506035 0.373895 1 2 1.000000
0  0.636714 -6.328133 1.199900  0.999942 0.010741 -0.000001  0.502193 0.393686 1 2 1.000000
0  0.637532 -6.404312 0.961837  0.999942 0.010750 -0.000002  0.499026 0.373895 1 2 1.000000
recmag
0  0.636714 -6.328133 1.199900  0.999942 0.010741 -0.000001  0.502193 0.393686 1 2 1.000000
0  0.636714 -6.328133 1.601326  0.999942 0.010741 0.000000  0.502193 0.427059 1 2 1.000000
0  0.637532 -6.404312 0.961837  0.999942 0.010750 -0.000002  0.499026 0.373895 1 2 1.000000
recmag
0  0.636714 -6.328133 1.601326  0.999942 0.010741 0.000000  0.502193 0.427059 1 2 1.000000
0  0.637532 -6.404312 3.010178  0.999942 0.010752 0.000001  0.499026 0.544183 1 2 1.000000
0  0.637532 -6.404312 0.961837  0.999942 0.010750 -0.000002  0.499026 0.373895 1 2 1.000000
recmag
0  0.636714 -6.328133 1.601326  0.999942 0.010741 0.000000  0.502193 0.427059 1 2 1.000000
0  0.635562 -6.221098 1.812619  0.999942 0.010759 0.000001  0.506642 0.444624 1 2 1.000000
0  0.637532 -6.404312 3.010178  0.999942 0.010752 0.000001  0.499026 0.544183 1 2 1.000000
recmag
0  0.635562 -6.221098 1.812619  0.999942 0.010755 0.000001  0.506642 0.444624 1 2 1.000000
0  0.607924 -3.651497 3.010178  0.999942 0.010755 0.000001  0.613445 0.544183 1 2 1.000000
0  0.637532 -6.404312 3.010178  0.999942 0.010755 0.000000  0.499026 0.544183 1 2 1.000000
recmag
0  0.635562 -6.221098 1.812619  0.999942 0.010755 0.000001  0.506642 0.444624 1 2 1.000000
0  0.611690 -4.001553 1.812619  0.999942 0.010757 0.000000  0.598895 0.444624 1 2 1.000000
0  0.607924 -3.651497 3.010178  0.999942 0.010755 0.000001  0.613445 0.544183 1 2 1.000000
recmag
0  0.607924 -3.651497 3.010178  0.999942 0.010755 0.000001  0.613445 0.544183 1 2 1.000000
0  0.611690 -4.001553 1.812619  0.999942 0.010757 0.000000  0.598895 0.444624 1 2 1.000000
0  0.609943 -3.839182 1.723927  0.999942 0.010758 -0.000000  0.605644 0.437251 1 2 1.000000
recmag
0  0.607924 -3.651497 3.010178  0.999942 0.010755 0.000001  0.613445 0.544183 1 2 1.000000
0  0.609943 -3.839182 1.723927  0.999942 0.010758 -0.000000  0.605644 0.437251 1 2 1.000000
0  0.609147 -3.765213 1.559131  0.999942 0.010757 -0.000000  0.608718 0.423551 1 2 1.000000
recmag
0  0.607924 -3.651497 3.010178  0.999942 0.010755 0.000001  0.613445 0.544183 1 2 1.000000
0  0.609147 -3.765213 1.559131  0.999942 0.010757 -0.000000  0.608718 0.423551 1 2 1.000000
0  0.609147 -3.765213 1.005246  0.999942 0.010762 -0.000000  0.608718 0.377504 1 2 1.000000
recmag
0  0.608285 -3.685122 0.891812  0.999942 0.010758 -0.000002  0.612047 0.368074 1 2 1.000000
0  0.607924 -3.651497 3.010178  0.999942 0.010755 0.000001  0.613445 0.544183 1 2 1.000000
0  0.609147 -3.765213 1.005246  0.999942 0.010762 -0.000000  0.608718 0.377504 1 2 1.000000
recmag
0  0.608285 -3.685122 0.891812  0.999942 0.010758 -0.000002  0.612047 0.368074 1 2 1.000000
0  0.609147 -3.765213 1.005246  0.999942 0.010762 -0.000000  0.608718 0.377504 1 2 1.000000
0  0.609620 -3.809158 0.891812  0.999942 0.010761 -0.000006  0.606892 0.368074 1 2 1.000000
recmag
0  0.608285 -3.685122 0.891812  0.999942 0.010758 -0.000002  0.612047 0.368074 1 2 1.000000
0  0.607924 -3.651497 0.978606  0.999942 0.010735 0.000000  0.613445 0.375289 1 2 1.000000
0  0.607924 -3.651497 3.010178  0.999942 0.010755 0.000001  0.613445 0.544183 1 2 1.000000
recmag
0  0.770254 -6.498707 0.961837  0.981387 0.192042 -0.000000  0.491963 0.373895 1 2 1.000000
0  0.773026 -6.756369 0.987275  0.999942 0.010757 -0.000002  0.481254 0.376010 1 2 1.000000
0  0.772620 -6.718651 0.961837  0.999942 0.010757 -0.000008  0.482821 0.373895 1 2 1.000000
recmag
0  0.773026 -6.756369 0.987275  0.999942 0.010757 -0.000002  0.481254 0.376010 1 2 1.000000
0  0.774003 -6.847164 1.239227  0.999942 0.010756 -0.000002  0.477480 0.396956 1 2 1.000000
0  0.773933 -6.840706 1.194531  0.999943 0.010702 -0.000020  0.477749 0.393240 1 2 1.000000
recmag
0  0.770254 -6.498707 3.010178  0.973041 0.230632 0.000125  0.491963 0.544183 1 2 1.000000
0  0.774003 -6.847164 1.239227  0.999942 0.010756 -0.000002  0.477480 0.396956 1 2 1.000000
0  0.773026 -6.756369 0.987275  0.999942 0.010757 -0.000002  0.481254 0.376010 1 2 1.000000
recmag
0  0.770254 -6.498707 0.961837  0.981387 0.192042 -0.000000  0.491963 0.373895 1 2 1.000000
0  0.770254 -6.498707 3.010178  0.973041 0.230632 0.000125  0.491963 0.544183 1 2 1.000000
0  0.773026 -6.756369 0.987275  0.999942 0.010757 -0.000002  0.481254 0.376010 1 2 1.000000
recmag
0  0.770254 -6.498707 3.010178  0.973041 0.230632 0.000125  0.491963 0.544183 1 2 1.000000
0  0.770254 -6.498707 0.961837  0.981387 0.192042 -0.000000  0.491963 0.373895 1 2 1.000000
0  0.741699 -6.453621 0.961837  0.729316 0.684177 0.000065  0.494357 0.373895 1 2 1.000000
recmag
0  0.741699 -6.453621 0.961837  0.729316 0.684177 0.000065  0.494357 0.373895 1 2 1.000000
0  0.741116 -6.453629 3.010178  0.585625 0.810582 0.000078  0.494357 0.544183 1 2 1.000000
0  0.770254 -6.498707 3.010178  0.973041 0.230632 0.000125  0.491963 0.544183 1 2 1.000000
recmag
0  0.741116 -6.453629 3.010178  0.585625 0.810582 0.000078  0.494357 0.544183 1 2 1.000000
0  0.741699 -6.453621 0.961837  0.729316 0.684177 0.000065  0.494357 0.373895 1 2 1.000000
0  0.637532 -6.404312 0.961837  0.428873 0.903365 0.000060  0.499026 0.373895 1 2 1.000000
recmag
0  0.637532 -6.404312 0.961837  0.428873 0.903365 0.000060  0.499026 0.373895 1 2 1.000000
0  0.637532 -6.404312 3.010178  0.429870 0.902891 0.000000  0.499026 0.544183 1 2 1.000000
0  0.741116 -6.453629 3.010178  0.585625 0.810582 0.000078  0.494357 0.544183 1 2 1.000000
recmag
0  0.770254 -6.498707 3.010178  0.973041 0.230632 0.000125  0.491963 0.544183 1 2 1.000000
0  0.774003 -6.847164 3.010178  0.999942 0.010758 0.000000  0.477480 0.544183 1 2 1.000000
0  0.774003 -6.847164 1.239227  0.999942 0.010756 -0.000002  0.477480 0.396956 1 2 1.000000
recmag
0  -0.121528 -6.765987 0.987275  -0.999942 -0.010756 -0.000007  0.481254 0.376010 1 2 1.000000
0  -0.120620 -6.850327 1.194531  -0.999940 -0.010986 -0.000090  0.477749 0.393240 1 2 1.000000
0  -0.120553 -6.856791 1.239227  -0.999942 -0.010758 -0.000007  0.477480 0.396956 1 2 1.000000
recmag
0  -0.124299 -6.508327 0.961837  -0.985293 0.170873 -0.000001  0.491963 0.373895 1 2 1.000000
0  -0.121933 -6.728275 0.961837  -0.999942 -0.010757 -0.000027  0.482821 0.373895 1 2 1.000000
0  -0.121528 -6.765987 0.987275  -0.999942 -0.010756 -0.000007  0.481254 0.376010 1 2 1.000000
recmag
0  -0.124299 -6.508327 0.961837  -0.985293 0.170873 -0.000001  0.491963 0.373895 1 2 1.000000
0  -0.121528 -6.765987 0.987275  -0.999942 -0.010756 -0.000007  0.481254 0.376010 1 2 1.000000
0  -0.124299 -6.508327 3.010178  -0.977784 0.209614 0.000046  0.491963 0.544183 1 2 1.000000
recmag
0  -0.121528 -6.765987 0.987275  -0.999942 -0.010756 -0.000007  0.481254 0.376010 1 2 1.000000
0  -0.120553 -6.856791 1.239227  -0.999942 -0.010758 -0.000007  0.477480 0.396956 1 2 1.000000
0  -0.124299 -6.508327 3.010178  -0.977784 0.209614 0.000046  0.491963 0.544183 1 2 1.000000
recmag
0  -0.120553 -6.856791 1.239227  -0.999942 -0.010758 -0.000007  0.477480 0.396956 1 2 1.000000
0  -0.120553 -6.856789 3.010178  -0.999942 -0.010749 0.000000  0.477480 0.544183 1 2 1.000000
0  -0.124299 -6.508327 3.010178  -0.977784 0.209614 0.000046  0.491963 0.544183 1 2 1.000000
recmag
0  -0.096137 -6.462635 3.010178  -0.603089 0.797674 0.000130  0.494357 0.544183 1 2 1.000000
0  0.006305 -6.411102 3.010178  -0.449390 0.893335 0.000000  0.499026 0.544183 1 2 1.000000
0  0.006305 -6.411102 0.961837  -0.447497 0.894286 0.000119  0.499026 0.373895 1 2 1.000000
recmag
0  0.006305 -6.411102 0.961837  -0.447497 0.894286 0.000119  0.499026 0.373895 1 2 1.000000
0  -0.096720 -6.462645 0.961837  -0.743888 0.668305 0.000068  0.494357 0.373895 1 2 1.000000
0  -0.096137 -6.462635 3.010178  -0.603089 0.797674 0.000130  0.494357 0.544183 1 2 1.000000
recmag
0  -0.124299 -6.508327 3.010178  -0.977784 0.209614 0.000046  0.491963 0.544183 1 2 1.000000
0  -0.096137 -6.462635 3.010178  -0.603089 0.797674 0.000130  0.494357 0.544183 1 2 1.000000
0  -0.096720 -6.462645 0.961837  -0.743888 0.668305 0.000068  0.494357 0.373895 1 2 1.000000
recmag
0  -0.096720 -6.462645 0.961837  -0.743888 0.668305 0.000068  0.494357 0.373895 1 2 1.000000
0  -0.124299 -6.508327 0.961837  -0.985293 0.170873 -0.000001  0.491963 0.373895 1 2 1.000000
0  -0.124299 -6.508327 3.010178  -0.977784 0.209614 0.000046  0.491963 0.544183 1 2 1.000000
recmag
0  0.149860 -5.013496 0.679901  0.000000 0.000000 -1.000000  0.309131 0.582887 1 2 1.000000
0  0.264325 -5.179255 0.679901  0.000000 0.000000 -1.000000  0.301044 0.558350 1 2 1.000000
0  0.151073 -5.126390 0.679901  0.000000 0.000000 -1.000000  0.309131 0.566113 1 2 1.000000
recmag
0  0.350159 -5.178331 0.679901  0.000000 0.000000 -1.000000  0.294883 0.558350 1 2 1.000000
0  0.264325 -5.179255 0.679901  0.000000 0.000000 -1.000000  0.301044 0.558350 1 2 1.000000
0  0.149860 -5.013496 0.679901  0.000000 0.000000 -1.000000  0.309131 0.582887 1 2 1.000000
recmag
0  0.149860 -5.013496 0.679901  0.000000 0.000000 -1.000000  0.309131 0.582887 1 2 1.000000
0  0.461031 -5.010149 0.679901  0.000000 0.000000 -1.000000  0.286796 0.582887 1 2 1.000000
0  0.350159 -5.178331 0.679901  0.000000 0.000000 -1.000000  0.294883 0.558350 1 2 1.000000
recmag
0  0.461031 -5.010149 0.679901  0.000000 0.000000 -1.000000  0.286796 0.582887 1 2 1.000000
0  0.462246 -5.123041 0.679901  0.000000 0.000000 -1.000000  0.286796 0.566113 1 2 1.000000
0  0.350159 -5.178331 0.679901  0.000000 0.000000 -1.000000  0.294883 0.558350 1 2 1.000000
recmag
0  0.190091 -5.154625 0.431625  -0.000000 0.000000 1.000000  0.474031 0.155374 1 2 1.000000
0  0.630586 -5.758463 0.431625  -0.000639 0.059471 0.998230  0.448842 0.119442 1 2 1.000000
0  0.236850 -5.202408 0.431625  -0.000003 0.000000 1.000000  0.472033 0.151545 1 2 1.000000
recmag
0  0.190091 -5.154625 0.431625  -0.000000 0.000000 1.000000  0.474031 0.155374 1 2 1.000000
0  0.180965 -4.306404 0.431625  0.001702 -0.158259 0.987396  0.509144 0.155374 1 2 1.000000
0  -0.016314 -4.308525 0.431625  0.001702 -0.158268 0.987395  0.509144 0.171709 1 2 1.000000
recmag
0  0.190091 -5.154625 0.431625  -0.000000 0.000000 1.000000  0.474031 0.155374 1 2 1.000000
0  -0.016314 -4.308525 0.431625  0.001702 -0.158268 0.987395  0.509144 0.171709 1 2 1.000000
0  -0.000643 -5.765251 0.431625  -0.002255 0.209574 0.977790  0.448842 0.171709 1 2 1.000000
recmag
0  0.190091 -5.154625 0.431625  -0.000000 0.000000 1.000000  0.474031 0.155374 1 2 1.000000
0  -0.000643 -5.765251 0.431625  -0.002255 0.209574 0.977790  0.448842 0.171709 1 2 1.000000
0  0.630586 -5.758463 0.431625  -0.000639 0.059471 0.998230  0.448842 0.119442 1 2 1.000000
recmag
0  0.632480 -5.934465 0.510715  -0.008142 0.747626 0.664070  0.440897 0.119443 1 2 1.000000
0  0.630586 -5.758463 0.431625  -0.000639 0.059471 0.998230  0.448842 0.119442 1 2 1.000000
0  -0.000643 -5.765251 0.431625  -0.002255 0.209574 0.977790  0.448842 0.171709 1 2 1.000000
recmag
0  -0.000643 -5.765251 0.431625  -0.002255 0.209574 0.977790  0.448842 0.171709 1 2 1.000000
0  0.001251 -5.941256 0.510715  -0.008070 0.765831 0.642992  0.440897 0.171709 1 2 1.000000
0  0.632480 -5.934465 0.510715  -0.008142 0.747626 0.664070  0.440897 0.119443 1 2 1.000000
recmag
0  0.319151 -6.221136 0.934936  -0.008945 0.831568 0.555350  0.419783 0.145639 1 2 1.000000
0  0.635719 -6.235695 0.961837  -0.009248 0.860562 0.509262  0.418444 0.119443 1 2 1.000000
0  0.389198 -6.199142 0.903136  -0.008953 0.831557 0.555368  0.421365 0.139820 1 2 1.000000
recmag
0  0.635719 -6.235695 0.961837  -0.009248 0.860562 0.509262  0.418444 0.119443 1 2 1.000000
0  0.632480 -5.934465 0.510715  -0.008142 0.747626 0.664070  0.440897 0.119443 1 2 1.000000
0  0.389198 -6.199142 0.903136  -0.008953 0.831557 0.555368  0.421365 0.139820 1 2 1.000000
recmag
0  0.632480 -5.934465 0.510715  -0.008142 0.747626 0.664070  0.440897 0.119443 1 2 1.000000
0  0.434896 -6.143051 0.819874  -0.009518 0.831768 0.555042  0.425510 0.135987 1 2 1.000000
0  0.389198 -6.199142 0.903136  -0.008953 0.831557 0.555368  0.421365 0.139820 1 2 1.000000
recmag
0  0.632480 -5.934465 0.510715  -0.008142 0.747626 0.664070  0.440897 0.119443 1 2 1.000000
0  0.433683 -6.030298 0.650782  -0.009588 0.831564 0.555346  0.433922 0.135987 1 2 1.000000
0  0.434896 -6.143051 0.819874  -0.009518 0.831768 0.555042  0.425510 0.135987 1 2 1.000000
recmag
0  0.632480 -5.934465 0.510715  -0.008142 0.747626 0.664070  0.440897 0.119443 1 2 1.000000
0  0.386789 -5.975201 0.567753  -0.008826 0.831327 0.555713  0.438058 0.139820 1 2 1.000000
0  0.433683 -6.030298 0.650782  -0.009588 0.831564 0.555346  0.433922 0.135987 1 2 1.000000
recmag
0  0.632480 -5.934465 0.510715  -0.008142 0.747626 0.664070  0.440897 0.119443 1 2 1.000000
0  0.316285 -5.954720 0.535952  -0.008946 0.831583 0.555328  0.439641 0.145639 1 2 1.000000
0  0.386789 -5.975201 0.567753  -0.008826 0.831327 0.555713  0.438058 0.139820 1 2 1.000000
recmag
0  0.632480 -5.934465 0.510715  -0.008142 0.747626 0.664070  0.440897 0.119443 1 2 1.000000
0  0.001251 -5.941256 0.510715  -0.008070 0.765831 0.642992  0.440897 0.171709 1 2 1.000000
0  0.316285 -5.954720 0.535952  -0.008946 0.831583 0.555328  0.439641 0.145639 1 2 1.000000
recmag
0  0.001251 -5.941256 0.510715  -0.008070 0.765831 0.642992  0.440897 0.171709 1 2 1.000000
0  0.245181 -5.976723 0.567753  -0.009063 0.831333 0.555701  0.438058 0.151545 1 2 1.000000
0  0.316285 -5.954720 0.535952  -0.008946 0.831583 0.555328  0.439641 0.145639 1 2 1.000000
recmag
0  0.001251 -5.941256 0.510715  -0.008070 0.765831 0.642992  0.440897 0.171709 1 2 1.000000
0  0.199538 -6.032816 0.650782  -0.008807 0.831400 0.555605  0.433922 0.155374 1 2 1.000000
0  0.245181 -5.976723 0.567753  -0.009063 0.831333 0.555701  0.438058 0.151545 1 2 1.000000
recmag
0  0.001251 -5.941256 0.510715  -0.008070 0.765831 0.642992  0.440897 0.171709 1 2 1.000000
0  0.004491 -6.242485 0.961837  -0.009268 0.864550 0.502462  0.418444 0.171709 1 2 1.000000
0  0.199538 -6.032816 0.650782  -0.008807 0.831400 0.555605  0.433922 0.155374 1 2 1.000000
recmag
0  0.004491 -6.242485 0.961837  -0.009268 0.864550 0.502462  0.418444 0.171709 1 2 1.000000
0  0.200751 -6.145569 0.819874  -0.009308 0.831803 0.554993  0.425510 0.155374 1 2 1.000000
0  0.199538 -6.032816 0.650782  -0.008807 0.831400 0.555605  0.433922 0.155374 1 2 1.000000
recmag
0  0.004491 -6.242485 0.961837  -0.009268 0.864550 0.502462  0.418444 0.171709 1 2 1.000000
0  0.247590 -6.200665 0.903136  -0.008946 0.831549 0.555379  0.421365 0.151545 1 2 1.000000
0  0.200751 -6.145569 0.819874  -0.009308 0.831803 0.554993  0.425510 0.155374 1 2 1.000000
recmag
0  0.319151 -6.221136 0.934936  -0.008945 0.831568 0.555350  0.419783 0.145639 1 2 1.000000
0  0.247590 -6.200665 0.903136  -0.008946 0.831549 0.555379  0.421365 0.151545 1 2 1.000000
0  0.004491 -6.242485 0.961837  -0.009268 0.864550 0.502462  0.418444 0.171709 1 2 1.000000
recmag
0  0.319151 -6.221136 0.934936  -0.008945 0.831568 0.555350  0.419783 0.145639 1 2 1.000000
0  0.004491 -6.242485 0.961837  -0.009268 0.864550 0.502462  0.418444 0.171709 1 2 1.000000
0  0.635719 -6.235695 0.961837  -0.009248 0.860562 0.509262  0.418444 0.119443 1 2 1.000000
recmag
0  0.636714 -6.328133 1.199900  -0.010454 0.969455 0.245046  0.407846 0.119443 1 2 1.000000
0  0.635719 -6.235695 0.961837  -0.009248 0.860562 0.509262  0.418444 0.119443 1 2 1.000000
0  0.004491 -6.242485 0.961837  -0.009268 0.864550 0.502462  0.418444 0.171709 1 2 1.000000
recmag
0  0.004491 -6.242485 0.961837  -0.009268 0.864550 0.502462  0.418444 0.171709 1 2 1.000000
0  0.005486 -6.334925 1.199900  -0.010678 0.992408 0.122523  0.407846 0.171709 1 2 1.000000
0  0.636714 -6.328133 1.199900  -0.010454 0.969455 0.245046  0.407846 0.119443 1 2 1.000000
recmag
0  0.636714 -6.328133 1.601326  -0.010658 0.987950 -0.154403  0.391230 0.119443 1 2 1.000000
0  0.636714 -6.328133 1.199900  -0.010454 0.969455 0.245046  0.407846 0.119443 1 2 1.000000
0  0.005486 -6.334925 1.199900  -0.010678 0.992408 0.122523  0.407846 0.171709 1 2 1.000000
recmag
0  0.005486 -6.334925 1.199900  -0.010678 0.992408 0.122523  0.407846 0.171709 1 2 1.000000
0  0.005486 -6.334925 1.601326  -0.010270 0.951113 -0.308671  0.391230 0.171709 1 2 1.000000
0  0.636714 -6.328133 1.601326  -0.010658 0.987950 -0.154403  0.391230 0.119443 1 2 1.000000
recmag
0  0.635562 -6.221098 1.812619  -0.005632 0.523456 -0.852034  0.381400 0.119443 1 2 1.000000
0  0.636714 -6.328133 1.601326  -0.010658 0.987950 -0.154403  0.391230 0.119443 1 2 1.000000
0  0.005486 -6.334925 1.601326  -0.010270 0.951113 -0.308671  0.391230 0.171709 1 2 1.000000
recmag
0  0.005486 -6.334925 1.601326  -0.010270 0.951113 -0.308671  0.391230 0.171709 1 2 1.000000
0  0.004334 -6.227886 1.812619  -0.005629 0.523453 -0.852036  0.381400 0.171709 1 2 1.000000
0  0.635562 -6.221098 1.812619  -0.005632 0.523456 -0.852034  0.381400 0.119443 1 2 1.000000
recmag
0  -0.023309 -3.658285 3.010178  -0.999942 -0.010757 0.000001  0.613445 0.544183 1 2 1.000000
0  -0.023309 -3.658285 0.978606  -0.999942 -0.010734 0.000000  0.613445 0.375289 1 2 1.000000
0  -0.022948 -3.691914 0.891812  -0.999942 -0.010758 0.000002  0.612047 0.368074 1 2 1.000000
recmag
0  -0.018591 -4.096899 0.431625  -0.999942 -0.010756 -0.000006  0.595214 0.329816 1 2 1.000000
0  -0.016772 -4.265915 0.373089  -0.999942 -0.010758 -0.000008  0.588189 0.324950 1 2 1.000000
0  -0.016314 -4.308525 0.431625  -0.999942 -0.010758 -0.000007  0.586418 0.329816 1 2 1.000000
recmag
0  -0.016314 -4.308525 0.431625  -0.999942 -0.010758 -0.000007  0.586418 0.329816 1 2 1.000000
0  -0.016772 -4.265915 0.373089  -0.999942 -0.010758 -0.000008  0.588189 0.324950 1 2 1.000000
0  0.000031 -5.827816 0.373089  -0.999942 -0.010763 -0.000011  0.523270 0.324950 1 2 1.000000
recmag
0  0.000031 -5.827816 0.373089  -0.999942 -0.010763 -0.000011  0.523270 0.324950 1 2 1.000000
0  -0.000643 -5.765251 0.431625  -0.999942 -0.010759 -0.000014  0.525871 0.329816 1 2 1.000000
0  -0.016314 -4.308525 0.431625  -0.999942 -0.010758 -0.000007  0.586418 0.329816 1 2 1.000000
recmag
0  0.000031 -5.827816 0.373089  -0.999942 -0.010763 -0.000011  0.523270 0.324950 1 2 1.000000
0  0.001251 -5.941256 0.510715  -0.999942 -0.010767 -0.000009  0.518555 0.336391 1 2 1.000000
0  -0.000643 -5.765251 0.431625  -0.999942 -0.010759 -0.000014  0.525871 0.329816 1 2 1.000000
recmag
0  0.000031 -5.827816 0.373089  -0.999942 -0.010763 -0.000011  0.523270 0.324950 1 2 1.000000
0  0.001660 -5.979187 0.448778  -0.999942 -0.010766 -0.000009  0.516979 0.331243 1 2 1.000000
0  0.001251 -5.941256 0.510715  -0.999942 -0.010767 -0.000009  0.518555 0.336391 1 2 1.000000
recmag
0  0.001660 -5.979187 0.448778  -0.999942 -0.010766 -0.000009  0.516979 0.331243 1 2 1.000000
0  0.004491 -6.242485 0.961837  -0.999942 -0.010758 -0.000001  0.506035 0.373895 1 2 1.000000
0  0.001251 -5.941256 0.510715  -0.999942 -0.010767 -0.000009  0.518555 0.336391 1 2 1.000000
recmag
0  0.001660 -5.979187 0.448778  -0.999942 -0.010766 -0.000009  0.516979 0.331243 1 2 1.000000
0  0.006305 -6.411102 0.961837  -0.999942 -0.010757 0.000000  0.499026 0.373895 1 2 1.000000
0  0.004491 -6.242485 0.961837  -0.999942 -0.010758 -0.000001  0.506035 0.373895 1 2 1.000000
recmag
0  0.006305 -6.411102 0.961837  -0.999942 -0.010757 0.000000  0.499026 0.373895 1 2 1.000000
0  0.005486 -6.334925 1.199900  -0.999942 -0.010752 0.000000  0.502193 0.393686 1 2 1.000000
0  0.004491 -6.242485 0.961837  -0.999942 -0.010758 -0.000001  0.506035 0.373895 1 2 1.000000
recmag
0  0.006305 -6.411102 0.961837  -0.999942 -0.010757 0.000000  0.499026 0.373895 1 2 1.000000
0  0.005486 -6.334925 1.601326  -0.999942 -0.010752 -0.000000  0.502193 0.427059 1 2 1.000000
0  0.005486 -6.334925 1.199900  -0.999942 -0.010752 0.000000  0.502193 0.393686 1 2 1.000000
recmag
0  0.006305 -6.411102 0.961837  -0.999942 -0.010757 0.000000  0.499026 0.373895 1 2 1.000000
0  0.006305 -6.411102 3.010178  -0.999942 -0.010757 -0.000000  0.499026 0.544183 1 2 1.000000
0  0.005486 -6.334925 1.601326  -0.999942 -0.010752 -0.000000  0.502193 0.427059 1 2 1.000000
recmag
0  0.006305 -6.411102 3.010178  -0.999942 -0.010757 -0.000000  0.499026 0.544183 1 2 1.000000
0  0.004334 -6.227886 1.812619  -0.999942 -0.010760 -0.000000  0.506642 0.444624 1 2 1.000000
0  0.005486 -6.334925 1.601326  -0.999942 -0.010752 -0.000000  0.502193 0.427059 1 2 1.000000
recmag
0  0.006305 -6.411102 3.010178  -0.999942 -0.010757 -0.000000  0.499026 0.544183 1 2 1.000000
0  -0.023309 -3.658285 3.010178  -0.999942 -0.010757 0.000000  0.613445 0.544183 1 2 1.000000
0  0.004334 -6.227886 1.812619  -0.999942 -0.010760 -0.000000  0.506642 0.444624 1 2 1.000000
recmag
0  -0.023309 -3.658285 3.010178  -0.999942 -0.010757 0.000001  0.613445 0.544183 1 2 1.000000
0  -0.019544 -4.008341 1.812619  -0.999942 -0.010755 0.000000  0.598895 0.444624 1 2 1.000000
0  0.004334 -6.227886 1.812619  -0.999942 -0.010757 0.000001  0.506642 0.444624 1 2 1.000000
recmag
0  -0.023309 -3.658285 3.010178  -0.999942 -0.010757 0.000001  0.613445 0.544183 1 2 1.000000
0  -0.021290 -3.845974 1.723927  -0.999942 -0.010757 0.000000  0.605644 0.437251 1 2 1.000000
0  -0.019544 -4.008341 1.812619  -0.999942 -0.010755 0.000000  0.598895 0.444624 1 2 1.000000
recmag
0  -0.023309 -3.658285 3.010178  -0.999942 -0.010757 0.000001  0.613445 0.544183 1 2 1.000000
0  -0.022086 -3.772003 1.559131  -0.999942 -0.010755 0.000000  0.608718 0.423551 1 2 1.000000
0  -0.021290 -3.845974 1.723927  -0.999942 -0.010757 0.000000  0.605644 0.437251 1 2 1.000000
recmag
0  -0.023309 -3.658285 3.010178  -0.999942 -0.010757 0.000001  0.613445 0.544183 1 2 1.000000
0  -0.022086 -3.772003 1.005246  -0.999942 -0.010762 0.000000  0.608718 0.377504 1 2 1.000000
0  -0.022086 -3.772003 1.559131  -0.999942 -0.010755 0.000000  0.608718 0.423551 1 2 1.000000
recmag
0  -0.023309 -3.658285 3.010178  -0.999942 -0.010757 0.000001  0.613445 0.544183 1 2 1.000000
0  -0.022948 -3.691914 0.891812  -0.999942 -0.010758 0.000002  0.612047 0.368074 1 2 1.000000
0  -0.022086 -3.772003 1.005246  -0.999942 -0.010762 0.000000  0.608718 0.377504 1 2 1.000000
recmag
0  -0.022948 -3.691914 0.891812  -0.999942 -0.010758 0.000002  0.612047 0.368074 1 2 1.000000
0  -0.021613 -3.815947 0.891812  -0.999942 -0.010763 0.000004  0.606892 0.368074 1 2 1.000000
0  -0.022086 -3.772003 1.005246  -0.999942 -0.010762 0.000000  0.608718 0.377504 1 2 1.000000
recmag
0  -0.022948 -3.691914 0.891812  -0.999942 -0.010758 0.000002  0.612047 0.368074 1 2 1.000000
0  -0.018214 -4.131981 0.489717  -0.999942 -0.010756 -0.000006  0.593756 0.334646 1 2 1.000000
0  -0.021613 -3.815947 0.891812  -0.999942 -0.010763 0.000004  0.606892 0.368074 1 2 1.000000
recmag
0  -0.022948 -3.691914 0.891812  -0.999942 -0.010758 0.000002  0.612047 0.368074 1 2 1.000000
0  -0.018591 -4.096899 0.431625  -0.999942 -0.010756 -0.000006  0.595214 0.329816 1 2 1.000000
0  -0.018214 -4.131981 0.489717  -0.999942 -0.010756 -0.000006  0.593756 0.334646 1 2 1.000000
recmag
0  -0.018591 -4.096899 0.431625  -0.999942 -0.010756 -0.000006  0.595214 0.329816 1 2 1.000000
0  -0.016314 -4.308525 0.431625  -0.999942 -0.010758 -0.000007  0.586418 0.329816 1 2 1.000000
0  -0.018214 -4.131981 0.489717  -0.999942 -0.010756 -0.000006  0.593756 0.334646 1 2 1.000000
recmag
0  0.344878 -4.687431 0.971748  -0.010099 0.938989 -0.343798  0.294883 0.650025 1 2 1.000000
0  0.345764 -4.769732 0.784980  -0.009841 0.915031 -0.403263  0.294883 0.623211 1 2 1.000000
0  0.259929 -4.770655 0.784980  -0.009841 0.915031 -0.403263  0.301044 0.623211 1 2 1.000000
recmag
0  0.259929 -4.770655 0.784980  -0.009841 0.915031 -0.403263  0.301044 0.623211 1 2 1.000000
0  0.259044 -4.688354 0.971748  -0.010315 0.959142 -0.282738  0.301044 0.650025 1 2 1.000000
0  0.344878 -4.687431 0.971748  -0.010099 0.938989 -0.343798  0.294883 0.650025 1 2 1.000000
recmag
0  0.344308 -4.634426 1.205999  -0.010676 0.993107 -0.116723  0.294883 0.683654 1 2 1.000000
0  0.344878 -4.687431 0.971748  -0.010099 0.938989 -0.343798  0.294883 0.650025 1 2 1.000000
0  0.259044 -4.688354 0.971748  -0.010315 0.959142 -0.282738  0.301044 0.650025 1 2 1.000000
recmag
0  0.259044 -4.688354 0.971748  -0.010315 0.959142 -0.282738  0.301044 0.650025 1 2 1.000000
0  0.258473 -4.635349 1.205999  -0.010675 0.993107 -0.116724  0.301044 0.683654 1 2 1.000000
0  0.344308 -4.634426 1.205999  -0.010676 0.993107 -0.116723  0.294883 0.683654 1 2 1.000000
recmag
0  0.344308 -4.634426 1.205999  -0.010676 0.993107 -0.116723  0.294883 0.683654 1 2 1.000000
0  0.258473 -4.635349 1.205999  -0.010675 0.993107 -0.116724  0.301044 0.683654 1 2 1.000000
0  0.258430 -4.631378 1.553051  -0.010753 0.999877 -0.011443  0.301044 0.733478 1 2 1.000000
recmag
0  0.258430 -4.631378 1.553051  -0.010753 0.999877 -0.011443  0.301044 0.733478 1 2 1.000000
0  0.344265 -4.630455 1.553051  -0.010754 0.999877 -0.011444  0.294883 0.733478 1 2 1.000000
0  0.344308 -4.634426 1.205999  -0.010676 0.993107 -0.116723  0.294883 0.683654 1 2 1.000000
recmag
0  -0.031799 -8.444008 1.814540  -0.492949 0.869992 0.010722  0.114917 0.349484 1 2 1.000000
0  -0.087840 -8.475761 1.814540  -0.492920 0.869942 0.015212  0.113653 0.349484 1 2 1.000000
0  0.009252 -8.443565 2.431490  -0.492722 0.869592 0.032159  0.114917 0.399558 1 2 1.000000
recmag
0  -0.087840 -8.475761 0.391794  -0.490760 0.866219 0.093909  0.113653 0.234007 1 2 1.000000
0  -0.087840 -8.475761 1.814540  -0.492920 0.869942 0.015212  0.113653 0.349484 1 2 1.000000
0  -0.031799 -8.444008 1.814540  -0.492949 0.869992 0.010722  0.114917 0.349484 1 2 1.000000
recmag
0  -0.031799 -8.444008 1.814540  -0.492949 0.869992 0.010722  0.114917 0.349484 1 2 1.000000
0  -0.031799 -8.444008 0.391794  -0.488038 0.861354 0.141028  0.114917 0.234007 1 2 1.000000
0  -0.087840 -8.475761 0.391794  -0.490760 0.866219 0.093909  0.113653 0.234007 1 2 1.000000
recmag
0  -0.031799 -8.444008 0.391794  -0.488038 0.861354 0.141028  0.114917 0.234007 1 2 1.000000
0  -0.088176 -8.444614 0.298041  -0.473367 0.835432 0.279242  0.114917 0.226398 1 2 1.000000
0  -0.087840 -8.475761 0.391794  -0.490760 0.866219 0.093909  0.113653 0.234007 1 2 1.000000
recmag
0  0.305304 -4.934010 0.704357  0.199539 -0.979890 0.000000  0.208681 0.628838 1 2 1.000000
0  0.341354 -4.912659 0.704357  0.948297 -0.317384 0.000000  0.213816 0.628838 1 2 1.000000
0  0.341354 -4.912659 0.824280  0.763335 -0.646003 0.000000  0.213816 0.664188 1 2 1.000000
recmag
0  0.340902 -4.870735 0.824280  0.941245 0.337724 0.000000  0.219993 0.664188 1 2 1.000000
0  0.341354 -4.912659 0.824280  0.763335 -0.646003 0.000000  0.213816 0.664188 1 2 1.000000
0  0.341354 -4.912659 0.704357  0.948297 -0.317384 0.000000  0.213816 0.628838 1 2 1.000000
recmag
0  0.341354 -4.912659 0.704357  0.948297 -0.317384 0.000000  0.213816 0.628838 1 2 1.000000
0  0.340902 -4.870735 0.704357  0.749255 0.662281 0.000000  0.219993 0.628838 1 2 1.000000
0  0.340902 -4.870735 0.824280  0.941245 0.337724 0.000000  0.219993 0.664188 1 2 1.000000
recmag
0  0.304400 -4.850163 0.824280  0.178365 0.983964 0.000000  0.225128 0.664188 1 2 1.000000
0  0.340902 -4.870735 0.824280  0.941245 0.337724 0.000000  0.219993 0.664188 1 2 1.000000
0  0.340902 -4.870735 0.704357  0.749255 0.662281 0.000000  0.219993 0.628838 1 2 1.000000
recmag
0  0.340902 -4.870735 0.704357  0.749255 0.662281 0.000000  0.219993 0.628838 1 2 1.000000
0  0.304400 -4.850163 0.704357  -0.198792 0.980042 0.000000  0.225128 0.628838 1 2 1.000000
0  0.304400 -4.850163 0.824280  0.178365 0.983964 0.000000  0.225128 0.664188 1 2 1.000000
recmag
0  0.268292 -4.871517 0.824280  -0.762996 0.646403 0.000000  0.219993 0.664188 1 2 1.000000
0  0.304400 -4.850163 0.824280  0.178365 0.983964 0.000000  0.225128 0.664188 1 2 1.000000
0  0.304400 -4.850163 0.704357  -0.198792 0.980042 0.000000  0.225128 0.628838 1 2 1.000000
recmag
0  0.304400 -4.850163 0.704357  -0.198792 0.980042 0.000000  0.225128 0.628838 1 2 1.000000
0  0.268292 -4.871517 0.704357  -0.948216 0.317626 0.000000  0.219993 0.628838 1 2 1.000000
0  0.268292 -4.871517 0.824280  -0.762996 0.646403 0.000000  0.219993 0.664188 1 2 1.000000
recmag
0  0.268743 -4.913437 0.824280  -0.941181 -0.337902 0.000000  0.213816 0.664188 1 2 1.000000
0  0.268292 -4.871517 0.824280  -0.762996 0.646403 0.000000  0.219993 0.664188 1 2 1.000000
0  0.268292 -4.871517 0.704357  -0.948216 0.317626 0.000000  0.219993 0.628838 1 2 1.000000
recmag
0  0.268292 -4.871517 0.704357  -0.948216 0.317626 0.000000  0.219993 0.628838 1 2 1.000000
0  0.268743 -4.913437 0.704357  -0.748910 -0.662672 0.000000  0.213816 0.628838 1 2 1.000000
0  0.268743 -4.913437 0.824280  -0.941181 -0.337902 0.000000  0.213816 0.664188 1 2 1.000000
recmag
0  0.305304 -4.934010 0.824280  -0.177670 -0.984090 0.000000  0.208681 0.664188 1 2 1.000000
0  0.268743 -4.913437 0.824280  -0.941181 -0.337902 0.000000  0.213816 0.664188 1 2 1.000000
0  0.268743 -4.913437 0.704357  -0.748910 -0.662672 0.000000  0.213816 0.628838 1 2 1.000000
recmag
0  0.268743 -4.913437 0.704357  -0.748910 -0.662672 0.000000  0.213816 0.628838 1 2 1.000000
0  0.305304 -4.934010 0.704357  0.199539 -0.979890 0.000000  0.208681 0.628838 1 2 1.000000
0  0.305304 -4.934010 0.824280  -0.177670 -0.984090 0.000000  0.208681 0.664188 1 2 1.000000
recmag
0  0.341354 -4.912659 0.824280  0.763335 -0.646003 0.000000  0.213816 0.664188 1 2 1.000000
0  0.305304 -4.934010 0.824280  -0.177670 -0.984090 0.000000  0.208681 0.664188 1 2 1.000000
0  0.305304 -4.934010 0.704357  0.199539 -0.979890 0.000000  0.208681 0.628838 1 2 1.000000
recmag
0  0.268743 -4.913437 0.704357  0.000000 0.000000 -1.000000  0.212793 0.597980 1 2 1.000000
0  0.268292 -4.871517 0.704357  -0.000001 0.000000 -1.000000  0.221016 0.597980 1 2 1.000000
0  0.305304 -4.934010 0.704357  -0.000001 0.000000 -1.000000  0.208681 0.612236 1 2 1.000000
recmag
0  0.268292 -4.871517 0.704357  -0.000001 0.000000 -1.000000  0.221016 0.597980 1 2 1.000000
0  0.304400 -4.850163 0.704357  0.000001 0.000000 -1.000000  0.225128 0.612236 1 2 1.000000
0  0.340902 -4.870735 0.704357  -0.000000 0.000000 -1.000000  0.221016 0.626470 1 2 1.000000
recmag
0  0.268292 -4.871517 0.704357  -0.000001 0.000000 -1.000000  0.221016 0.597980 1 2 1.000000
0  0.340902 -4.870735 0.704357  -0.000000 0.000000 -1.000000  0.221016 0.626470 1 2 1.000000
0  0.305304 -4.934010 0.704357  -0.000001 0.000000 -1.000000  0.208681 0.612236 1 2 1.000000
recmag
0  0.340902 -4.870735 0.704357  -0.000000 0.000000 -1.000000  0.221016 0.626470 1 2 1.000000
0  0.341354 -4.912659 0.704357  0.000001 0.000000 -1.000000  0.212793 0.626470 1 2 1.000000
0  0.305304 -4.934010 0.704357  -0.000001 0.000000 -1.000000  0.208681 0.612236 1 2 1.000000
recmag
0  0.347331 -4.915339 0.784980  0.999942 0.010759 0.000005  0.222895 0.565487 1 2 1.000000
0  0.345764 -4.769732 0.784980  0.999942 0.010762 0.000002  0.233346 0.565487 1 2 1.000000
0  0.344878 -4.687431 0.971748  0.999942 0.010752 0.000006  0.238032 0.592301 1 2 1.000000
recmag
0  0.345871 -4.779839 1.045301  0.999942 0.010750 0.000004  0.231400 0.602860 1 2 1.000000
0  0.347331 -4.915339 0.784980  0.999942 0.010759 0.000005  0.222895 0.565487 1 2 1.000000
0  0.344878 -4.687431 0.971748  0.999942 0.010752 0.000006  0.238032 0.592301 1 2 1.000000
recmag
0  0.345871 -4.779839 1.045301  0.999942 0.010750 0.000004  0.231400 0.602860 1 2 1.000000
0  0.344878 -4.687431 0.971748  0.999942 0.010752 0.000006  0.238032 0.592301 1 2 1.000000
0  0.344308 -4.634426 1.205999  0.999942 0.010750 -0.000000  0.241837 0.625931 1 2 1.000000
recmag
0  0.345871 -4.779839 1.045301  0.999942 0.010750 0.000004  0.231400 0.602860 1 2 1.000000
0  0.344308 -4.634426 1.205999  0.999942 0.010750 -0.000000  0.241837 0.625931 1 2 1.000000
0  0.345607 -4.755238 1.282332  0.999942 0.010752 -0.000001  0.233165 0.636889 1 2 1.000000
recmag
0  0.344308 -4.634426 1.205999  0.999942 0.010750 -0.000000  0.241837 0.625931 1 2 1.000000
0  0.344265 -4.630455 1.553051  0.999942 0.010756 -0.000001  0.242120 0.675732 1 2 1.000000
0  0.345607 -4.755238 1.282332  0.999942 0.010752 -0.000001  0.233165 0.636889 1 2 1.000000
recmag
0  0.344265 -4.630455 1.553051  0.999942 0.010756 -0.000001  0.242120 0.675732 1 2 1.000000
0  0.345961 -4.788094 1.577791  0.999942 0.010758 -0.000002  0.230779 0.679325 1 2 1.000000
0  0.345607 -4.755238 1.282332  0.999942 0.010752 -0.000001  0.233165 0.636889 1 2 1.000000
recmag
0  -0.222259 -7.650583 0.089374  -0.999942 -0.010769 0.000000  0.010749 0.176589 1 2 1.000000
0  -0.222520 -7.626347 0.147885  -0.999942 -0.010767 0.000007  0.012897 0.186956 1 2 1.000000
0  -0.222520 -7.626347 0.030861  -0.999942 -0.010767 -0.000007  0.012897 0.166222 1 2 1.000000
recmag
0  -0.222520 -7.626347 0.147885  -0.999942 -0.010767 0.000007  0.012897 0.186956 1 2 1.000000
0  -0.223780 -7.509329 0.147885  -0.999942 -0.010760 0.000007  0.023263 0.186956 1 2 1.000000
0  -0.222520 -7.626347 0.030861  -0.999942 -0.010767 -0.000007  0.012897 0.166222 1 2 1.000000
recmag
0  -0.223780 -7.509329 0.147885  -0.999942 -0.010760 0.000007  0.023263 0.186956 1 2 1.000000
0  -0.223780 -7.509329 0.030861  -0.999942 -0.010760 -0.000007  0.023263 0.166222 1 2 1.000000
0  -0.222520 -7.626347 0.030861  -0.999942 -0.010767 -0.000007  0.012897 0.166222 1 2 1.000000
recmag
0  -0.223780 -7.509329 0.147885  -0.999942 -0.010760 0.000007  0.023263 0.186956 1 2 1.000000
0  -0.224040 -7.485094 0.089374  -0.999942 -0.010728 0.000000  0.025409 0.176589 1 2 1.000000
0  -0.223780 -7.509329 0.030861  -0.999942 -0.010760 -0.000007  0.023263 0.166222 1 2 1.000000
recmag
0  -0.223780 -7.509329 0.030861  -0.999942 -0.010760 -0.000007  0.023263 0.166222 1 2 1.000000
0  -0.223149 -7.567839 0.006628  -0.999942 -0.010767 -0.000041  0.018079 0.161928 1 2 1.000000
0  -0.222520 -7.626347 0.030861  -0.999942 -0.010767 -0.000007  0.012897 0.166222 1 2 1.000000
recmag
0  -0.222520 -7.626347 0.147885  -0.999942 -0.010767 0.000007  0.012897 0.186956 1 2 1.000000
0  -0.223149 -7.567839 0.172124  -0.999942 -0.010767 0.000041  0.018079 0.191250 1 2 1.000000
0  -0.223780 -7.509329 0.147885  -0.999942 -0.010760 0.000007  0.023263 0.186956 1 2 1.000000
recmag
0  0.769239 -7.613035 2.431490  0.808172 0.588058 0.032344  0.148284 0.399558 1 2 1.000000
0  0.670432 -7.477247 2.431490  0.808177 0.588062 0.032161  0.153837 0.399558 1 2 1.000000
0  0.682256 -7.477119 2.712711  0.808115 0.588029 -0.034244  0.153837 0.422383 1 2 1.000000
recmag
0  0.768103 -7.507347 1.814540  0.804630 0.585496 0.098817  0.152573 0.349484 1 2 1.000000
0  0.670432 -7.477247 2.431490  0.808177 0.588062 0.032161  0.153837 0.399558 1 2 1.000000
0  0.769239 -7.613035 2.431490  0.808172 0.588058 0.032344  0.148284 0.399558 1 2 1.000000
recmag
0  0.711482 -7.476809 0.298041  0.935177 0.010058 0.354038  0.153837 0.226398 1 2 1.000000
0  0.767766 -7.476200 0.204194  0.857530 0.009225 0.514352  0.153837 0.218780 1 2 1.000000
0  0.767373 -7.439671 0.204194  0.857528 0.009225 0.514354  0.155319 0.218780 1 2 1.000000
recmag
0  0.767373 -7.439671 0.204194  0.857528 0.009225 0.514354  0.155319 0.218780 1 2 1.000000
0  0.711089 -7.440277 0.298041  0.984080 0.010640 0.177408  0.155319 0.226398 1 2 1.000000
0  0.711482 -7.476809 0.298041  0.935177 0.010058 0.354038  0.153837 0.226398 1 2 1.000000
recmag
0  0.711482 -7.476809 1.814540  0.999390 0.010750 0.033217  0.153837 0.349484 1 2 1.000000
0  0.711482 -7.476809 0.298041  0.935177 0.010058 0.354038  0.153837 0.226398 1 2 1.000000
0  0.711089 -7.440277 0.298041  0.984080 0.010640 0.177408  0.155319 0.226398 1 2 1.000000
recmag
0  0.711089 -7.440277 0.298041  0.984080 0.010640 0.177408  0.155319 0.226398 1 2 1.000000
0  0.711089 -7.440277 1.814540  0.999390 0.010750 0.033217  0.155319 0.349484 1 2 1.000000
0  0.711482 -7.476809 1.814540  0.999390 0.010750 0.033217  0.153837 0.349484 1 2 1.000000
recmag
0  0.711482 -7.476809 1.814540  0.999390 0.010750 0.033217  0.153837 0.349484 1 2 1.000000
0  0.711089 -7.440277 1.814540  0.999390 0.010750 0.033217  0.155319 0.349484 1 2 1.000000
0  0.670038 -7.440720 2.431490  0.999867 0.010781 0.012209  0.155319 0.399558 1 2 1.000000
recmag
0  0.670038 -7.440720 2.431490  0.999867 0.010781 0.012209  0.155319 0.399558 1 2 1.000000
0  0.670432 -7.477247 2.431490  0.999867 0.010784 0.012209  0.153837 0.399558 1 2 1.000000
0  0.711482 -7.476809 1.814540  0.999390 0.010750 0.033217  0.153837 0.349484 1 2 1.000000
recmag
0  0.682256 -7.477119 2.712711  0.999059 0.010726 -0.042018  0.153837 0.422383 1 2 1.000000
0  0.670432 -7.477247 2.431490  0.999867 0.010784 0.012209  0.153837 0.399558 1 2 1.000000
0  0.670038 -7.440720 2.431490  0.999867 0.010781 0.012209  0.155319 0.399558 1 2 1.000000
recmag
0  0.670038 -7.440720 2.431490  0.999867 0.010781 0.012209  0.155319 0.399558 1 2 1.000000
0  0.681864 -7.440590 2.712711  0.999059 0.010721 -0.042019  0.155319 0.422383 1 2 1.000000
0  0.682256 -7.477119 2.712711  0.999059 0.010726 -0.042018  0.153837 0.422383 1 2 1.000000
recmag
0  0.670038 -7.440720 2.431490  0.852507 -0.521576 0.034506  0.155319 0.399558 1 2 1.000000
0  0.765703 -7.284370 2.431490  0.852507 -0.521574 0.034532  0.161621 0.399558 1 2 1.000000
0  0.681864 -7.440590 2.712711  0.852455 -0.521587 -0.035606  0.155319 0.422383 1 2 1.000000
recmag
0  0.767016 -7.406412 1.814540  0.848327 -0.519061 0.104484  0.156669 0.349484 1 2 1.000000
0  0.765703 -7.284370 2.431490  0.852507 -0.521574 0.034532  0.161621 0.399558 1 2 1.000000
0  0.670038 -7.440720 2.431490  0.852507 -0.521576 0.034506  0.155319 0.399558 1 2 1.000000
recmag
0  0.711482 -7.476809 0.298041  0.469970 0.871377 0.140816  0.153837 0.226398 1 2 1.000000
0  0.768103 -7.507347 0.298041  0.472647 0.876244 0.093816  0.152573 0.226398 1 2 1.000000
0  0.767766 -7.476200 0.204194  0.455867 0.845227 0.278885  0.153837 0.218780 1 2 1.000000
recmag
0  0.768103 -7.507347 0.298041  0.472647 0.876244 0.093816  0.152573 0.226398 1 2 1.000000
0  0.711482 -7.476809 0.298041  0.469970 0.871377 0.140816  0.153837 0.226398 1 2 1.000000
0  0.711482 -7.476809 1.814540  0.474743 0.880059 0.010741  0.153837 0.349484 1 2 1.000000
recmag
0  0.711482 -7.476809 1.814540  0.474743 0.880059 0.010741  0.153837 0.349484 1 2 1.000000
0  0.768103 -7.507347 1.814540  0.474673 0.880014 0.016146  0.152573 0.349484 1 2 1.000000
0  0.768103 -7.507347 0.298041  0.472647 0.876244 0.093816  0.152573 0.226398 1 2 1.000000
recmag
0  0.670432 -7.477247 2.431490  0.474454 0.879692 0.032195  0.153837 0.399558 1 2 1.000000
0  0.768103 -7.507347 1.814540  0.474673 0.880014 0.016146  0.152573 0.349484 1 2 1.000000
0  0.711482 -7.476809 1.814540  0.474743 0.880059 0.010741  0.153837 0.349484 1 2 1.000000
recmag
0  0.779557 -8.572147 2.431490  0.808189 0.588035 0.032351  0.109364 0.399558 1 2 1.000000
0  0.680750 -8.436344 2.431490  0.808192 0.588035 0.032260  0.114917 0.399558 1 2 1.000000
0  0.692575 -8.436218 2.712711  0.808146 0.587986 -0.034244  0.114917 0.422383 1 2 1.000000
recmag
0  0.778419 -8.466438 1.814540  0.804662 0.585451 0.098828  0.113653 0.349484 1 2 1.000000
0  0.680750 -8.436344 2.431490  0.808192 0.588035 0.032260  0.114917 0.399558 1 2 1.000000
0  0.779557 -8.572147 2.431490  0.808189 0.588035 0.032351  0.109364 0.399558 1 2 1.000000
recmag
0  0.721800 -8.435902 0.391794  0.935073 0.010082 0.354312  0.114917 0.234007 1 2 1.000000
0  0.778085 -8.435295 0.298041  0.857298 0.009225 0.514738  0.114917 0.226398 1 2 1.000000
0  0.777692 -8.398767 0.298041  0.857298 0.009220 0.514738  0.116399 0.226398 1 2 1.000000
recmag
0  0.777692 -8.398767 0.298041  0.857298 0.009220 0.514738  0.116399 0.226398 1 2 1.000000
0  0.721408 -8.399372 0.391794  0.984054 0.010607 0.177551  0.116399 0.234007 1 2 1.000000
0  0.721800 -8.435902 0.391794  0.935073 0.010082 0.354312  0.114917 0.234007 1 2 1.000000
recmag
0  0.721800 -8.435902 1.814540  0.999391 0.010725 0.033217  0.114917 0.349484 1 2 1.000000
0  0.721800 -8.435902 0.391794  0.935073 0.010082 0.354312  0.114917 0.234007 1 2 1.000000
0  0.721408 -8.399372 0.391794  0.984054 0.010607 0.177551  0.116399 0.234007 1 2 1.000000
recmag
0  0.721408 -8.399372 0.391794  0.984054 0.010607 0.177551  0.116399 0.234007 1 2 1.000000
0  0.721408 -8.399372 1.814540  0.999391 0.010725 0.033217  0.116399 0.349484 1 2 1.000000
0  0.721800 -8.435902 1.814540  0.999391 0.010725 0.033217  0.114917 0.349484 1 2 1.000000
recmag
0  0.721800 -8.435902 1.814540  0.999391 0.010725 0.033217  0.114917 0.349484 1 2 1.000000
0  0.721408 -8.399372 1.814540  0.999391 0.010725 0.033217  0.116399 0.349484 1 2 1.000000
0  0.680357 -8.399815 2.431490  0.999868 0.010755 0.012208  0.116399 0.399558 1 2 1.000000
recmag
0  0.680357 -8.399815 2.431490  0.999868 0.010755 0.012208  0.116399 0.399558 1 2 1.000000
0  0.680750 -8.436344 2.431490  0.999868 0.010755 0.012207  0.114917 0.399558 1 2 1.000000
0  0.721800 -8.435902 1.814540  0.999391 0.010725 0.033217  0.114917 0.349484 1 2 1.000000
recmag
0  0.692575 -8.436218 2.712711  0.999059 0.010746 -0.042014  0.114917 0.422383 1 2 1.000000
0  0.680750 -8.436344 2.431490  0.999868 0.010755 0.012207  0.114917 0.399558 1 2 1.000000
0  0.680357 -8.399815 2.431490  0.999868 0.010755 0.012208  0.116399 0.399558 1 2 1.000000
recmag
0  0.680357 -8.399815 2.431490  0.999868 0.010755 0.012208  0.116399 0.399558 1 2 1.000000
0  0.692182 -8.399685 2.712711  0.999059 0.010746 -0.042014  0.116399 0.422383 1 2 1.000000
0  0.692575 -8.436218 2.712711  0.999059 0.010746 -0.042014  0.114917 0.422383 1 2 1.000000
recmag
0  0.680357 -8.399815 2.431490  0.852506 -0.521574 0.034552  0.116399 0.399558 1 2 1.000000
0  0.776020 -8.243465 2.431490  0.852506 -0.521575 0.034532  0.122702 0.399558 1 2 1.000000
0  0.692182 -8.399685 2.712711  0.852459 -0.521580 -0.035604  0.116399 0.422383 1 2 1.000000
recmag
0  0.777334 -8.365505 1.814540  0.848331 -0.519056 0.104482  0.117749 0.349484 1 2 1.000000
0  0.776020 -8.243465 2.431490  0.852506 -0.521575 0.034532  0.122702 0.399558 1 2 1.000000
0  0.680357 -8.399815 2.431490  0.852506 -0.521574 0.034552  0.116399 0.399558 1 2 1.000000
recmag
0  0.721800 -8.435902 0.391794  0.469955 0.871358 0.140985  0.114917 0.234007 1 2 1.000000
0  0.778419 -8.466438 0.391794  0.472643 0.876238 0.093890  0.113653 0.234007 1 2 1.000000
0  0.778085 -8.435295 0.298041  0.455829 0.845166 0.279132  0.114917 0.226398 1 2 1.000000
recmag
0  0.778419 -8.466438 0.391794  0.472643 0.876238 0.093890  0.113653 0.234007 1 2 1.000000
0  0.721800 -8.435902 0.391794  0.469955 0.871358 0.140985  0.114917 0.234007 1 2 1.000000
0  0.721800 -8.435902 1.814540  0.474743 0.880059 0.010743  0.114917 0.349484 1 2 1.000000
recmag
0  0.721800 -8.435902 1.814540  0.474743 0.880059 0.010743  0.114917 0.349484 1 2 1.000000
0  0.778419 -8.466438 1.814540  0.474674 0.880014 0.016148  0.113653 0.349484 1 2 1.000000
0  0.778419 -8.466438 0.391794  0.472643 0.876238 0.093890  0.113653 0.234007 1 2 1.000000
recmag
0  0.778419 -8.466438 1.814540  0.474674 0.880014 0.016148  0.113653 0.349484 1 2 1.000000
0  0.721800 -8.435902 1.814540  0.474743 0.880059 0.010743  0.114917 0.349484 1 2 1.000000
0  0.680750 -8.436344 2.431490  0.474450 0.879694 0.032199  0.114917 0.399558 1 2 1.000000
recmag
0  -0.001460 -7.447941 2.431490  -0.840861 -0.540144 0.034586  0.155319 0.399558 1 2 1.000000
0  -0.100557 -7.293692 2.431490  -0.840852 -0.540160 0.034581  0.161621 0.399558 1 2 1.000000
0  -0.099244 -7.415730 1.814540  -0.836724 -0.537552 0.104551  0.156669 0.349484 1 2 1.000000
recmag
0  -0.001460 -7.447941 2.431490  -0.840861 -0.540144 0.034586  0.155319 0.399558 1 2 1.000000
0  -0.013283 -7.448071 2.712711  -0.840801 -0.540172 -0.035598  0.155319 0.422383 1 2 1.000000
0  -0.100557 -7.293692 2.431490  -0.840852 -0.540160 0.034581  0.161621 0.399558 1 2 1.000000
recmag
0  -0.099244 -7.415730 1.814540  -0.498723 -0.866598 0.016849  0.156669 0.349484 1 2 1.000000
0  -0.042510 -7.448383 1.814540  -0.498755 -0.866670 0.011258  0.155319 0.349484 1 2 1.000000
0  -0.001460 -7.447941 2.431490  -0.498540 -0.866208 0.033794  0.155319 0.399558 1 2 1.000000
recmag
0  -0.042510 -7.448383 1.814540  -0.498755 -0.866670 0.011258  0.155319 0.349484 1 2 1.000000
0  -0.099244 -7.415730 1.814540  -0.498723 -0.866598 0.016849  0.156669 0.349484 1 2 1.000000
0  -0.099244 -7.415730 0.298041  -0.496391 -0.862515 0.098306  0.156669 0.226398 1 2 1.000000
recmag
0  -0.099244 -7.415730 0.298041  -0.496391 -0.862515 0.098306  0.156669 0.226398 1 2 1.000000
0  -0.042510 -7.448383 0.298041  -0.493364 -0.857215 0.147564  0.155319 0.226398 1 2 1.000000
0  -0.042510 -7.448383 1.814540  -0.498755 -0.866670 0.011258  0.155319 0.349484 1 2 1.000000
recmag
0  -0.099244 -7.415730 0.298041  -0.496391 -0.862515 0.098306  0.156669 0.226398 1 2 1.000000
0  -0.098887 -7.448990 0.204194  -0.477091 -0.828941 0.291962  0.155319 0.218780 1 2 1.000000
0  -0.042510 -7.448383 0.298041  -0.493364 -0.857215 0.147564  0.155319 0.226398 1 2 1.000000
recmag
0  -0.086703 -8.581470 2.431490  -0.820400 0.570871 0.032398  0.109364 0.399558 1 2 1.000000
0  0.009252 -8.443565 2.431490  -0.820400 0.570871 0.032387  0.114917 0.399558 1 2 1.000000
0  -0.087840 -8.475761 1.814540  -0.816822 0.568352 0.098888  0.113653 0.349484 1 2 1.000000
recmag
0  -0.086703 -8.581470 2.431490  -0.820400 0.570871 0.032398  0.109364 0.399558 1 2 1.000000
0  -0.002572 -8.443695 2.712711  -0.820364 0.570817 -0.034229  0.114917 0.422383 1 2 1.000000
0  0.009252 -8.443565 2.431490  -0.820400 0.570871 0.032387  0.114917 0.399558 1 2 1.000000
recmag
0  0.008859 -8.407036 2.431490  -0.840865 -0.540146 0.034492  0.116399 0.399558 1 2 1.000000
0  -0.090239 -8.252785 2.431490  -0.840851 -0.540160 0.034581  0.122702 0.399558 1 2 1.000000
0  -0.088926 -8.374825 1.814540  -0.836725 -0.537551 0.104553  0.117749 0.349484 1 2 1.000000
recmag
0  0.008859 -8.407036 2.431490  -0.840865 -0.540146 0.034492  0.116399 0.399558 1 2 1.000000
0  -0.002964 -8.407166 2.712711  -0.840803 -0.540170 -0.035600  0.116399 0.422383 1 2 1.000000
0  -0.090239 -8.252785 2.431490  -0.840851 -0.540160 0.034581  0.122702 0.399558 1 2 1.000000
recmag
0  -0.088926 -8.374825 1.814540  -0.498761 -0.866583 0.016464  0.117749 0.349484 1 2 1.000000
0  -0.032191 -8.407478 1.814540  -0.498796 -0.866645 0.011355  0.116399 0.349484 1 2 1.000000
0  0.008859 -8.407036 2.431490  -0.498544 -0.866205 0.033794  0.116399 0.399558 1 2 1.000000
recmag
0  -0.032191 -8.407478 1.814540  -0.498796 -0.866645 0.011355  0.116399 0.349484 1 2 1.000000
0  -0.088926 -8.374825 1.814540  -0.498761 -0.866583 0.016464  0.117749 0.349484 1 2 1.000000
0  -0.088926 -8.374825 0.391794  -0.496389 -0.862506 0.098389  0.117749 0.234007 1 2 1.000000
recmag
0  -0.088926 -8.374825 0.391794  -0.496389 -0.862506 0.098389  0.117749 0.234007 1 2 1.000000
0  -0.032191 -8.407478 0.391794  -0.493355 -0.857189 0.147743  0.116399 0.234007 1 2 1.000000
0  -0.032191 -8.407478 1.814540  -0.498796 -0.866645 0.011355  0.116399 0.349484 1 2 1.000000
recmag
0  -0.088926 -8.374825 0.391794  -0.496389 -0.862506 0.098389  0.117749 0.234007 1 2 1.000000
0  -0.088569 -8.408085 0.298041  -0.477054 -0.828866 0.292232  0.116399 0.226398 1 2 1.000000
0  -0.032191 -8.407478 0.391794  -0.493355 -0.857189 0.147743  0.116399 0.234007 1 2 1.000000
recmag
0  0.316285 -5.954720 0.438237  0.004849 -0.447265 -0.894388  0.709574 0.145508 1 2 1.000000
0  0.000031 -5.827816 0.373089  0.001975 -0.183621 -0.982995  0.715468 0.119438 1 2 1.000000
0  0.631259 -5.821030 0.373089  0.001652 -0.152777 -0.988259  0.715468 0.171704 1 2 1.000000
recmag
0  0.316285 -5.954720 0.438237  0.004849 -0.447265 -0.894388  0.709574 0.145508 1 2 1.000000
0  0.001660 -5.979187 0.448778  0.007487 -0.650916 -0.759113  0.708598 0.119438 1 2 1.000000
0  0.000031 -5.827816 0.373089  0.001975 -0.183621 -0.982995  0.715468 0.119438 1 2 1.000000
recmag
0  0.316285 -5.954720 0.438237  0.004849 -0.447265 -0.894388  0.709574 0.145508 1 2 1.000000
0  0.245178 -5.976568 0.448778  0.006677 -0.620406 -0.784252  0.708598 0.139601 1 2 1.000000
0  0.001660 -5.979187 0.448778  0.007487 -0.650916 -0.759113  0.708598 0.119438 1 2 1.000000
recmag
0  0.245178 -5.976568 0.448778  0.006677 -0.620406 -0.784252  0.708598 0.139601 1 2 1.000000
0  0.199538 -6.032816 0.515535  0.009817 -0.765149 -0.643778  0.705030 0.135773 1 2 1.000000
0  0.001660 -5.979187 0.448778  0.007487 -0.650916 -0.759113  0.708598 0.119438 1 2 1.000000
recmag
0  0.199538 -6.032816 0.515535  0.009817 -0.765149 -0.643778  0.705030 0.135773 1 2 1.000000
0  0.200751 -6.145569 0.648755  0.009680 -0.764601 -0.644432  0.697806 0.135773 1 2 1.000000
0  0.001660 -5.979187 0.448778  0.007487 -0.650916 -0.759113  0.708598 0.119438 1 2 1.000000
recmag
0  0.200751 -6.145569 0.648755  0.009680 -0.764601 -0.644432  0.697806 0.135773 1 2 1.000000
0  0.006305 -6.411102 0.961837  0.008456 -0.764891 -0.644104  0.680870 0.119438 1 2 1.000000
0  0.001660 -5.979187 0.448778  0.007487 -0.650916 -0.759113  0.708598 0.119438 1 2 1.000000
recmag
0  0.200751 -6.145569 0.648755  0.009680 -0.764601 -0.644432  0.697806 0.135773 1 2 1.000000
0  0.247590 -6.200665 0.715090  0.009899 -0.765592 -0.643251  0.694223 0.139601 1 2 1.000000
0  0.006305 -6.411102 0.961837  0.008456 -0.764891 -0.644104  0.680870 0.119438 1 2 1.000000
recmag
0  0.247590 -6.200665 0.715090  0.009899 -0.765592 -0.643251  0.694223 0.139601 1 2 1.000000
0  0.319151 -6.221136 0.740518  0.008224 -0.765085 -0.643877  0.692852 0.145508 1 2 1.000000
0  0.006305 -6.411102 0.961837  0.008456 -0.764891 -0.644104  0.680870 0.119438 1 2 1.000000
recmag
0  0.319151 -6.221136 0.740518  0.008224 -0.765085 -0.643877  0.692852 0.145508 1 2 1.000000
0  0.637532 -6.404312 0.961837  0.007942 -0.764802 -0.644216  0.680870 0.171704 1 2 1.000000
0  0.006305 -6.411102 0.961837  0.008456 -0.764891 -0.644104  0.680870 0.119438 1 2 1.000000
recmag
0  0.319151 -6.221136 0.740518  0.008224 -0.765085 -0.643877  0.692852 0.145508 1 2 1.000000
0  0.389198 -6.199142 0.715090  0.011519 -0.766888 -0.641677  0.694223 0.151327 1 2 1.000000
0  0.637532 -6.404312 0.961837  0.007942 -0.764802 -0.644216  0.680870 0.171704 1 2 1.000000
recmag
0  0.389198 -6.199142 0.715090  0.011519 -0.766888 -0.641677  0.694223 0.151327 1 2 1.000000
0  0.632888 -5.972397 0.448778  0.009332 -0.711891 -0.702228  0.708598 0.171704 1 2 1.000000
0  0.637532 -6.404312 0.961837  0.007942 -0.764802 -0.644216  0.680870 0.171704 1 2 1.000000
recmag
0  0.389198 -6.199142 0.715090  0.011519 -0.766888 -0.641677  0.694223 0.151327 1 2 1.000000
0  0.434896 -6.143051 0.648755  0.012641 -0.766753 -0.641817  0.697806 0.155160 1 2 1.000000
0  0.632888 -5.972397 0.448778  0.009332 -0.711891 -0.702228  0.708598 0.171704 1 2 1.000000
recmag
0  0.434896 -6.143051 0.648755  0.012641 -0.766753 -0.641817  0.697806 0.155160 1 2 1.000000
0  0.433683 -6.030298 0.515535  0.006671 -0.765189 -0.643771  0.705030 0.155160 1 2 1.000000
0  0.632888 -5.972397 0.448778  0.009332 -0.711891 -0.702228  0.708598 0.171704 1 2 1.000000
recmag
0  0.433683 -6.030298 0.515535  0.006671 -0.765189 -0.643771  0.705030 0.155160 1 2 1.000000
0  0.386788 -5.975084 0.448825  0.006116 -0.564637 -0.825317  0.708596 0.151327 1 2 1.000000
0  0.632888 -5.972397 0.448778  0.009332 -0.711891 -0.702228  0.708598 0.171704 1 2 1.000000
recmag
0  0.631259 -5.821030 0.373089  0.001652 -0.152777 -0.988259  0.715468 0.171704 1 2 1.000000
0  0.632888 -5.972397 0.448778  0.009332 -0.711891 -0.702228  0.708598 0.171704 1 2 1.000000
0  0.386788 -5.975084 0.448825  0.006116 -0.564637 -0.825317  0.708596 0.151327 1 2 1.000000
recmag
0  0.316285 -5.954720 0.438237  0.004849 -0.447265 -0.894388  0.709574 0.145508 1 2 1.000000
0  0.631259 -5.821030 0.373089  0.001652 -0.152777 -0.988259  0.715468 0.171704 1 2 1.000000
0  0.386788 -5.975084 0.448825  0.006116 -0.564637 -0.825317  0.708596 0.151327 1 2 1.000000
recmag
0  0.412099 -4.023987 0.509095  -0.007937 0.750531 -0.660787  0.791879 0.155160 1 2 1.000000
0  0.365284 -3.976208 0.563980  -0.008134 0.750734 -0.660555  0.794904 0.151327 1 2 1.000000
0  0.608285 -3.685122 0.891812  -0.008809 0.822554 -0.568619  0.812974 0.171705 1 2 1.000000
recmag
0  0.412099 -4.023987 0.509095  -0.007937 0.750531 -0.660787  0.791879 0.155160 1 2 1.000000
0  0.608285 -3.685122 0.891812  -0.008809 0.822554 -0.568619  0.812974 0.171705 1 2 1.000000
0  0.612641 -4.090111 0.431625  -0.006624 0.627724 -0.778408  0.787606 0.171704 1 2 1.000000
recmag
0  0.412833 -4.092258 0.431625  -0.005175 0.482355 -0.875961  0.787606 0.155160 1 2 1.000000
0  0.412099 -4.023987 0.509095  -0.007937 0.750531 -0.660787  0.791879 0.155160 1 2 1.000000
0  0.612641 -4.090111 0.431625  -0.006624 0.627724 -0.778408  0.787606 0.171704 1 2 1.000000
recmag
0  0.412833 -4.092258 0.431625  -0.005175 0.482355 -0.875961  0.787606 0.155160 1 2 1.000000
0  0.612641 -4.090111 0.431625  -0.006624 0.627724 -0.778408  0.787606 0.171704 1 2 1.000000
0  0.614459 -4.259125 0.373089  -0.001784 0.165920 -0.986138  0.780123 0.171704 1 2 1.000000
recmag
0  0.614459 -4.259125 0.373089  -0.001784 0.165920 -0.986138  0.780123 0.171704 1 2 1.000000
0  0.414652 -4.261272 0.373089  -0.001783 0.165916 -0.986138  0.780123 0.155160 1 2 1.000000
0  0.412833 -4.092258 0.431625  -0.005175 0.482355 -0.875961  0.787606 0.155160 1 2 1.000000
recmag
0  0.424236 -5.152107 0.373091  -0.000008 0.000000 -1.000000  0.743247 0.155160 1 2 1.000000
0  0.414652 -4.261272 0.373089  -0.001783 0.165916 -0.986138  0.780123 0.155160 1 2 1.000000
0  0.614459 -4.259125 0.373089  -0.001784 0.165920 -0.986138  0.780123 0.171704 1 2 1.000000
recmag
0  0.424236 -5.152107 0.373091  -0.000008 0.000000 -1.000000  0.743247 0.155160 1 2 1.000000
0  0.614459 -4.259125 0.373089  -0.001784 0.165920 -0.986138  0.780123 0.171704 1 2 1.000000
0  0.631259 -5.821030 0.373089  0.001652 -0.152777 -0.988259  0.715468 0.171704 1 2 1.000000
recmag
0  0.424236 -5.152107 0.373091  -0.000008 0.000000 -1.000000  0.743247 0.155160 1 2 1.000000
0  0.631259 -5.821030 0.373089  0.001652 -0.152777 -0.988259  0.715468 0.171704 1 2 1.000000
0  0.378459 -5.200886 0.373091  -0.000002 0.000003 -1.000000  0.741248 0.151327 1 2 1.000000
recmag
0  0.631259 -5.821030 0.373089  0.001652 -0.152777 -0.988259  0.715468 0.171704 1 2 1.000000
0  0.308325 -5.214832 0.373091  0.000000 0.000003 -1.000000  0.740702 0.145508 1 2 1.000000
0  0.378459 -5.200886 0.373091  -0.000002 0.000003 -1.000000  0.741248 0.151327 1 2 1.000000
recmag
0  0.631259 -5.821030 0.373089  0.001652 -0.152777 -0.988259  0.715468 0.171704 1 2 1.000000
0  0.236850 -5.202408 0.373091  0.000006 0.000008 -1.000000  0.741248 0.139601 1 2 1.000000
0  0.308325 -5.214832 0.373091  0.000000 0.000003 -1.000000  0.740702 0.145508 1 2 1.000000
recmag
0  0.631259 -5.821030 0.373089  0.001652 -0.152777 -0.988259  0.715468 0.171704 1 2 1.000000
0  0.190091 -5.154625 0.373091  0.000014 -0.000000 -1.000000  0.743247 0.135773 1 2 1.000000
0  0.236850 -5.202408 0.373091  0.000006 0.000008 -1.000000  0.741248 0.139601 1 2 1.000000
recmag
0  0.631259 -5.821030 0.373089  0.001652 -0.152777 -0.988259  0.715468 0.171704 1 2 1.000000
0  0.000031 -5.827816 0.373089  0.001975 -0.183621 -0.982995  0.715468 0.119438 1 2 1.000000
0  0.190091 -5.154625 0.373091  0.000014 -0.000000 -1.000000  0.743247 0.135773 1 2 1.000000
recmag
0  0.000031 -5.827816 0.373089  0.001975 -0.183621 -0.982995  0.715468 0.119438 1 2 1.000000
0  0.180508 -4.263794 0.373089  -0.001187 0.110472 -0.993879  0.780123 0.135773 1 2 1.000000
0  0.190091 -5.154625 0.373091  0.000014 -0.000000 -1.000000  0.743247 0.135773 1 2 1.000000
recmag
0  0.000031 -5.827816 0.373089  0.001975 -0.183621 -0.982995  0.715468 0.119438 1 2 1.000000
0  -0.016772 -4.265915 0.373089  -0.002376 0.220854 -0.975304  0.780123 0.119438 1 2 1.000000
0  0.180508 -4.263794 0.373089  -0.001187 0.110472 -0.993879  0.780123 0.135773 1 2 1.000000
recmag
0  0.178688 -4.094776 0.431625  -0.005189 0.482336 -0.875971  0.787606 0.135773 1 2 1.000000
0  0.180508 -4.263794 0.373089  -0.001187 0.110472 -0.993879  0.780123 0.135773 1 2 1.000000
0  -0.016772 -4.265915 0.373089  -0.002376 0.220854 -0.975304  0.780123 0.119438 1 2 1.000000
recmag
0  -0.016772 -4.265915 0.373089  -0.002376 0.220854 -0.975304  0.780123 0.119438 1 2 1.000000
0  -0.018591 -4.096899 0.431625  -0.006885 0.627692 -0.778431  0.787606 0.119438 1 2 1.000000
0  0.178688 -4.094776 0.431625  -0.005189 0.482336 -0.875971  0.787606 0.135773 1 2 1.000000
recmag
0  0.177954 -4.026505 0.509095  -0.008208 0.750531 -0.660784  0.791879 0.135773 1 2 1.000000
0  0.178688 -4.094776 0.431625  -0.005189 0.482336 -0.875971  0.787606 0.135773 1 2 1.000000
0  -0.018591 -4.096899 0.431625  -0.006885 0.627692 -0.778431  0.787606 0.119438 1 2 1.000000
recmag
0  0.177954 -4.026505 0.509095  -0.008208 0.750531 -0.660784  0.791879 0.135773 1 2 1.000000
0  -0.018591 -4.096899 0.431625  -0.006885 0.627692 -0.778431  0.787606 0.119438 1 2 1.000000
0  -0.022948 -3.691914 0.891812  -0.008593 0.795083 -0.606440  0.812974 0.119438 1 2 1.000000
recmag
0  0.223676 -3.977732 0.563980  -0.008015 0.750737 -0.660553  0.794904 0.139601 1 2 1.000000
0  0.177954 -4.026505 0.509095  -0.008208 0.750531 -0.660784  0.791879 0.135773 1 2 1.000000
0  -0.022948 -3.691914 0.891812  -0.008593 0.795083 -0.606440  0.812974 0.119438 1 2 1.000000
recmag
0  0.294866 -3.963768 0.578978  -0.008079 0.750711 -0.660581  0.795731 0.145508 1 2 1.000000
0  0.223676 -3.977732 0.563980  -0.008015 0.750737 -0.660553  0.794904 0.139601 1 2 1.000000
0  -0.022948 -3.691914 0.891812  -0.008593 0.795083 -0.606440  0.812974 0.119438 1 2 1.000000
recmag
0  0.294866 -3.963768 0.578978  -0.008079 0.750711 -0.660581  0.795731 0.145508 1 2 1.000000
0  -0.022948 -3.691914 0.891812  -0.008593 0.795083 -0.606440  0.812974 0.119438 1 2 1.000000
0  0.608285 -3.685122 0.891812  -0.008809 0.822554 -0.568619  0.812974 0.171705 1 2 1.000000
recmag
0  0.365284 -3.976208 0.563980  -0.008134 0.750734 -0.660555  0.794904 0.151327 1 2 1.000000
0  0.294866 -3.963768 0.578978  -0.008079 0.750711 -0.660581  0.795731 0.145508 1 2 1.000000
0  0.608285 -3.685122 0.891812  -0.008809 0.822554 -0.568619  0.812974 0.171705 1 2 1.000000
recmag
0  0.608285 -3.685122 0.891812  -0.008809 0.822554 -0.568619  0.812974 0.171705 1 2 1.000000
0  -0.022948 -3.691914 0.891812  -0.008593 0.795083 -0.606440  0.812974 0.119438 1 2 1.000000
0  -0.023309 -3.658285 0.978606  -0.010457 0.969578 -0.244557  0.816765 0.119438 1 2 1.000000
recmag
0  -0.023309 -3.658285 0.978606  -0.010457 0.969578 -0.244557  0.816765 0.119438 1 2 1.000000
0  0.607924 -3.651497 0.978606  -0.010672 0.992436 -0.122297  0.816765 0.171705 1 2 1.000000
0  0.608285 -3.685122 0.891812  -0.008809 0.822554 -0.568619  0.812974 0.171705 1 2 1.000000
recmag
0  0.607924 -3.651497 0.978606  -0.010672 0.992436 -0.122297  0.816765 0.171705 1 2 1.000000
0  -0.023309 -3.658285 0.978606  -0.010457 0.969578 -0.244557  0.816765 0.119438 1 2 1.000000
0  -0.023309 -3.658285 3.010178  -0.010753 0.999942 0.000000  0.900845 0.119438 1 2 1.000000
recmag
0  -0.023309 -3.658285 3.010178  -0.010753 0.999942 0.000000  0.900845 0.119438 1 2 1.000000
0  0.607924 -3.651497 3.010178  -0.010753 0.999942 0.000000  0.900845 0.171705 1 2 1.000000
0  0.607924 -3.651497 0.978606  -0.010672 0.992436 -0.122297  0.816765 0.171705 1 2 1.000000
recmag
0  0.147369 -4.781969 1.045301  -0.999942 -0.010760 0.000002  0.231400 0.602860 1 2 1.000000
0  0.148827 -4.917477 0.784980  -0.999942 -0.010757 -0.000002  0.222895 0.565487 1 2 1.000000
0  0.149860 -5.013496 0.679901  -0.999942 -0.010743 -0.000014  0.216246 0.550401 1 2 1.000000
recmag
0  0.147104 -4.757374 1.282332  -0.999942 -0.010756 -0.000002  0.233165 0.636889 1 2 1.000000
0  0.148281 -4.866827 1.589842  -0.999942 -0.010757 -0.000001  0.225311 0.681057 1 2 1.000000
0  0.147457 -4.790230 1.577791  -0.999942 -0.010757 -0.000002  0.230779 0.679325 1 2 1.000000
recmag
0  0.147104 -4.757374 1.282332  -0.999942 -0.010756 -0.000002  0.233165 0.636889 1 2 1.000000
0  0.147947 -4.835751 1.282332  -0.999942 -0.010755 -0.000003  0.227540 0.636889 1 2 1.000000
0  0.148281 -4.866827 1.589842  -0.999942 -0.010757 -0.000001  0.225311 0.681057 1 2 1.000000
recmag
0  0.147104 -4.757374 1.282332  -0.999942 -0.010756 -0.000002  0.233165 0.636889 1 2 1.000000
0  0.148220 -4.861036 1.057837  -0.999942 -0.010761 0.000004  0.225725 0.604660 1 2 1.000000
0  0.147947 -4.835751 1.282332  -0.999942 -0.010755 -0.000003  0.227540 0.636889 1 2 1.000000
recmag
0  0.147104 -4.757374 1.282332  -0.999942 -0.010756 -0.000002  0.233165 0.636889 1 2 1.000000
0  0.147369 -4.781969 1.045301  -0.999942 -0.010760 0.000002  0.231400 0.602860 1 2 1.000000
0  0.148220 -4.861036 1.057837  -0.999942 -0.010761 0.000004  0.225725 0.604660 1 2 1.000000
recmag
0  0.147369 -4.781969 1.045301  -0.999942 -0.010760 0.000002  0.231400 0.602860 1 2 1.000000
0  0.149545 -4.984362 0.814445  -0.999942 -0.010735 -0.000015  0.217361 0.569717 1 2 1.000000
0  0.148220 -4.861036 1.057837  -0.999942 -0.010761 0.000004  0.225725 0.604660 1 2 1.000000
recmag
0  0.147369 -4.781969 1.045301  -0.999942 -0.010760 0.000002  0.231400 0.602860 1 2 1.000000
0  0.149860 -5.013496 0.679901  -0.999942 -0.010743 -0.000014  0.216246 0.550401 1 2 1.000000
0  0.149545 -4.984362 0.814445  -0.999942 -0.010735 -0.000015  0.217361 0.569717 1 2 1.000000
recmag
0  0.149860 -5.013496 0.679901  -0.999942 -0.010743 -0.000014  0.216246 0.550401 1 2 1.000000
0  0.151073 -5.126390 0.679901  -0.999942 -0.010744 -0.000015  0.208143 0.550401 1 2 1.000000
0  0.149545 -4.984362 0.814445  -0.999942 -0.010735 -0.000015  0.217361 0.569717 1 2 1.000000
recmag
0  -0.008386 -6.578102 3.010178  0.010756 -0.999942 0.000000  0.436683 0.544183 1 2 1.000000
0  -0.008386 -6.578102 0.961837  0.010756 -0.999942 0.000000  0.436683 0.373895 1 2 1.000000
0  0.655868 -6.570957 0.961837  0.010756 -0.999942 0.000000  0.464223 0.373895 1 2 1.000000
recmag
0  0.655868 -6.570957 0.961837  0.010756 -0.999942 0.000000  0.464223 0.373895 1 2 1.000000
0  0.655868 -6.570957 3.010178  0.010756 -0.999942 0.000000  0.464223 0.544183 1 2 1.000000
0  -0.008386 -6.578102 3.010178  0.010756 -0.999942 0.000000  0.436683 0.544183 1 2 1.000000
recmag
0  0.347367 -4.918768 1.598339  -0.001762 0.155392 0.987851  0.294883 0.740648 1 2 1.000000
0  0.459454 -4.863482 1.589842  -0.001762 0.155392 0.987851  0.286796 0.732791 1 2 1.000000
0  0.458630 -4.786880 1.577791  -0.001762 0.155392 0.987851  0.286796 0.721550 1 2 1.000000
recmag
0  0.458630 -4.786880 1.577791  -0.001674 0.155320 0.987863  0.286796 0.721550 1 2 1.000000
0  0.345961 -4.788094 1.577791  -0.001674 0.155320 0.987863  0.294883 0.721550 1 2 1.000000
0  0.347367 -4.918768 1.598339  -0.001674 0.155320 0.987863  0.294883 0.740648 1 2 1.000000
recmag
0  0.259773 -4.756163 1.282332  -0.999942 -0.010758 -0.000002  0.233165 0.636889 1 2 1.000000
0  0.260126 -4.789017 1.577791  -0.999942 -0.010758 -0.000002  0.230779 0.679325 1 2 1.000000
0  0.258430 -4.631378 1.553051  -0.999942 -0.010758 -0.000002  0.242120 0.675732 1 2 1.000000
recmag
0  0.259773 -4.756163 1.282332  -0.999942 -0.010760 -0.000001  0.233165 0.636889 1 2 1.000000
0  0.258430 -4.631378 1.553051  -0.999942 -0.010760 -0.000001  0.242120 0.675732 1 2 1.000000
0  0.258473 -4.635349 1.205999  -0.999942 -0.010760 -0.000001  0.241837 0.625931 1 2 1.000000
recmag
0  0.260038 -4.780758 1.045301  -0.999942 -0.010757 0.000000  0.231400 0.602860 1 2 1.000000
0  0.259773 -4.756163 1.282332  -0.999942 -0.010760 -0.000001  0.233165 0.636889 1 2 1.000000
0  0.258473 -4.635349 1.205999  -0.999942 -0.010760 -0.000001  0.241837 0.625931 1 2 1.000000
recmag
0  0.260038 -4.780758 1.045301  -0.999942 -0.010757 0.000000  0.231400 0.602860 1 2 1.000000
0  0.258473 -4.635349 1.205999  -0.999942 -0.010760 -0.000001  0.241837 0.625931 1 2 1.000000
0  0.259044 -4.688354 0.971748  -0.999942 -0.010754 0.000001  0.238032 0.592301 1 2 1.000000
recmag
0  0.260038 -4.780758 1.045301  -0.999942 -0.010757 0.000000  0.231400 0.602860 1 2 1.000000
0  0.259044 -4.688354 0.971748  -0.999942 -0.010754 0.000001  0.238032 0.592301 1 2 1.000000
0  0.261494 -4.916264 0.784980  -0.999942 -0.010749 0.000000  0.222895 0.565487 1 2 1.000000
recmag
0  0.259044 -4.688354 0.971748  -0.999942 -0.010754 0.000001  0.238032 0.592301 1 2 1.000000
0  0.259929 -4.770655 0.784980  -0.999942 -0.010747 -0.000002  0.233346 0.565487 1 2 1.000000
0  0.261494 -4.916264 0.784980  -0.999942 -0.010749 0.000000  0.222895 0.565487 1 2 1.000000
recmag
0  0.261531 -4.919693 1.598339  -0.001635 0.155348 0.987858  0.301044 0.740648 1 2 1.000000
0  0.260126 -4.789017 1.577791  -0.001673 0.155317 0.987863  0.301044 0.721550 1 2 1.000000
0  0.147457 -4.790230 1.577791  -0.001627 0.155354 0.987857  0.309131 0.721550 1 2 1.000000
recmag
0  0.147457 -4.790230 1.577791  -0.001627 0.155354 0.987857  0.309131 0.721550 1 2 1.000000
0  0.148281 -4.866827 1.589842  -0.001571 0.155400 0.987850  0.309131 0.732791 1 2 1.000000
0  0.261531 -4.919693 1.598339  -0.001635 0.155348 0.987858  0.301044 0.740648 1 2 1.000000
recmag
0  0.345764 -4.769732 0.784980  0.000001 0.000000 -1.000000  0.294883 0.623211 1 2 1.000000
0  0.347331 -4.915339 0.784980  0.000000 0.000000 -1.000000  0.294883 0.603033 1 2 1.000000
0  0.261494 -4.916264 0.784980  0.000000 0.000000 -1.000000  0.301044 0.603033 1 2 1.000000
recmag
0  0.261494 -4.916264 0.784980  0.000000 0.000000 -1.000000  0.301044 0.603033 1 2 1.000000
0  0.259929 -4.770655 0.784980  0.000001 0.000000 -1.000000  0.301044 0.623211 1 2 1.000000
0  0.345764 -4.769732 0.784980  0.000001 0.000000 -1.000000  0.294883 0.623211 1 2 1.000000
recmag
0  0.387923 -4.582775 1.545663  0.999942 0.010760 0.000000  0.245507 0.674658 1 2 1.000000
0  0.387923 -4.582775 1.857657  0.999942 0.010760 0.000000  0.245510 0.719481 1 2 1.000000
0  0.391734 -4.936937 1.857657  0.999942 0.010760 0.000000  0.220090 0.719481 1 2 1.000000
recmag
0  0.391734 -4.936937 1.857657  0.999942 0.010760 0.000000  0.220090 0.719481 1 2 1.000000
0  0.391734 -4.936937 1.601327  0.999942 0.010760 0.000000  0.220092 0.682710 1 2 1.000000
0  0.387923 -4.582775 1.545663  0.999942 0.010760 0.000000  0.245507 0.674658 1 2 1.000000
recmag
0  0.207497 -4.584713 1.545663  -0.999942 -0.010760 0.000000  0.245507 0.674658 1 2 1.000000
0  0.211308 -4.938877 1.601327  -0.999942 -0.010760 0.000000  0.220092 0.682710 1 2 1.000000
0  0.211308 -4.938877 1.857657  -0.999942 -0.010760 0.000000  0.220090 0.719481 1 2 1.000000
recmag
0  0.211308 -4.938877 1.857657  -0.999942 -0.010760 0.000000  0.220090 0.719481 1 2 1.000000
0  0.207497 -4.584713 1.857657  -0.999942 -0.010760 0.000000  0.245510 0.719481 1 2 1.000000
0  0.207497 -4.584713 1.545663  -0.999942 -0.010760 0.000000  0.245507 0.674658 1 2 1.000000
recmag
0  0.387923 -4.582775 1.545663  0.001668 -0.155246 -0.987874  0.260078 0.629691 1 2 1.000000
0  0.391734 -4.936937 1.601327  0.001670 -0.155247 -0.987874  0.260078 0.680539 1 2 1.000000
0  0.211308 -4.938877 1.601327  0.001669 -0.155247 -0.987874  0.247128 0.680539 1 2 1.000000
recmag
0  0.211308 -4.938877 1.601327  0.001669 -0.155247 -0.987874  0.247128 0.680539 1 2 1.000000
0  0.207497 -4.584713 1.545663  0.001667 -0.155246 -0.987875  0.247128 0.629691 1 2 1.000000
0  0.387923 -4.582775 1.545663  0.001668 -0.155246 -0.987874  0.260078 0.629691 1 2 1.000000
recmag
0  0.391734 -4.936937 1.601327  0.010753 -0.999942 0.000000  0.260078 0.680539 1 2 1.000000
0  0.391734 -4.936937 1.857657  0.010753 -0.999942 0.000000  0.260078 0.717306 1 2 1.000000
0  0.211308 -4.938877 1.857657  0.010753 -0.999942 0.000000  0.247128 0.717306 1 2 1.000000
recmag
0  0.211308 -4.938877 1.857657  0.010753 -0.999942 0.000000  0.247128 0.717306 1 2 1.000000
0  0.211308 -4.938877 1.601327  0.010753 -0.999942 0.000000  0.247128 0.680539 1 2 1.000000
0  0.391734 -4.936937 1.601327  0.010753 -0.999942 0.000000  0.260078 0.680539 1 2 1.000000
recmag
0  0.387923 -4.582775 1.857657  -0.010740 0.999942 0.000000  0.260078 0.584000 1 2 1.000000
0  0.387923 -4.582775 1.545663  -0.010740 0.999942 0.000000  0.260078 0.629691 1 2 1.000000
0  0.207497 -4.584713 1.545663  -0.010740 0.999942 0.000000  0.247128 0.629691 1 2 1.000000
recmag
0  0.207497 -4.584713 1.545663  -0.010740 0.999942 0.000000  0.247128 0.629691 1 2 1.000000
0  0.207497 -4.584713 1.857657  -0.010740 0.999942 0.000000  0.247128 0.584000 1 2 1.000000
0  0.387923 -4.582775 1.857657  -0.010740 0.999942 0.000000  0.260078 0.584000 1 2 1.000000
recmag
0  -0.067531 -10.363541 0.215904  0.010775 -0.999718 -0.021173  0.000942 0.217150 1 2 1.000000
0  -0.089095 -10.363773 0.215904  0.010786 -0.999539 -0.028380  0.000067 0.217150 1 2 1.000000
0  -0.089102 -10.363163 0.194398  0.010768 -0.999539 -0.028372  0.000067 0.214618 1 2 1.000000
recmag
0  -0.067531 -10.363541 0.215904  0.010775 -0.999718 -0.021173  0.000942 0.217150 1 2 1.000000
0  -0.089102 -10.363163 0.194398  0.010768 -0.999539 -0.028372  0.000067 0.214618 1 2 1.000000
0  0.820379 -10.353382 0.194398  0.010658 -0.999543 -0.028274  0.037044 0.214618 1 2 1.000000
recmag
0  0.820379 -10.353382 0.194398  0.010658 -0.999543 -0.028274  0.037044 0.214618 1 2 1.000000
0  0.798729 -10.354221 0.215904  0.010725 -0.999842 -0.014180  0.036095 0.217150 1 2 1.000000
0  -0.067531 -10.363541 0.215904  0.010775 -0.999718 -0.021173  0.000942 0.217150 1 2 1.000000
recmag
0  -0.067531 -10.363541 2.431490  0.010757 -0.999942 -0.000003  0.000942 0.396975 1 2 1.000000
0  -0.067531 -10.363541 0.215904  0.010775 -0.999718 -0.021173  0.000942 0.217150 1 2 1.000000
0  0.798729 -10.354221 0.215904  0.010725 -0.999842 -0.014180  0.036095 0.217150 1 2 1.000000
recmag
0  0.798729 -10.354221 0.215904  0.010725 -0.999842 -0.014180  0.036095 0.217150 1 2 1.000000
0  0.798729 -10.354221 2.431490  0.010758 -0.999942 -0.000003  0.036095 0.396975 1 2 1.000000
0  -0.067531 -10.363541 2.431490  0.010757 -0.999942 -0.000003  0.000942 0.396975 1 2 1.000000
recmag
0  0.046870 -10.362312 2.714561  0.010758 -0.999942 -0.000007  0.005585 0.419950 1 2 1.000000
0  -0.067531 -10.363541 2.431490  0.010757 -0.999942 -0.000003  0.000942 0.396975 1 2 1.000000
0  0.798729 -10.354221 2.431490  0.010758 -0.999942 -0.000003  0.036095 0.396975 1 2 1.000000
recmag
0  0.798729 -10.354221 2.431490  0.010758 -0.999942 -0.000003  0.036095 0.396975 1 2 1.000000
0  0.684420 -10.355453 2.714561  0.010759 -0.999942 -0.000005  0.031456 0.419950 1 2 1.000000
0  0.046870 -10.362312 2.714561  0.010758 -0.999942 -0.000007  0.005585 0.419950 1 2 1.000000
recmag
0  0.820379 -10.353382 0.194398  0.010658 -0.999543 -0.028274  0.037044 0.214618 1 2 1.000000
0  0.820385 -10.353992 0.215904  0.010564 -0.999541 -0.028398  0.037044 0.217150 1 2 1.000000
0  0.798729 -10.354221 0.215904  0.010725 -0.999842 -0.014180  0.036095 0.217150 1 2 1.000000
recmag
0  0.461031 -5.010149 0.679901  0.999942 0.010759 -0.000003  0.216246 0.550401 1 2 1.000000
0  0.459999 -4.914127 0.784980  0.999942 0.010730 0.000015  0.222895 0.565487 1 2 1.000000
0  0.458541 -4.778624 1.045301  0.999942 0.010760 -0.000003  0.231400 0.602860 1 2 1.000000
recmag
0  0.458277 -4.754025 1.282332  0.999942 0.010756 0.000000  0.233165 0.636889 1 2 1.000000
0  0.458630 -4.786880 1.577791  0.999942 0.010757 0.000001  0.230779 0.679325 1 2 1.000000
0  0.459454 -4.863482 1.589842  0.999942 0.010757 0.000001  0.225311 0.681057 1 2 1.000000
recmag
0  0.458277 -4.754025 1.282332  0.999942 0.010756 0.000000  0.233165 0.636889 1 2 1.000000
0  0.459454 -4.863482 1.589842  0.999942 0.010757 0.000001  0.225311 0.681057 1 2 1.000000
0  0.459120 -4.832401 1.282332  0.999942 0.010755 0.000000  0.227540 0.636889 1 2 1.000000
recmag
0  0.458277 -4.754025 1.282332  0.999942 0.010756 0.000000  0.233165 0.636889 1 2 1.000000
0  0.459120 -4.832401 1.282332  0.999942 0.010755 0.000000  0.227540 0.636889 1 2 1.000000
0  0.459392 -4.857693 1.057837  0.999942 0.010761 -0.000004  0.225725 0.604660 1 2 1.000000
recmag
0  0.458277 -4.754025 1.282332  0.999942 0.010756 0.000000  0.233165 0.636889 1 2 1.000000
0  0.459392 -4.857693 1.057837  0.999942 0.010761 -0.000004  0.225725 0.604660 1 2 1.000000
0  0.458541 -4.778624 1.045301  0.999942 0.010760 -0.000003  0.231400 0.602860 1 2 1.000000
recmag
0  0.459392 -4.857693 1.057837  0.999942 0.010761 -0.000004  0.225725 0.604660 1 2 1.000000
0  0.460718 -4.981012 0.814445  0.999942 0.010761 -0.000004  0.217361 0.569717 1 2 1.000000
0  0.458541 -4.778624 1.045301  0.999942 0.010760 -0.000003  0.231400 0.602860 1 2 1.000000
recmag
0  0.460718 -4.981012 0.814445  0.999942 0.010761 -0.000004  0.217361 0.569717 1 2 1.000000
0  0.461031 -5.010149 0.679901  0.999942 0.010759 -0.000003  0.216246 0.550401 1 2 1.000000
0  0.458541 -4.778624 1.045301  0.999942 0.010760 -0.000003  0.231400 0.602860 1 2 1.000000
recmag
0  0.460718 -4.981012 0.814445  0.999942 0.010761 -0.000004  0.217361 0.569717 1 2 1.000000
0  0.462246 -5.123041 0.679901  0.999942 0.010762 -0.000004  0.208143 0.550401 1 2 1.000000
0  0.461031 -5.010149 0.679901  0.999942 0.010759 -0.000003  0.216246 0.550401 1 2 1.000000
recmag
0  -0.125975 -6.935623 -0.164224  0.001119 -0.104049 -0.994572  0.176165 0.110773 1 2 1.000000
0  0.783506 -6.925838 -0.164224  0.001119 -0.104049 -0.994571  0.176165 0.185511 1 2 1.000000
0  0.820379 -10.353382 0.194398  0.001119 -0.104050 -0.994572  0.037044 0.214618 1 2 1.000000
recmag
0  0.820379 -10.353382 0.194398  0.001119 -0.104050 -0.994572  0.037044 0.214618 1 2 1.000000
0  -0.089102 -10.363163 0.194398  0.001119 -0.104050 -0.994572  0.037044 0.139880 1 2 1.000000
0  -0.125975 -6.935623 -0.164224  0.001119 -0.104049 -0.994572  0.176165 0.110773 1 2 1.000000
recmag
0  0.032016 -8.981583 2.807682  0.008703 -0.808695 0.588164  0.087936 0.503272 1 2 1.000000
0  0.097915 -8.980873 2.807682  0.008707 -0.808695 0.588164  0.087936 0.497398 1 2 1.000000
0  0.150783 -8.777699 3.086255  0.008664 -0.808694 0.588165  0.101302 0.492513 1 2 1.000000
recmag
0  0.150783 -8.777699 3.086255  0.008664 -0.808694 0.588165  0.101302 0.492513 1 2 1.000000
0  0.114529 -8.778088 3.086255  0.008658 -0.808694 0.588166  0.101302 0.496882 1 2 1.000000
0  0.032016 -8.981583 2.807682  0.008703 -0.808695 0.588164  0.087936 0.503272 1 2 1.000000
recmag
0  0.582693 -8.773052 3.086255  0.008688 -0.808695 0.588164  0.101302 0.452692 1 2 1.000000
0  0.546440 -8.773441 3.086255  0.008687 -0.808695 0.588164  0.101302 0.457180 1 2 1.000000
0  0.603667 -8.975433 2.807682  0.008701 -0.808693 0.588167  0.087936 0.452233 1 2 1.000000
recmag
0  0.603667 -8.975433 2.807682  0.008701 -0.808693 0.588167  0.087936 0.452233 1 2 1.000000
0  0.669566 -8.974724 2.807682  0.008702 -0.808692 0.588168  0.087936 0.446347 1 2 1.000000
0  0.582693 -8.773052 3.086255  0.008688 -0.808695 0.588164  0.101302 0.452692 1 2 1.000000
recmag
0  0.603667 -8.975433 2.807682  -0.999931 -0.010934 0.004236  0.088823 0.537461 1 2 1.000000
0  0.602196 -8.975449 2.416789  -0.999935 -0.010757 0.003763  0.088823 0.505726 1 2 1.000000
0  0.616305 -10.286926 2.416789  -0.999930 -0.010970 0.004331  0.033873 0.505726 1 2 1.000000
recmag
0  0.616305 -10.286926 2.416789  -0.999930 -0.010970 0.004331  0.033873 0.505726 1 2 1.000000
0  0.617775 -10.286907 2.719000  -0.999927 -0.011086 0.004865  0.033873 0.530263 1 2 1.000000
0  0.603667 -8.975433 2.807682  -0.999931 -0.010934 0.004236  0.088823 0.537461 1 2 1.000000
recmag
0  0.617775 -10.286907 2.719000  -0.010754 0.999942 -0.000004  0.034021 0.452233 1 2 1.000000
0  0.616305 -10.286926 2.416789  -0.010750 0.999942 -0.000013  0.045275 0.452233 1 2 1.000000
0  0.113496 -10.292332 2.416789  -0.010758 0.999942 0.000004  0.045275 0.497398 1 2 1.000000
recmag
0  0.113496 -10.292332 2.416789  -0.010758 0.999942 0.000004  0.045275 0.497398 1 2 1.000000
0  0.112025 -10.292351 2.719000  -0.010763 0.999942 0.000012  0.034021 0.497398 1 2 1.000000
0  0.617775 -10.286907 2.719000  -0.010754 0.999942 -0.000004  0.034021 0.452233 1 2 1.000000
recmag
0  0.112025 -10.292351 2.719000  0.999932 0.010711 0.004671  0.033873 0.530263 1 2 1.000000
0  0.113496 -10.292332 2.416789  0.999930 0.010757 0.004868  0.033873 0.505726 1 2 1.000000
0  0.099388 -8.980858 2.416789  0.999937 0.010540 0.003927  0.088823 0.505726 1 2 1.000000
recmag
0  0.099388 -8.980858 2.416789  0.999937 0.010540 0.003927  0.088823 0.505726 1 2 1.000000
0  0.097915 -8.980873 2.807682  0.999938 0.010503 0.003768  0.088823 0.537461 1 2 1.000000
0  0.112025 -10.292351 2.719000  0.999932 0.010711 0.004671  0.033873 0.530263 1 2 1.000000
recmag
0  0.097915 -8.980873 2.807682  0.968593 -0.248645 0.001751  0.088823 0.537461 1 2 1.000000
0  0.099388 -8.980858 2.416789  0.969453 -0.245252 0.003644  0.088823 0.505726 1 2 1.000000
0  0.150783 -8.777699 2.416789  0.968642 -0.248455 0.001856  0.099315 0.499582 1 2 1.000000
recmag
0  0.150783 -8.777699 2.416789  0.968642 -0.248455 0.001856  0.099315 0.499582 1 2 1.000000
0  0.150783 -8.777699 3.086255  0.967773 -0.251825 0.000000  0.099315 0.553922 1 2 1.000000
0  0.097915 -8.980873 2.807682  0.968593 -0.248645 0.001751  0.088823 0.537461 1 2 1.000000
recmag
0  0.150783 -8.777699 3.086255  0.999942 0.010758 0.000000  0.099315 0.553922 1 2 1.000000
0  0.150783 -8.777699 2.416789  0.999942 0.010758 0.000000  0.099315 0.499582 1 2 1.000000
0  0.131682 -7.002234 2.416789  0.999942 0.010758 0.000000  0.174034 0.499582 1 2 1.000000
recmag
0  0.131682 -7.002234 2.416789  0.999942 0.010758 0.000000  0.174034 0.499582 1 2 1.000000
0  0.131682 -7.002234 3.086255  0.999942 0.010758 0.000000  0.174034 0.553922 1 2 1.000000
0  0.150783 -8.777699 3.086255  0.999942 0.010758 0.000000  0.099315 0.553922 1 2 1.000000
recmag
0  0.131682 -7.002234 3.086255  0.010760 -0.999942 0.000002  0.173339 0.492513 1 2 1.000000
0  0.131682 -7.002234 2.416789  0.010756 -0.999942 0.000000  0.150678 0.492513 1 2 1.000000
0  0.527340 -6.997978 2.416789  0.010758 -0.999942 0.000001  0.150678 0.457180 1 2 1.000000
recmag
0  0.527340 -6.997978 2.416789  0.010758 -0.999942 0.000001  0.150678 0.457180 1 2 1.000000
0  0.527340 -6.997976 3.086255  0.010762 -0.999942 0.000004  0.173339 0.457180 1 2 1.000000
0  0.131682 -7.002234 3.086255  0.010760 -0.999942 0.000002  0.173339 0.492513 1 2 1.000000
recmag
0  0.527340 -6.997976 3.086255  -0.999942 -0.010757 0.000000  0.174034 0.553922 1 2 1.000000
0  0.527340 -6.997978 2.416789  -0.999942 -0.010757 0.000000  0.174034 0.499582 1 2 1.000000
0  0.546440 -8.773441 2.416789  -0.999942 -0.010757 0.000000  0.099315 0.499582 1 2 1.000000
recmag
0  0.546440 -8.773441 2.416789  -0.999942 -0.010757 0.000000  0.099315 0.499582 1 2 1.000000
0  0.546440 -8.773441 3.086255  -0.999942 -0.010757 0.000000  0.099315 0.553922 1 2 1.000000
0  0.527340 -6.997976 3.086255  -0.999942 -0.010757 0.000000  0.174034 0.553922 1 2 1.000000
recmag
0  0.546440 -8.773441 3.086255  -0.962302 -0.271978 0.001923  0.099315 0.553922 1 2 1.000000
0  0.546440 -8.773441 2.416789  -0.963956 -0.266061 0.000000  0.099315 0.499582 1 2 1.000000
0  0.602196 -8.975449 2.416789  -0.962417 -0.271572 0.001800  0.088823 0.505726 1 2 1.000000
recmag
0  0.602196 -8.975449 2.416789  -0.962417 -0.271572 0.001800  0.088823 0.505726 1 2 1.000000
0  0.603667 -8.975433 2.807682  -0.960803 -0.277209 0.003627  0.088823 0.537461 1 2 1.000000
0  0.546440 -8.773441 3.086255  -0.962302 -0.271978 0.001923  0.099315 0.553922 1 2 1.000000
recmag
0  0.820385 -10.353992 0.215904  0.999942 0.010761 0.000028  0.037044 0.217150 1 2 1.000000
0  0.820379 -10.353382 0.194398  0.999942 0.010761 0.000028  0.037044 0.214618 1 2 1.000000
0  0.783506 -6.925838 -0.164224  0.999942 0.010762 0.000044  0.176165 0.185511 1 2 1.000000
recmag
0  0.783506 -6.925838 -0.164224  0.999942 0.010762 0.000044  0.176165 0.185511 1 2 1.000000
0  0.783505 -6.925838 -0.142716  0.999942 0.010762 0.000044  0.176165 0.188043 1 2 1.000000
0  0.820385 -10.353992 0.215904  0.999942 0.010761 0.000028  0.037044 0.217150 1 2 1.000000
recmag
0  -0.125975 -6.935623 -0.142716  -0.999942 -0.010757 0.000000  0.176165 0.188043 1 2 1.000000
0  -0.125975 -6.935623 -0.164224  -0.999942 -0.010757 0.000000  0.176165 0.185511 1 2 1.000000
0  -0.089102 -10.363163 0.194398  -0.999942 -0.010755 0.000020  0.037044 0.214618 1 2 1.000000
recmag
0  -0.089102 -10.363163 0.194398  -0.999942 -0.010755 0.000020  0.037044 0.214618 1 2 1.000000
0  -0.089095 -10.363773 0.215904  -0.999942 -0.010755 0.000020  0.037044 0.217150 1 2 1.000000
0  -0.125975 -6.935623 -0.142716  -0.999942 -0.010757 0.000000  0.176165 0.188043 1 2 1.000000
recmag
0  -0.088176 -8.444614 0.298041  -0.999942 -0.010758 0.000003  0.114917 0.226398 1 2 1.000000
0  -0.088569 -8.408085 0.298041  -0.999942 -0.010759 0.000001  0.116399 0.226398 1 2 1.000000
0  -0.104413 -6.935390 -0.142716  -0.999942 -0.010759 0.000001  0.176165 0.190623 1 2 1.000000
recmag
0  -0.067531 -10.363541 0.215904  -0.999942 -0.010758 0.000000  0.037044 0.219731 1 2 1.000000
0  -0.088176 -8.444614 0.298041  -0.999942 -0.010758 0.000003  0.114917 0.226398 1 2 1.000000
0  -0.104413 -6.935390 -0.142716  -0.999942 -0.010759 0.000001  0.176165 0.190623 1 2 1.000000
recmag
0  -0.067531 -10.363541 0.215904  -0.999942 -0.010758 0.000000  0.037044 0.219731 1 2 1.000000
0  -0.087840 -8.475761 0.391794  -0.999942 -0.010758 0.000005  0.113653 0.234007 1 2 1.000000
0  -0.088176 -8.444614 0.298041  -0.999942 -0.010758 0.000003  0.114917 0.226398 1 2 1.000000
recmag
0  -0.067531 -10.363541 0.215904  -0.999942 -0.010758 0.000000  0.037044 0.219731 1 2 1.000000
0  -0.086703 -8.581470 2.431490  -0.989070 -0.010586 0.147066  0.109364 0.399558 1 2 1.000000
0  -0.087840 -8.475761 0.391794  -0.999942 -0.010758 0.000005  0.113653 0.234007 1 2 1.000000
recmag
0  -0.067531 -10.363541 0.215904  -0.999942 -0.010758 0.000000  0.037044 0.219731 1 2 1.000000
0  -0.067531 -10.363541 2.431490  -0.974198 -0.018977 0.224894  0.037044 0.399558 1 2 1.000000
0  -0.086703 -8.581470 2.431490  -0.989070 -0.010586 0.147066  0.109364 0.399558 1 2 1.000000
recmag
0  -0.086703 -8.581470 2.431490  -0.989070 -0.010586 0.147066  0.109364 0.399558 1 2 1.000000
0  -0.087840 -8.475761 1.814540  -0.999942 -0.010755 0.000000  0.113653 0.349484 1 2 1.000000
0  -0.087840 -8.475761 0.391794  -0.999942 -0.010758 0.000005  0.113653 0.234007 1 2 1.000000
recmag
0  -0.088569 -8.408085 0.298041  -0.999942 -0.010759 0.000001  0.116399 0.226398 1 2 1.000000
0  -0.088926 -8.374825 0.391794  -0.999942 -0.010787 0.000018  0.117749 0.234007 1 2 1.000000
0  -0.098158 -7.516668 1.814540  -0.999942 -0.010758 -0.000000  0.152573 0.349484 1 2 1.000000
recmag
0  -0.088569 -8.408085 0.298041  -0.999942 -0.010759 0.000001  0.116399 0.226398 1 2 1.000000
0  -0.098158 -7.516668 1.814540  -0.999942 -0.010758 -0.000000  0.152573 0.349484 1 2 1.000000
0  -0.098158 -7.516668 0.298041  -0.999942 -0.010756 0.000006  0.152573 0.226398 1 2 1.000000
recmag
0  -0.088569 -8.408085 0.298041  -0.999942 -0.010759 0.000001  0.116399 0.226398 1 2 1.000000
0  -0.098158 -7.516668 0.298041  -0.999942 -0.010756 0.000006  0.152573 0.226398 1 2 1.000000
0  -0.098494 -7.485521 0.204194  -0.999942 -0.010757 0.000004  0.153837 0.218780 1 2 1.000000
recmag
0  -0.088569 -8.408085 0.298041  -0.999942 -0.010759 0.000001  0.116399 0.226398 1 2 1.000000
0  -0.098494 -7.485521 0.204194  -0.999942 -0.010757 0.000004  0.153837 0.218780 1 2 1.000000
0  -0.104413 -6.935390 -0.142716  -0.999942 -0.010759 0.000001  0.176165 0.190623 1 2 1.000000
recmag
0  -0.098494 -7.485521 0.204194  -0.999942 -0.010757 0.000004  0.153837 0.218780 1 2 1.000000
0  -0.098887 -7.448990 0.204194  -0.999942 -0.010756 0.000004  0.155319 0.218780 1 2 1.000000
0  -0.104413 -6.935390 -0.142716  -0.999942 -0.010759 0.000001  0.176165 0.190623 1 2 1.000000
recmag
0  -0.098887 -7.448990 0.204194  -0.999942 -0.010756 0.000004  0.155319 0.218780 1 2 1.000000
0  -0.099244 -7.415730 0.298041  -0.999942 -0.010758 0.000003  0.156669 0.226398 1 2 1.000000
0  -0.104413 -6.935390 -0.142716  -0.999942 -0.010759 0.000001  0.176165 0.190623 1 2 1.000000
recmag
0  -0.067531 -10.363541 2.431490  -0.974198 -0.018977 0.224894  0.037044 0.399558 1 2 1.000000
0  0.046870 -10.362312 2.714561  -0.926518 -0.035232 0.374598  0.037044 0.422533 1 2 1.000000
0  0.032016 -8.981583 2.807682  -0.947535 -0.018594 0.319111  0.093078 0.430092 1 2 1.000000
recmag
0  -0.067531 -10.363541 2.431490  -0.974198 -0.018977 0.224894  0.037044 0.399558 1 2 1.000000
0  0.032016 -8.981583 2.807682  -0.947535 -0.018594 0.319111  0.093078 0.430092 1 2 1.000000
0  -0.086703 -8.581470 2.431490  -0.989070 -0.010586 0.147066  0.109364 0.399558 1 2 1.000000
recmag
0  0.032016 -8.981583 2.807682  -0.947535 -0.018594 0.319111  0.093078 0.430092 1 2 1.000000
0  0.114529 -8.778088 3.086255  -0.956710 -0.010232 0.290864  0.101302 0.452711 1 2 1.000000
0  -0.086703 -8.581470 2.431490  -0.989070 -0.010586 0.147066  0.109364 0.399558 1 2 1.000000
recmag
0  0.114529 -8.778088 3.086255  -0.956710 -0.010232 0.290864  0.101302 0.452711 1 2 1.000000
0  -0.002572 -8.443695 2.712711  -0.956707 -0.010092 0.290878  0.114917 0.422383 1 2 1.000000
0  -0.086703 -8.581470 2.431490  -0.989070 -0.010586 0.147066  0.109364 0.399558 1 2 1.000000
recmag
0  0.114529 -8.778088 3.086255  -0.956710 -0.010232 0.290864  0.101302 0.452711 1 2 1.000000
0  -0.002964 -8.407166 2.712711  -0.956714 -0.010290 0.290846  0.116399 0.422383 1 2 1.000000
0  -0.002572 -8.443695 2.712711  -0.956707 -0.010092 0.290878  0.114917 0.422383 1 2 1.000000
recmag
0  0.114529 -8.778088 3.086255  -0.956710 -0.010232 0.290864  0.101302 0.452711 1 2 1.000000
0  -0.012892 -7.484600 2.712711  -0.956682 -0.010258 0.290956  0.153837 0.422383 1 2 1.000000
0  -0.002964 -8.407166 2.712711  -0.956714 -0.010290 0.290846  0.116399 0.422383 1 2 1.000000
recmag
0  -0.012892 -7.484600 2.712711  -0.956682 -0.010258 0.290956  0.153837 0.422383 1 2 1.000000
0  -0.090239 -8.252785 2.431490  -0.992985 -0.010681 0.117754  0.122702 0.399558 1 2 1.000000
0  -0.002964 -8.407166 2.712711  -0.956714 -0.010290 0.290846  0.116399 0.422383 1 2 1.000000
recmag
0  -0.012892 -7.484600 2.712711  -0.956682 -0.010258 0.290956  0.153837 0.422383 1 2 1.000000
0  -0.097022 -7.622355 2.431490  -0.989047 -0.010680 0.147216  0.148284 0.399558 1 2 1.000000
0  -0.090239 -8.252785 2.431490  -0.992985 -0.010681 0.117754  0.122702 0.399558 1 2 1.000000
recmag
0  -0.090239 -8.252785 2.431490  -0.992985 -0.010681 0.117754  0.122702 0.399558 1 2 1.000000
0  -0.097022 -7.622355 2.431490  -0.989047 -0.010680 0.147216  0.148284 0.399558 1 2 1.000000
0  -0.098158 -7.516668 1.814540  -0.999942 -0.010758 -0.000000  0.152573 0.349484 1 2 1.000000
recmag
0  -0.088926 -8.374825 0.391794  -0.999942 -0.010787 0.000018  0.117749 0.234007 1 2 1.000000
0  -0.090239 -8.252785 2.431490  -0.992985 -0.010681 0.117754  0.122702 0.399558 1 2 1.000000
0  -0.098158 -7.516668 1.814540  -0.999942 -0.010758 -0.000000  0.152573 0.349484 1 2 1.000000
recmag
0  -0.088926 -8.374825 0.391794  -0.999942 -0.010787 0.000018  0.117749 0.234007 1 2 1.000000
0  -0.088926 -8.374825 1.814540  -0.999942 -0.010758 0.000000  0.117749 0.349484 1 2 1.000000
0  -0.090239 -8.252785 2.431490  -0.992985 -0.010681 0.117754  0.122702 0.399558 1 2 1.000000
recmag
0  0.114529 -8.778088 3.086255  -0.956710 -0.010232 0.290864  0.101302 0.452711 1 2 1.000000
0  -0.013283 -7.448071 2.712711  -0.956704 -0.010406 0.290876  0.155319 0.422383 1 2 1.000000
0  -0.012892 -7.484600 2.712711  -0.956682 -0.010258 0.290956  0.153837 0.422383 1 2 1.000000
recmag
0  0.114529 -8.778088 3.086255  -0.956710 -0.010232 0.290864  0.101302 0.452711 1 2 1.000000
0  0.094683 -6.933249 3.086255  -0.956702 -0.010373 0.290885  0.176165 0.452711 1 2 1.000000
0  -0.013283 -7.448071 2.712711  -0.956704 -0.010406 0.290876  0.155319 0.422383 1 2 1.000000
recmag
0  0.094683 -6.933249 3.086255  -0.956702 -0.010373 0.290885  0.176165 0.452711 1 2 1.000000
0  -0.100557 -7.293692 2.431490  -0.992999 -0.010775 0.117629  0.161621 0.399558 1 2 1.000000
0  -0.013283 -7.448071 2.712711  -0.956704 -0.010406 0.290876  0.155319 0.422383 1 2 1.000000
recmag
0  0.094683 -6.933249 3.086255  -0.956702 -0.010373 0.290885  0.176165 0.452711 1 2 1.000000
0  -0.104413 -6.935390 2.431490  -0.989069 -0.010644 0.147067  0.176165 0.399558 1 2 1.000000
0  -0.100557 -7.293692 2.431490  -0.992999 -0.010775 0.117629  0.161621 0.399558 1 2 1.000000
recmag
0  -0.100557 -7.293692 2.431490  -0.992999 -0.010775 0.117629  0.161621 0.399558 1 2 1.000000
0  -0.104413 -6.935390 2.431490  -0.989069 -0.010644 0.147067  0.176165 0.399558 1 2 1.000000
0  -0.104413 -6.935390 -0.142716  -0.999942 -0.010759 0.000001  0.176165 0.190623 1 2 1.000000
recmag
0  -0.099244 -7.415730 0.298041  -0.999942 -0.010758 0.000003  0.156669 0.226398 1 2 1.000000
0  -0.100557 -7.293692 2.431490  -0.992999 -0.010775 0.117629  0.161621 0.399558 1 2 1.000000
0  -0.104413 -6.935390 -0.142716  -0.999942 -0.010759 0.000001  0.176165 0.190623 1 2 1.000000
recmag
0  -0.099244 -7.415730 0.298041  -0.999942 -0.010758 0.000003  0.156669 0.226398 1 2 1.000000
0  -0.099244 -7.415730 1.814540  -0.999942 -0.010759 0.000000  0.156669 0.349484 1 2 1.000000
0  -0.100557 -7.293692 2.431490  -0.992999 -0.010775 0.117629  0.161621 0.399558 1 2 1.000000
recmag
0  -0.001067 -7.484470 2.431490  -0.492739 0.869583 0.032161  0.153837 0.399558 1 2 1.000000
0  -0.042117 -7.484913 1.814540  -0.492965 0.869983 0.010723  0.153837 0.349484 1 2 1.000000
0  -0.098158 -7.516668 1.814540  -0.492907 0.869935 0.015985  0.152573 0.349484 1 2 1.000000
recmag
0  -0.098158 -7.516668 0.298041  -0.490802 0.866203 0.093834  0.152573 0.226398 1 2 1.000000
0  -0.098158 -7.516668 1.814540  -0.492907 0.869935 0.015985  0.152573 0.349484 1 2 1.000000
0  -0.042117 -7.484913 1.814540  -0.492965 0.869983 0.010723  0.153837 0.349484 1 2 1.000000
recmag
0  -0.042117 -7.484913 1.814540  -0.492965 0.869983 0.010723  0.153837 0.349484 1 2 1.000000
0  -0.042117 -7.484913 0.298041  -0.488049 0.861368 0.140900  0.153837 0.226398 1 2 1.000000
0  -0.098158 -7.516668 0.298041  -0.490802 0.866203 0.093834  0.152573 0.226398 1 2 1.000000
recmag
0  -0.042117 -7.484913 0.298041  -0.488049 0.861368 0.140900  0.153837 0.226398 1 2 1.000000
0  -0.098494 -7.485521 0.204194  -0.473419 0.835487 0.278990  0.153837 0.218780 1 2 1.000000
0  -0.098158 -7.516668 0.298041  -0.490802 0.866203 0.093834  0.152573 0.226398 1 2 1.000000
recmag
0  -0.002572 -8.443695 2.712711  -0.999060 -0.010723 -0.042007  0.114917 0.422383 1 2 1.000000
0  -0.002964 -8.407166 2.712711  -0.999060 -0.010721 -0.042007  0.116399 0.422383 1 2 1.000000
0  0.008859 -8.407036 2.431490  -0.999868 -0.010755 0.012211  0.116399 0.399558 1 2 1.000000
recmag
0  0.008859 -8.407036 2.431490  -0.999868 -0.010755 0.012211  0.116399 0.399558 1 2 1.000000
0  0.009252 -8.443565 2.431490  -0.999867 -0.010757 0.012211  0.114917 0.399558 1 2 1.000000
0  -0.002572 -8.443695 2.712711  -0.999060 -0.010723 -0.042007  0.114917 0.422383 1 2 1.000000
recmag
0  -0.031799 -8.444008 1.814540  -0.999391 -0.010725 0.033215  0.114917 0.349484 1 2 1.000000
0  0.009252 -8.443565 2.431490  -0.999867 -0.010757 0.012211  0.114917 0.399558 1 2 1.000000
0  0.008859 -8.407036 2.431490  -0.999868 -0.010755 0.012211  0.116399 0.399558 1 2 1.000000
recmag
0  0.008859 -8.407036 2.431490  -0.999868 -0.010755 0.012211  0.116399 0.399558 1 2 1.000000
0  -0.032191 -8.407478 1.814540  -0.999391 -0.010725 0.033215  0.116399 0.349484 1 2 1.000000
0  -0.031799 -8.444008 1.814540  -0.999391 -0.010725 0.033215  0.114917 0.349484 1 2 1.000000
recmag
0  -0.031799 -8.444008 1.814540  -0.999391 -0.010725 0.033215  0.114917 0.349484 1 2 1.000000
0  -0.032191 -8.407478 1.814540  -0.999391 -0.010725 0.033215  0.116399 0.349484 1 2 1.000000
0  -0.032191 -8.407478 0.391794  -0.984009 -0.010561 0.177806  0.116399 0.234007 1 2 1.000000
recmag
0  -0.032191 -8.407478 0.391794  -0.984009 -0.010561 0.177806  0.116399 0.234007 1 2 1.000000
0  -0.031799 -8.444008 0.391794  -0.934889 -0.010035 0.354798  0.114917 0.234007 1 2 1.000000
0  -0.031799 -8.444008 1.814540  -0.999391 -0.010725 0.033215  0.114917 0.349484 1 2 1.000000
recmag
0  -0.031799 -8.444008 0.391794  -0.934889 -0.010035 0.354798  0.114917 0.234007 1 2 1.000000
0  -0.032191 -8.407478 0.391794  -0.984009 -0.010561 0.177806  0.116399 0.234007 1 2 1.000000
0  -0.088569 -8.408085 0.298041  -0.856921 -0.009214 0.515365  0.116399 0.226398 1 2 1.000000
recmag
0  -0.088569 -8.408085 0.298041  -0.856921 -0.009214 0.515365  0.116399 0.226398 1 2 1.000000
0  -0.088176 -8.444614 0.298041  -0.856921 -0.009219 0.515365  0.114917 0.226398 1 2 1.000000
0  -0.031799 -8.444008 0.391794  -0.934889 -0.010035 0.354798  0.114917 0.234007 1 2 1.000000
recmag
0  0.347305 -4.912979 1.057837  0.227215 -0.947793 0.223747  0.276444 0.649643 1 2 1.000000
0  0.347032 -4.887691 1.282332  0.275290 -0.961270 -0.013225  0.276444 0.681873 1 2 1.000000
0  0.261197 -4.888617 1.282332  -0.178802 -0.983857 -0.007381  0.270283 0.681873 1 2 1.000000
recmag
0  0.261197 -4.888617 1.282332  -0.178802 -0.983857 -0.007381  0.270283 0.681873 1 2 1.000000
0  0.261470 -4.913900 1.057837  -0.207338 -0.936418 0.283077  0.270283 0.649643 1 2 1.000000
0  0.347305 -4.912979 1.057837  0.227215 -0.947793 0.223747  0.276444 0.649643 1 2 1.000000
recmag
0  0.348631 -5.036304 0.814445  0.197984 -0.817006 0.541575  0.276444 0.609412 1 2 1.000000
0  0.347305 -4.912979 1.057837  0.227215 -0.947793 0.223747  0.276444 0.649643 1 2 1.000000
0  0.261470 -4.913900 1.057837  -0.207338 -0.936418 0.283077  0.270283 0.649643 1 2 1.000000
recmag
0  0.261470 -4.913900 1.057837  -0.207338 -0.936418 0.283077  0.270283 0.649643 1 2 1.000000
0  0.262797 -5.037224 0.814445  -0.181051 -0.787157 0.589579  0.270283 0.609412 1 2 1.000000
0  0.348631 -5.036304 0.814445  0.197984 -0.817006 0.541575  0.276444 0.609412 1 2 1.000000
recmag
0  0.350159 -5.178331 0.679901  0.166018 -0.677243 0.716784  0.276444 0.582304 1 2 1.000000
0  0.348631 -5.036304 0.814445  0.197984 -0.817006 0.541575  0.276444 0.609412 1 2 1.000000
0  0.262797 -5.037224 0.814445  -0.181051 -0.787157 0.589579  0.270283 0.609412 1 2 1.000000
recmag
0  0.262797 -5.037224 0.814445  -0.181051 -0.787157 0.589579  0.270283 0.609412 1 2 1.000000
0  0.264325 -5.179255 0.679901  -0.204080 -0.674415 0.709588  0.270283 0.582304 1 2 1.000000
0  0.350159 -5.178331 0.679901  0.166018 -0.677243 0.716784  0.276444 0.582304 1 2 1.000000
recmag
0  0.350159 -5.178331 0.679901  0.166018 -0.677243 0.716784  0.276444 0.582304 1 2 1.000000
0  0.462246 -5.123041 0.679901  0.320446 -0.649632 0.689415  0.284531 0.582304 1 2 1.000000
0  0.460718 -4.981012 0.814445  0.352098 -0.713818 0.605384  0.284531 0.609412 1 2 1.000000
recmag
0  0.460718 -4.981012 0.814445  0.352098 -0.713818 0.605384  0.284531 0.609412 1 2 1.000000
0  0.348631 -5.036304 0.814445  0.197984 -0.817006 0.541575  0.276444 0.609412 1 2 1.000000
0  0.350159 -5.178331 0.679901  0.166018 -0.677243 0.716784  0.276444 0.582304 1 2 1.000000
recmag
0  0.348631 -5.036304 0.814445  0.197984 -0.817006 0.541575  0.276444 0.609412 1 2 1.000000
0  0.460718 -4.981012 0.814445  0.352098 -0.713818 0.605384  0.284531 0.609412 1 2 1.000000
0  0.459392 -4.857693 1.057837  0.419955 -0.851351 0.314387  0.284531 0.649643 1 2 1.000000
recmag
0  0.459392 -4.857693 1.057837  0.419955 -0.851351 0.314387  0.284531 0.649643 1 2 1.000000
0  0.347305 -4.912979 1.057837  0.227215 -0.947793 0.223747  0.276444 0.649643 1 2 1.000000
0  0.348631 -5.036304 0.814445  0.197984 -0.817006 0.541575  0.276444 0.609412 1 2 1.000000
recmag
0  0.347305 -4.912979 1.057837  0.227215 -0.947793 0.223747  0.276444 0.649643 1 2 1.000000
0  0.459392 -4.857693 1.057837  0.419955 -0.851351 0.314387  0.284531 0.649643 1 2 1.000000
0  0.459120 -4.832401 1.282332  0.442071 -0.896207 0.037236  0.284531 0.681873 1 2 1.000000
recmag
0  0.459120 -4.832401 1.282332  0.442071 -0.896207 0.037236  0.284531 0.681873 1 2 1.000000
0  0.347032 -4.887691 1.282332  0.275290 -0.961270 -0.013225  0.276444 0.681873 1 2 1.000000
0  0.347305 -4.912979 1.057837  0.227215 -0.947793 0.223747  0.276444 0.649643 1 2 1.000000
recmag
0  0.347032 -4.887691 1.282332  0.275290 -0.961270 -0.013225  0.276444 0.681873 1 2 1.000000
0  0.459120 -4.832401 1.282332  0.442071 -0.896207 0.037236  0.284531 0.681873 1 2 1.000000
0  0.459454 -4.863482 1.589842  0.437447 -0.894780 -0.089490  0.284531 0.725822 1 2 1.000000
recmag
0  0.459454 -4.863482 1.589842  0.437447 -0.894780 -0.089490  0.284531 0.725822 1 2 1.000000
0  0.347367 -4.918768 1.598339  0.155543 -0.983071 -0.096841  0.276444 0.727846 1 2 1.000000
0  0.347032 -4.887691 1.282332  0.275290 -0.961270 -0.013225  0.276444 0.681873 1 2 1.000000
recmag
0  0.261197 -4.888617 1.282332  -0.178802 -0.983857 -0.007381  0.270283 0.681873 1 2 1.000000
0  0.347032 -4.887691 1.282332  0.275290 -0.961270 -0.013225  0.276444 0.681873 1 2 1.000000
0  0.347367 -4.918768 1.598339  0.155543 -0.983071 -0.096841  0.276444 0.727846 1 2 1.000000
recmag
0  0.347367 -4.918768 1.598339  0.155543 -0.983071 -0.096841  0.276444 0.727846 1 2 1.000000
0  0.261531 -4.919693 1.598339  -0.207224 -0.973617 -0.095537  0.270283 0.727846 1 2 1.000000
0  0.261197 -4.888617 1.282332  -0.178802 -0.983857 -0.007381  0.270283 0.681873 1 2 1.000000
recmag
0  0.261197 -4.888617 1.282332  -0.178802 -0.983857 -0.007381  0.270283 0.681873 1 2 1.000000
0  0.261531 -4.919693 1.598339  -0.207904 -0.973474 -0.095518  0.270283 0.727846 1 2 1.000000
0  0.148281 -4.866827 1.589842  -0.418603 -0.903730 -0.089684  0.262196 0.725822 1 2 1.000000
recmag
0  0.148281 -4.866827 1.589842  -0.418603 -0.903730 -0.089684  0.262196 0.725822 1 2 1.000000
0  0.147947 -4.835751 1.282332  -0.422670 -0.905519 0.037231  0.262196 0.681873 1 2 1.000000
0  0.261197 -4.888617 1.282332  -0.178802 -0.983857 -0.007381  0.270283 0.681873 1 2 1.000000
recmag
0  0.261470 -4.913900 1.057837  -0.207338 -0.936418 0.283077  0.270283 0.649643 1 2 1.000000
0  0.261197 -4.888617 1.282332  -0.178802 -0.983857 -0.007381  0.270283 0.681873 1 2 1.000000
0  0.147947 -4.835751 1.282332  -0.422670 -0.905519 0.037231  0.262196 0.681873 1 2 1.000000
recmag
0  0.147947 -4.835751 1.282332  -0.422670 -0.905519 0.037231  0.262196 0.681873 1 2 1.000000
0  0.148220 -4.861036 1.057837  -0.401548 -0.860175 0.314416  0.262196 0.649643 1 2 1.000000
0  0.261470 -4.913900 1.057837  -0.207338 -0.936418 0.283077  0.270283 0.649643 1 2 1.000000
recmag
0  0.262797 -5.037224 0.814445  -0.181051 -0.787157 0.589579  0.270283 0.609412 1 2 1.000000
0  0.261470 -4.913900 1.057837  -0.207338 -0.936418 0.283077  0.270283 0.649643 1 2 1.000000
0  0.148220 -4.861036 1.057837  -0.401548 -0.860175 0.314416  0.262196 0.649643 1 2 1.000000
recmag
0  0.148220 -4.861036 1.057837  -0.401548 -0.860175 0.314416  0.262196 0.649643 1 2 1.000000
0  0.149545 -4.984362 0.814445  -0.336719 -0.721270 0.605301  0.262196 0.609412 1 2 1.000000
0  0.262797 -5.037224 0.814445  -0.181051 -0.787157 0.589579  0.270283 0.609412 1 2 1.000000
recmag
0  0.264325 -5.179255 0.679901  -0.204080 -0.674415 0.709588  0.270283 0.582304 1 2 1.000000
0  0.262797 -5.037224 0.814445  -0.181051 -0.787157 0.589579  0.270283 0.609412 1 2 1.000000
0  0.149545 -4.984362 0.814445  -0.336719 -0.721270 0.605301  0.262196 0.609412 1 2 1.000000
recmag
0  0.149545 -4.984362 0.814445  -0.336719 -0.721270 0.605301  0.262196 0.609412 1 2 1.000000
0  0.151073 -5.126390 0.679901  -0.306394 -0.656382 0.689410  0.262196 0.582304 1 2 1.000000
0  0.264325 -5.179255 0.679901  -0.204080 -0.674415 0.709588  0.270283 0.582304 1 2 1.000000
recmag
0  0.546440 -8.773441 2.416789  -0.000000 0.000000 1.000000  0.101302 0.457180 1 2 1.000000
0  0.527340 -6.997978 2.416789  -0.000000 0.000000 1.000000  0.150678 0.457180 1 2 1.000000
0  0.131682 -7.002234 2.416789  -0.000000 0.000000 1.000000  0.150678 0.492513 1 2 1.000000
recmag
0  0.131682 -7.002234 2.416789  -0.000000 0.000000 1.000000  0.150678 0.492513 1 2 1.000000
0  0.150783 -8.777699 2.416789  0.000000 0.000000 1.000000  0.101302 0.492513 1 2 1.000000
0  0.546440 -8.773441 2.416789  -0.000000 0.000000 1.000000  0.101302 0.457180 1 2 1.000000
recmag
0  0.602196 -8.975449 2.416789  -0.000000 0.000000 1.000000  0.087936 0.452233 1 2 1.000000
0  0.546440 -8.773441 2.416789  -0.000000 0.000000 1.000000  0.101302 0.457180 1 2 1.000000
0  0.150783 -8.777699 2.416789  0.000000 0.000000 1.000000  0.101302 0.492513 1 2 1.000000
recmag
0  0.150783 -8.777699 2.416789  0.000000 0.000000 1.000000  0.101302 0.492513 1 2 1.000000
0  0.099388 -8.980858 2.416789  0.000000 0.000000 1.000000  0.087936 0.497398 1 2 1.000000
0  0.602196 -8.975449 2.416789  -0.000000 0.000000 1.000000  0.087936 0.452233 1 2 1.000000
recmag
0  0.602196 -8.975449 2.416789  -0.000000 0.000000 1.000000  0.087936 0.452233 1 2 1.000000
0  0.099388 -8.980858 2.416789  0.000000 0.000000 1.000000  0.087936 0.497398 1 2 1.000000
0  0.113496 -10.292332 2.416789  0.000000 0.000000 1.000000  0.045275 0.497398 1 2 1.000000
recmag
0  0.113496 -10.292332 2.416789  0.000000 0.000000 1.000000  0.045275 0.497398 1 2 1.000000
0  0.616305 -10.286926 2.416789  0.000000 0.000000 1.000000  0.045275 0.452233 1 2 1.000000
0  0.602196 -8.975449 2.416789  -0.000000 0.000000 1.000000  0.087936 0.452233 1 2 1.000000
recmag
0  0.630586 -5.758463 0.431625  -0.000639 0.059471 0.998230  0.448842 0.119442 1 2 1.000000
0  0.308325 -5.214832 0.431625  0.000000 0.000000 1.000000  0.471486 0.145639 1 2 1.000000
0  0.236850 -5.202408 0.431625  -0.000003 0.000000 1.000000  0.472033 0.151545 1 2 1.000000
recmag
0  0.630586 -5.758463 0.431625  -0.000639 0.059471 0.998230  0.448842 0.119442 1 2 1.000000
0  0.378459 -5.200886 0.431625  -0.000000 0.000000 1.000000  0.472033 0.139820 1 2 1.000000
0  0.308325 -5.214832 0.431625  0.000000 0.000000 1.000000  0.471486 0.145639 1 2 1.000000
recmag
0  0.630586 -5.758463 0.431625  -0.000639 0.059471 0.998230  0.448842 0.119442 1 2 1.000000
0  0.424236 -5.152107 0.431625  -0.000000 0.000000 1.000000  0.474031 0.135987 1 2 1.000000
0  0.378459 -5.200886 0.431625  -0.000000 0.000000 1.000000  0.472033 0.139820 1 2 1.000000
recmag
0  0.630586 -5.758463 0.431625  -0.000639 0.059471 0.998230  0.448842 0.119442 1 2 1.000000
0  0.614917 -4.301735 0.431625  0.001145 -0.105072 0.994464  0.509144 0.119442 1 2 1.000000
0  0.424236 -5.152107 0.431625  -0.000000 0.000000 1.000000  0.474031 0.135987 1 2 1.000000
recmag
0  0.614917 -4.301735 0.431625  0.001134 -0.105381 0.994431  0.509144 0.119442 1 2 1.000000
0  0.415110 -4.303885 0.431625  0.002267 -0.210699 0.977548  0.509144 0.135987 1 2 1.000000
0  0.424236 -5.152107 0.431625  0.000000 0.000000 1.000000  0.474031 0.135987 1 2 1.000000
recmag
0  0.415110 -4.303885 0.431625  0.002267 -0.210699 0.977548  0.509144 0.135987 1 2 1.000000
0  0.614917 -4.301735 0.431625  0.001134 -0.105381 0.994431  0.509144 0.119442 1 2 1.000000
0  0.613018 -4.125193 0.489717  0.006298 -0.573957 0.818862  0.516852 0.119442 1 2 1.000000
recmag
0  0.613018 -4.125193 0.489717  0.006298 -0.573957 0.818862  0.516852 0.119442 1 2 1.000000
0  0.413210 -4.127342 0.489717  0.006175 -0.574074 0.818780  0.516852 0.135987 1 2 1.000000
0  0.415110 -4.303885 0.431625  0.002267 -0.210699 0.977548  0.509144 0.135987 1 2 1.000000
recmag
0  0.412099 -4.023987 0.621355  0.008849 -0.786253 0.617841  0.523780 0.135987 1 2 1.000000
0  0.413210 -4.127342 0.489717  0.006175 -0.574074 0.818780  0.516852 0.135987 1 2 1.000000
0  0.613018 -4.125193 0.489717  0.006298 -0.573957 0.818862  0.516852 0.119442 1 2 1.000000
recmag
0  0.412099 -4.023987 0.621355  0.008849 -0.786253 0.617841  0.523780 0.135987 1 2 1.000000
0  0.613018 -4.125193 0.489717  0.006298 -0.573957 0.818862  0.516852 0.119442 1 2 1.000000
0  0.609620 -3.809158 0.891812  0.008959 -0.821161 0.570627  0.538022 0.119442 1 2 1.000000
recmag
0  0.412099 -4.023987 0.621355  0.008849 -0.786253 0.617841  0.523780 0.135987 1 2 1.000000
0  0.609620 -3.809158 0.891812  0.008959 -0.821161 0.570627  0.538022 0.119442 1 2 1.000000
0  0.365284 -3.976208 0.682845  0.008877 -0.786100 0.618035  0.527016 0.139820 1 2 1.000000
recmag
0  0.609620 -3.809158 0.891812  0.008959 -0.821161 0.570627  0.538022 0.119442 1 2 1.000000
0  0.294866 -3.963768 0.699647  0.008455 -0.785897 0.618300  0.527901 0.145639 1 2 1.000000
0  0.365284 -3.976208 0.682845  0.008877 -0.786100 0.618035  0.527016 0.139820 1 2 1.000000
recmag
0  0.609620 -3.809158 0.891812  0.008959 -0.821161 0.570627  0.538022 0.119442 1 2 1.000000
0  -0.021613 -3.815947 0.891812  0.008879 -0.843071 0.537729  0.538022 0.171709 1 2 1.000000
0  0.294866 -3.963768 0.699647  0.008455 -0.785897 0.618300  0.527901 0.145639 1 2 1.000000
recmag
0  -0.021613 -3.815947 0.891812  0.008879 -0.843071 0.537729  0.538022 0.171709 1 2 1.000000
0  0.223676 -3.977732 0.682845  0.008031 -0.786106 0.618040  0.527016 0.151545 1 2 1.000000
0  0.294866 -3.963768 0.699647  0.008455 -0.785897 0.618300  0.527901 0.145639 1 2 1.000000
recmag
0  -0.021613 -3.815947 0.891812  0.008879 -0.843071 0.537729  0.538022 0.171709 1 2 1.000000
0  0.177954 -4.026505 0.621355  0.008054 -0.786262 0.617841  0.523780 0.155374 1 2 1.000000
0  0.223676 -3.977732 0.682845  0.008031 -0.786106 0.618040  0.527016 0.151545 1 2 1.000000
recmag
0  -0.021613 -3.815947 0.891812  0.008879 -0.843071 0.537729  0.538022 0.171709 1 2 1.000000
0  -0.018214 -4.131981 0.489717  0.006901 -0.652954 0.757366  0.516852 0.171709 1 2 1.000000
0  0.177954 -4.026505 0.621355  0.008054 -0.786262 0.617841  0.523780 0.155374 1 2 1.000000
recmag
0  -0.018214 -4.131981 0.489717  0.006901 -0.652954 0.757366  0.516852 0.171709 1 2 1.000000
0  0.179067 -4.129860 0.489717  0.005260 -0.489341 0.872077  0.516852 0.155374 1 2 1.000000
0  0.177954 -4.026505 0.621355  0.008054 -0.786262 0.617841  0.523780 0.155374 1 2 1.000000
recmag
0  0.179067 -4.129860 0.489717  0.005260 -0.489341 0.872077  0.516852 0.155374 1 2 1.000000
0  -0.018214 -4.131981 0.489717  0.006901 -0.652954 0.757366  0.516852 0.171709 1 2 1.000000
0  -0.016314 -4.308525 0.431625  0.001702 -0.158268 0.987395  0.509144 0.171709 1 2 1.000000
recmag
0  -0.016314 -4.308525 0.431625  0.001702 -0.158268 0.987395  0.509144 0.171709 1 2 1.000000
0  0.180965 -4.306404 0.431625  0.001702 -0.158259 0.987396  0.509144 0.155374 1 2 1.000000
0  0.179067 -4.129860 0.489717  0.005260 -0.489341 0.872077  0.516852 0.155374 1 2 1.000000
recmag
0  0.635562 -6.221098 1.812619  -0.005632 0.523456 -0.852034  0.673092 0.119443 1 2 1.000000
0  0.004334 -6.227886 1.812619  -0.005629 0.523453 -0.852036  0.673092 0.171709 1 2 1.000000
0  -0.019544 -4.008341 1.812619  0.002661 -0.247355 -0.968921  0.581206 0.171709 1 2 1.000000
recmag
0  -0.019544 -4.008341 1.812619  0.002661 -0.247355 -0.968921  0.581206 0.171709 1 2 1.000000
0  0.611690 -4.001553 1.812619  0.002659 -0.247350 -0.968923  0.581206 0.119442 1 2 1.000000
0  0.635562 -6.221098 1.812619  -0.005632 0.523456 -0.852034  0.673092 0.119443 1 2 1.000000
recmag
0  0.609943 -3.839182 1.723927  0.007896 -0.734097 -0.678998  0.573551 0.119442 1 2 1.000000
0  0.611690 -4.001553 1.812619  0.002659 -0.247350 -0.968923  0.581206 0.119442 1 2 1.000000
0  -0.019544 -4.008341 1.812619  0.002661 -0.247355 -0.968921  0.581206 0.171709 1 2 1.000000
recmag
0  -0.019544 -4.008341 1.812619  0.002661 -0.247355 -0.968921  0.581206 0.171709 1 2 1.000000
0  -0.021290 -3.845974 1.723927  0.007899 -0.734097 -0.678999  0.573551 0.171709 1 2 1.000000
0  0.609943 -3.839182 1.723927  0.007896 -0.734097 -0.678998  0.573551 0.119442 1 2 1.000000
recmag
0  0.609943 -3.839182 1.723927  0.007896 -0.734097 -0.678998  0.573551 0.119442 1 2 1.000000
0  -0.021290 -3.845974 1.723927  0.007899 -0.734097 -0.678999  0.573551 0.171709 1 2 1.000000
0  -0.022086 -3.772003 1.559131  0.010332 -0.960388 -0.278473  0.566032 0.171709 1 2 1.000000
recmag
0  -0.022086 -3.772003 1.559131  0.010332 -0.960388 -0.278473  0.566032 0.171709 1 2 1.000000
0  0.609147 -3.765213 1.559131  0.010651 -0.990201 -0.139243  0.566032 0.119442 1 2 1.000000
0  0.609943 -3.839182 1.723927  0.007896 -0.734097 -0.678998  0.573551 0.119442 1 2 1.000000
recmag
0  0.609147 -3.765213 1.559131  0.010651 -0.990201 -0.139243  0.566032 0.119442 1 2 1.000000
0  -0.022086 -3.772003 1.559131  0.010332 -0.960388 -0.278473  0.566032 0.171709 1 2 1.000000
0  -0.022086 -3.772003 1.005246  0.010675 -0.992439 0.122272  0.543108 0.171709 1 2 1.000000
recmag
0  -0.022086 -3.772003 1.005246  0.010675 -0.992439 0.122272  0.543108 0.171709 1 2 1.000000
0  0.609147 -3.765213 1.005246  0.010429 -0.969590 0.244514  0.543108 0.119442 1 2 1.000000
0  0.609147 -3.765213 1.559131  0.010651 -0.990201 -0.139243  0.566032 0.119442 1 2 1.000000
recmag
0  0.609147 -3.765213 1.005246  0.010429 -0.969590 0.244514  0.543108 0.119442 1 2 1.000000
0  -0.022086 -3.772003 1.005246  0.010675 -0.992439 0.122272  0.543108 0.171709 1 2 1.000000
0  -0.021613 -3.815947 0.891812  0.008879 -0.843071 0.537729  0.538022 0.171709 1 2 1.000000
recmag
0  -0.021613 -3.815947 0.891812  0.008879 -0.843071 0.537729  0.538022 0.171709 1 2 1.000000
0  0.609620 -3.809158 0.891812  0.008959 -0.821161 0.570627  0.538022 0.119442 1 2 1.000000
0  0.609147 -3.765213 1.005246  0.010429 -0.969590 0.244514  0.543108 0.119442 1 2 1.000000
recmag
0  0.424236 -5.152107 0.431625  -0.875463 0.483285 0.000000  0.539618 0.338513 1 2 1.000000
0  0.424236 -5.152107 0.373091  -0.971686 0.236277 -0.000000  0.539618 0.332624 1 2 1.000000
0  0.378459 -5.200886 0.373091  -0.575317 0.817931 0.000000  0.536146 0.332624 1 2 1.000000
recmag
0  0.424236 -5.152107 0.373091  -0.971686 0.236277 -0.000000  0.539618 0.332624 1 2 1.000000
0  0.424236 -5.152107 0.431625  -0.875463 0.483285 0.000000  0.539618 0.338513 1 2 1.000000
0  0.415110 -4.303885 0.431625  -0.999942 -0.010758 -0.000008  0.582278 0.338513 1 2 1.000000
recmag
0  0.415110 -4.303885 0.431625  -0.999942 -0.010758 -0.000008  0.582278 0.338513 1 2 1.000000
0  0.414652 -4.261272 0.373089  -0.999942 -0.010759 -0.000008  0.584421 0.332624 1 2 1.000000
0  0.424236 -5.152107 0.373091  -0.971686 0.236277 -0.000000  0.539618 0.332624 1 2 1.000000
recmag
0  0.414652 -4.261272 0.373089  -0.999942 -0.010759 -0.000008  0.584421 0.332624 1 2 1.000000
0  0.415110 -4.303885 0.431625  -0.999942 -0.010758 -0.000008  0.582278 0.338513 1 2 1.000000
0  0.413210 -4.127342 0.489717  -0.999942 -0.010754 -0.000005  0.591156 0.344357 1 2 1.000000
recmag
0  0.413210 -4.127342 0.489717  -0.999942 -0.010754 -0.000005  0.591156 0.344357 1 2 1.000000
0  0.412833 -4.092258 0.431625  -0.999942 -0.010754 -0.000005  0.592921 0.338513 1 2 1.000000
0  0.414652 -4.261272 0.373089  -0.999942 -0.010759 -0.000008  0.584421 0.332624 1 2 1.000000
recmag
0  0.412099 -4.023987 0.509095  -0.966455 -0.256836 0.000003  0.596354 0.347220 1 2 1.000000
0  0.412833 -4.092258 0.431625  -0.999942 -0.010754 -0.000005  0.592921 0.338513 1 2 1.000000
0  0.413210 -4.127342 0.489717  -0.999942 -0.010754 -0.000005  0.591156 0.344357 1 2 1.000000
recmag
0  0.413210 -4.127342 0.489717  -0.999942 -0.010754 -0.000005  0.591156 0.344357 1 2 1.000000
0  0.412099 -4.023987 0.621355  -0.864578 -0.502499 -0.000048  0.596354 0.358512 1 2 1.000000
0  0.412099 -4.023987 0.509095  -0.966455 -0.256836 0.000003  0.596354 0.347220 1 2 1.000000
recmag
0  0.365284 -3.976208 0.563980  -0.557800 -0.829975 -0.000015  0.599787 0.355526 1 2 1.000000
0  0.412099 -4.023987 0.509095  -0.966455 -0.256836 0.000003  0.596354 0.347220 1 2 1.000000
0  0.412099 -4.023987 0.621355  -0.864578 -0.502499 -0.000048  0.596354 0.358512 1 2 1.000000
recmag
0  0.412099 -4.023987 0.621355  -0.864578 -0.502499 -0.000048  0.596354 0.358512 1 2 1.000000
0  0.365284 -3.976208 0.682845  -0.369656 -0.929169 0.000006  0.599787 0.367483 1 2 1.000000
0  0.365284 -3.976208 0.563980  -0.557800 -0.829975 -0.000015  0.599787 0.355526 1 2 1.000000
recmag
0  0.294866 -3.963768 0.578978  0.009267 -0.999957 0.000000  0.603353 0.364204 1 2 1.000000
0  0.365284 -3.976208 0.563980  -0.557800 -0.829975 -0.000015  0.599787 0.355526 1 2 1.000000
0  0.365284 -3.976208 0.682845  -0.369656 -0.929169 0.000006  0.599787 0.367483 1 2 1.000000
recmag
0  0.365284 -3.976208 0.682845  -0.369656 -0.929169 0.000006  0.599787 0.367483 1 2 1.000000
0  0.294866 -3.963768 0.699647  0.009640 -0.999954 0.000000  0.603353 0.376343 1 2 1.000000
0  0.294866 -3.963768 0.578978  0.009267 -0.999957 0.000000  0.603353 0.364204 1 2 1.000000
recmag
0  0.294866 -3.963768 0.578978  0.009267 -0.999957 0.000000  0.603353 0.364204 1 2 1.000000
0  0.294866 -3.963768 0.699647  0.009640 -0.999954 0.000000  0.603353 0.376343 1 2 1.000000
0  0.223676 -3.977732 0.682845  0.388078 -0.921627 -0.000006  0.599787 0.367483 1 2 1.000000
recmag
0  0.223676 -3.977732 0.682845  0.388078 -0.921627 -0.000006  0.599787 0.367483 1 2 1.000000
0  0.223676 -3.977732 0.563980  0.575145 -0.818051 0.000014  0.599787 0.355526 1 2 1.000000
0  0.294866 -3.963768 0.578978  0.009267 -0.999957 0.000000  0.603353 0.364204 1 2 1.000000
recmag
0  0.223676 -3.977732 0.563980  0.575145 -0.818051 0.000014  0.599787 0.355526 1 2 1.000000
0  0.223676 -3.977732 0.682845  0.388078 -0.921627 -0.000006  0.599787 0.367483 1 2 1.000000
0  0.177954 -4.026505 0.621355  0.875407 -0.483387 0.000001  0.596354 0.358512 1 2 1.000000
recmag
0  0.177954 -4.026505 0.621355  0.875407 -0.483387 0.000001  0.596354 0.358512 1 2 1.000000
0  0.177954 -4.026505 0.509095  0.971800 -0.235808 0.000004  0.596354 0.347220 1 2 1.000000
0  0.223676 -3.977732 0.563980  0.575145 -0.818051 0.000014  0.599787 0.355526 1 2 1.000000
recmag
0  0.177954 -4.026505 0.509095  0.971800 -0.235808 0.000004  0.596354 0.347220 1 2 1.000000
0  0.177954 -4.026505 0.621355  0.875407 -0.483387 0.000001  0.596354 0.358512 1 2 1.000000
0  0.179067 -4.129860 0.489717  0.999942 0.010769 -0.000011  0.591156 0.344357 1 2 1.000000
recmag
0  0.179067 -4.129860 0.489717  0.999942 0.010769 -0.000011  0.591156 0.344357 1 2 1.000000
0  0.178688 -4.094776 0.431625  0.999942 0.010772 -0.000018  0.592921 0.338513 1 2 1.000000
0  0.177954 -4.026505 0.509095  0.971800 -0.235808 0.000004  0.596354 0.347220 1 2 1.000000
recmag
0  0.180508 -4.263794 0.373089  0.999942 0.010753 0.000013  0.584421 0.332624 1 2 1.000000
0  0.178688 -4.094776 0.431625  0.999942 0.010772 -0.000018  0.592921 0.338513 1 2 1.000000
0  0.179067 -4.129860 0.489717  0.999942 0.010769 -0.000011  0.591156 0.344357 1 2 1.000000
recmag
0  0.179067 -4.129860 0.489717  0.999942 0.010769 -0.000011  0.591156 0.344357 1 2 1.000000
0  0.180965 -4.306404 0.431625  0.999942 0.010753 0.000020  0.582278 0.338513 1 2 1.000000
0  0.180508 -4.263794 0.373089  0.999942 0.010753 0.000013  0.584421 0.332624 1 2 1.000000
recmag
0  0.190091 -5.154625 0.373091  0.923891 0.382656 0.000001  0.539618 0.332624 1 2 1.000000
0  0.180508 -4.263794 0.373089  0.999942 0.010753 0.000013  0.584421 0.332624 1 2 1.000000
0  0.180965 -4.306404 0.431625  0.999942 0.010753 0.000020  0.582278 0.338513 1 2 1.000000
recmag
0  0.180965 -4.306404 0.431625  0.999942 0.010753 0.000020  0.582278 0.338513 1 2 1.000000
0  0.190091 -5.154625 0.431625  0.923893 0.382650 0.000000  0.539618 0.338513 1 2 1.000000
0  0.190091 -5.154625 0.373091  0.923891 0.382656 0.000001  0.539618 0.332624 1 2 1.000000
recmag
0  0.190091 -5.154625 0.373091  0.923891 0.382656 0.000001  0.539618 0.332624 1 2 1.000000
0  0.190091 -5.154625 0.431625  0.923893 0.382650 0.000000  0.539618 0.338513 1 2 1.000000
0  0.236850 -5.202408 0.431625  0.557209 0.830372 0.000000  0.536146 0.338513 1 2 1.000000
recmag
0  0.236850 -5.202408 0.431625  0.557209 0.830372 0.000000  0.536146 0.338513 1 2 1.000000
0  0.236850 -5.202408 0.373091  0.368419 0.929660 0.000000  0.536146 0.332624 1 2 1.000000
0  0.190091 -5.154625 0.373091  0.923891 0.382656 0.000001  0.539618 0.332624 1 2 1.000000
recmag
0  0.236850 -5.202408 0.373091  0.368419 0.929660 0.000000  0.536146 0.332624 1 2 1.000000
0  0.236850 -5.202408 0.431625  0.557209 0.830372 0.000000  0.536146 0.338513 1 2 1.000000
0  0.308325 -5.214832 0.431625  0.049895 0.998755 0.000000  0.532929 0.338513 1 2 1.000000
recmag
0  0.308325 -5.214832 0.431625  0.049895 0.998755 0.000000  0.532929 0.338513 1 2 1.000000
0  0.308325 -5.214832 0.373091  -0.074042 0.997255 0.000000  0.532929 0.332624 1 2 1.000000
0  0.236850 -5.202408 0.373091  0.368419 0.929660 0.000000  0.536146 0.332624 1 2 1.000000
recmag
0  0.308325 -5.214832 0.373091  -0.074042 0.997255 0.000000  0.532929 0.332624 1 2 1.000000
0  0.308325 -5.214832 0.431625  0.049895 0.998755 0.000000  0.532929 0.338513 1 2 1.000000
0  0.378459 -5.200886 0.431625  -0.389862 0.920873 0.000000  0.536146 0.338513 1 2 1.000000
recmag
0  0.378459 -5.200886 0.431625  -0.389862 0.920873 0.000000  0.536146 0.338513 1 2 1.000000
0  0.378459 -5.200886 0.373091  -0.575317 0.817931 0.000000  0.536146 0.332624 1 2 1.000000
0  0.308325 -5.214832 0.373091  -0.074042 0.997255 0.000000  0.532929 0.332624 1 2 1.000000
recmag
0  0.378459 -5.200886 0.373091  -0.575317 0.817931 0.000000  0.536146 0.332624 1 2 1.000000
0  0.378459 -5.200886 0.431625  -0.389862 0.920873 0.000000  0.536146 0.338513 1 2 1.000000
0  0.424236 -5.152107 0.431625  -0.875463 0.483285 0.000000  0.539618 0.338513 1 2 1.000000
recmag
0  0.245181 -5.976723 0.567753  0.640022 -0.768356 -0.000727  0.519394 0.356206 1 2 1.000000
0  0.199538 -6.032816 0.650782  0.976764 -0.214318 -0.000003  0.516545 0.366611 1 2 1.000000
0  0.199538 -6.032816 0.515535  0.897887 -0.440225 -0.000274  0.515293 0.352396 1 2 1.000000
recmag
0  0.200751 -6.145569 0.648755  0.971878 0.235485 -0.000000  0.510727 0.365929 1 2 1.000000
0  0.199538 -6.032816 0.515535  0.897887 -0.440225 -0.000274  0.515293 0.352396 1 2 1.000000
0  0.199538 -6.032816 0.650782  0.976764 -0.214318 -0.000003  0.516545 0.366611 1 2 1.000000
recmag
0  0.199538 -6.032816 0.650782  0.976764 -0.214318 -0.000003  0.516545 0.366611 1 2 1.000000
0  0.200751 -6.145569 0.819874  0.887971 0.459900 -0.000006  0.512185 0.382472 1 2 1.000000
0  0.200751 -6.145569 0.648755  0.971878 0.235485 -0.000000  0.510727 0.365929 1 2 1.000000
recmag
0  0.247590 -6.200665 0.715090  0.623268 0.782008 -0.000006  0.507864 0.374952 1 2 1.000000
0  0.200751 -6.145569 0.648755  0.971878 0.235485 -0.000000  0.510727 0.365929 1 2 1.000000
0  0.200751 -6.145569 0.819874  0.887971 0.459900 -0.000006  0.512185 0.382472 1 2 1.000000
recmag
0  0.200751 -6.145569 0.819874  0.887971 0.459900 -0.000006  0.512185 0.382472 1 2 1.000000
0  0.247590 -6.200665 0.903136  0.454559 0.890716 0.000002  0.509417 0.392559 1 2 1.000000
0  0.247590 -6.200665 0.715090  0.623268 0.782008 -0.000006  0.507864 0.374952 1 2 1.000000
recmag
0  0.319151 -6.221136 0.740518  -0.013141 0.999914 0.000000  0.504987 0.384505 1 2 1.000000
0  0.247590 -6.200665 0.715090  0.623268 0.782008 -0.000006  0.507864 0.374952 1 2 1.000000
0  0.247590 -6.200665 0.903136  0.454559 0.890716 0.000002  0.509417 0.392559 1 2 1.000000
recmag
0  0.247590 -6.200665 0.903136  0.454559 0.890716 0.000002  0.509417 0.392559 1 2 1.000000
0  0.319151 -6.221136 0.934936  -0.012169 0.999926 0.000000  0.506595 0.402743 1 2 1.000000
0  0.319151 -6.221136 0.740518  -0.013141 0.999914 0.000000  0.504987 0.384505 1 2 1.000000
recmag
0  0.319151 -6.221136 0.740518  -0.013141 0.999914 0.000000  0.504987 0.384505 1 2 1.000000
0  0.319151 -6.221136 0.934936  -0.012169 0.999926 0.000000  0.506595 0.402743 1 2 1.000000
0  0.389198 -6.199142 0.903136  -0.475928 0.879484 -0.000002  0.509417 0.392559 1 2 1.000000
recmag
0  0.389198 -6.199142 0.903136  -0.475928 0.879484 -0.000002  0.509417 0.392559 1 2 1.000000
0  0.389198 -6.199142 0.715090  -0.640659 0.767826 0.000001  0.507864 0.374952 1 2 1.000000
0  0.319151 -6.221136 0.740518  -0.013141 0.999914 0.000000  0.504987 0.384505 1 2 1.000000
recmag
0  0.389198 -6.199142 0.715090  -0.640659 0.767826 0.000001  0.507864 0.374952 1 2 1.000000
0  0.389198 -6.199142 0.903136  -0.475928 0.879484 -0.000002  0.509417 0.392559 1 2 1.000000
0  0.434896 -6.143051 0.819874  -0.897483 0.441049 0.000004  0.512185 0.382472 1 2 1.000000
recmag
0  0.434896 -6.143051 0.819874  -0.897483 0.441049 0.000004  0.512185 0.382472 1 2 1.000000
0  0.434896 -6.143051 0.648755  -0.976674 0.214728 0.000002  0.510727 0.365929 1 2 1.000000
0  0.389198 -6.199142 0.715090  -0.640659 0.767826 0.000001  0.507864 0.374952 1 2 1.000000
recmag
0  0.434896 -6.143051 0.648755  -0.976674 0.214728 0.000002  0.510727 0.365929 1 2 1.000000
0  0.434896 -6.143051 0.819874  -0.897483 0.441049 0.000004  0.512185 0.382472 1 2 1.000000
0  0.433683 -6.030298 0.650782  -0.971842 -0.235635 0.000001  0.516545 0.366611 1 2 1.000000
recmag
0  0.433683 -6.030298 0.650782  -0.971842 -0.235635 0.000001  0.516545 0.366611 1 2 1.000000
0  0.433683 -6.030298 0.515535  -0.887969 -0.459904 -0.000219  0.515292 0.352396 1 2 1.000000
0  0.434896 -6.143051 0.648755  -0.976674 0.214728 0.000002  0.510727 0.365929 1 2 1.000000
recmag
0  0.433683 -6.030298 0.515535  -0.887969 -0.459904 -0.000219  0.515292 0.352396 1 2 1.000000
0  0.433683 -6.030298 0.650782  -0.971842 -0.235635 0.000001  0.516545 0.366611 1 2 1.000000
0  0.386789 -5.975201 0.567753  -0.624030 -0.781400 -0.000536  0.519393 0.356206 1 2 1.000000
recmag
0  0.386789 -5.975201 0.567753  -0.624030 -0.781400 -0.000536  0.519393 0.356206 1 2 1.000000
0  0.386788 -5.975084 0.448825  -0.456427 -0.889761 -0.000539  0.518289 0.343605 1 2 1.000000
0  0.433683 -6.030298 0.515535  -0.887969 -0.459904 -0.000219  0.515292 0.352396 1 2 1.000000
recmag
0  0.386788 -5.975084 0.448825  -0.456427 -0.889761 -0.000539  0.518289 0.343605 1 2 1.000000
0  0.386789 -5.975201 0.567753  -0.624030 -0.781400 -0.000536  0.519393 0.356206 1 2 1.000000
0  0.316285 -5.954720 0.535952  0.008192 -0.999966 -0.000739  0.522155 0.346144 1 2 1.000000
recmag
0  0.316285 -5.954720 0.535952  0.008192 -0.999966 -0.000739  0.522155 0.346144 1 2 1.000000
0  0.316285 -5.954720 0.438237  0.008723 -0.999962 0.000000  0.521229 0.335647 1 2 1.000000
0  0.386788 -5.975084 0.448825  -0.456427 -0.889761 -0.000539  0.518289 0.343605 1 2 1.000000
recmag
0  0.245178 -5.976568 0.448778  0.472771 -0.881185 -0.000717  0.518290 0.343600 1 2 1.000000
0  0.316285 -5.954720 0.438237  0.008723 -0.999962 0.000000  0.521229 0.335647 1 2 1.000000
0  0.316285 -5.954720 0.535952  0.008192 -0.999966 -0.000739  0.522155 0.346144 1 2 1.000000
recmag
0  0.316285 -5.954720 0.535952  0.008192 -0.999966 -0.000739  0.522155 0.346144 1 2 1.000000
0  0.245181 -5.976723 0.567753  0.640022 -0.768356 -0.000727  0.519394 0.356206 1 2 1.000000
0  0.245178 -5.976568 0.448778  0.472771 -0.881185 -0.000717  0.518290 0.343600 1 2 1.000000
recmag
0  0.199538 -6.032816 0.515535  0.897887 -0.440225 -0.000274  0.515293 0.352396 1 2 1.000000
0  0.245178 -5.976568 0.448778  0.472771 -0.881185 -0.000717  0.518290 0.343600 1 2 1.000000
0  0.245181 -5.976723 0.567753  0.640022 -0.768356 -0.000727  0.519394 0.356206 1 2 1.000000
recmag
0  -0.098517 -7.483400 0.006281  -0.270818 0.579632 -0.768559  0.030069 0.152609 1 2 1.000000
0  -0.097623 -7.566486 -0.028135  -0.263100 -0.134389 -0.955363  0.018079 0.142676 1 2 1.000000
0  -0.223149 -7.567839 0.006628  -0.265941 0.128666 -0.955364  0.018079 0.161928 1 2 1.000000
recmag
0  -0.222520 -7.626347 0.030861  -0.258259 -0.585352 -0.768548  0.012897 0.166222 1 2 1.000000
0  -0.223149 -7.567839 0.006628  -0.265941 0.128666 -0.955364  0.018079 0.161928 1 2 1.000000
0  -0.097623 -7.566486 -0.028135  -0.263100 -0.134389 -0.955363  0.018079 0.142676 1 2 1.000000
recmag
0  -0.097623 -7.566486 -0.028135  -0.263100 -0.134389 -0.955363  0.018079 0.142676 1 2 1.000000
0  -0.096730 -7.649574 0.006281  -0.256270 -0.771362 -0.582517  0.006091 0.152609 1 2 1.000000
0  -0.222520 -7.626347 0.030861  -0.258259 -0.585352 -0.768548  0.012897 0.166222 1 2 1.000000
recmag
0  -0.222259 -7.650583 0.089374  -0.254280 -0.958140 -0.131562  0.010749 0.176589 1 2 1.000000
0  -0.222520 -7.626347 0.030861  -0.258259 -0.585352 -0.768548  0.012897 0.166222 1 2 1.000000
0  -0.096730 -7.649574 0.006281  -0.256270 -0.771362 -0.582517  0.006091 0.152609 1 2 1.000000
recmag
0  -0.096730 -7.649574 0.006281  -0.256270 -0.771362 -0.582517  0.006091 0.152609 1 2 1.000000
0  -0.096360 -7.683989 0.089374  -0.254282 -0.958141 0.131555  0.001125 0.176589 1 2 1.000000
0  -0.222259 -7.650583 0.089374  -0.254280 -0.958140 -0.131562  0.010749 0.176589 1 2 1.000000
recmag
0  -0.222520 -7.626347 0.147885  -0.256267 -0.771361 0.582519  0.012897 0.186956 1 2 1.000000
0  -0.222259 -7.650583 0.089374  -0.254280 -0.958140 -0.131562  0.010749 0.176589 1 2 1.000000
0  -0.096360 -7.683989 0.089374  -0.254282 -0.958141 0.131555  0.001125 0.176589 1 2 1.000000
recmag
0  -0.096360 -7.683989 0.089374  -0.254282 -0.958141 0.131555  0.001125 0.176589 1 2 1.000000
0  -0.096730 -7.649574 0.172468  -0.258270 -0.585370 0.768530  0.006091 0.200569 1 2 1.000000
0  -0.222520 -7.626347 0.147885  -0.256267 -0.771361 0.582519  0.012897 0.186956 1 2 1.000000
recmag
0  -0.223149 -7.567839 0.172124  -0.263132 -0.134366 0.955357  0.018079 0.191250 1 2 1.000000
0  -0.222520 -7.626347 0.147885  -0.256267 -0.771361 0.582519  0.012897 0.186956 1 2 1.000000
0  -0.096730 -7.649574 0.172468  -0.258270 -0.585370 0.768530  0.006091 0.200569 1 2 1.000000
recmag
0  -0.096730 -7.649574 0.172468  -0.258270 -0.585370 0.768530  0.006091 0.200569 1 2 1.000000
0  -0.097623 -7.566486 0.206885  -0.265939 0.128669 0.955364  0.018079 0.210502 1 2 1.000000
0  -0.223149 -7.567839 0.172124  -0.263132 -0.134366 0.955357  0.018079 0.191250 1 2 1.000000
recmag
0  -0.223780 -7.509329 0.147885  -0.270816 0.579623 0.768568  0.023263 0.186956 1 2 1.000000
0  -0.223149 -7.567839 0.172124  -0.263132 -0.134366 0.955357  0.018079 0.191250 1 2 1.000000
0  -0.097623 -7.566486 0.206885  -0.265939 0.128669 0.955364  0.018079 0.210502 1 2 1.000000
recmag
0  -0.097623 -7.566486 0.206885  -0.265939 0.128669 0.955364  0.018079 0.210502 1 2 1.000000
0  -0.098517 -7.483400 0.172468  -0.272763 0.765695 0.582504  0.030069 0.200569 1 2 1.000000
0  -0.223780 -7.509329 0.147885  -0.270816 0.579623 0.768568  0.023263 0.186956 1 2 1.000000
recmag
0  -0.224040 -7.485094 0.089374  -0.274772 0.952472 0.131520  0.025409 0.176589 1 2 1.000000
0  -0.223780 -7.509329 0.147885  -0.270816 0.579623 0.768568  0.023263 0.186956 1 2 1.000000
0  -0.098517 -7.483400 0.172468  -0.272763 0.765695 0.582504  0.030069 0.200569 1 2 1.000000
recmag
0  -0.098517 -7.483400 0.172468  -0.272763 0.765695 0.582504  0.030069 0.200569 1 2 1.000000
0  -0.098887 -7.448990 0.089374  -0.274763 0.952475 -0.131514  0.035033 0.176589 1 2 1.000000
0  -0.224040 -7.485094 0.089374  -0.274772 0.952472 0.131520  0.025409 0.176589 1 2 1.000000
recmag
0  -0.223780 -7.509329 0.030861  -0.272773 0.765687 -0.582511  0.023263 0.166222 1 2 1.000000
0  -0.224040 -7.485094 0.089374  -0.274772 0.952472 0.131520  0.025409 0.176589 1 2 1.000000
0  -0.098887 -7.448990 0.089374  -0.274763 0.952475 -0.131514  0.035033 0.176589 1 2 1.000000
recmag
0  -0.098887 -7.448990 0.089374  -0.274763 0.952475 -0.131514  0.035033 0.176589 1 2 1.000000
0  -0.098517 -7.483400 0.006281  -0.270818 0.579632 -0.768559  0.030069 0.152609 1 2 1.000000
0  -0.223780 -7.509329 0.030861  -0.272773 0.765687 -0.582511  0.023263 0.166222 1 2 1.000000
recmag
0  -0.223149 -7.567839 0.006628  -0.265941 0.128666 -0.955364  0.018079 0.161928 1 2 1.000000
0  -0.223780 -7.509329 0.030861  -0.272773 0.765687 -0.582511  0.023263 0.166222 1 2 1.000000
0  -0.098517 -7.483400 0.006281  -0.270818 0.579632 -0.768559  0.030069 0.152609 1 2 1.000000
recmag
0  0.856003 -6.767139 1.234065  0.010658 -0.990594 0.136415  0.493583 0.338914 1 2 1.000000
0  0.855712 -6.740107 1.299324  0.006500 -0.604002 0.796957  0.493583 0.346478 1 2 1.000000
0  -0.184732 -6.751303 1.299324  0.008572 -0.796915 0.604031  0.435630 0.346478 1 2 1.000000
recmag
0  -0.185434 -6.686047 1.326355  0.001466 -0.136406 0.990652  0.435630 0.353311 1 2 1.000000
0  -0.184732 -6.751303 1.299324  0.008572 -0.796915 0.604031  0.435630 0.346478 1 2 1.000000
0  0.855712 -6.740107 1.299324  0.006500 -0.604002 0.796957  0.493583 0.346478 1 2 1.000000
recmag
0  0.855712 -6.740107 1.299324  0.006500 -0.604002 0.796957  0.493583 0.346478 1 2 1.000000
0  0.855011 -6.674852 1.326358  -0.001471 0.136405 0.990652  0.493583 0.353311 1 2 1.000000
0  -0.185434 -6.686047 1.326355  0.001466 -0.136406 0.990652  0.435630 0.353311 1 2 1.000000
recmag
0  -0.186137 -6.620792 1.299324  -0.006499 0.604000 0.796958  0.435630 0.346478 1 2 1.000000
0  -0.185434 -6.686047 1.326355  0.001466 -0.136406 0.990652  0.435630 0.353311 1 2 1.000000
0  0.855011 -6.674852 1.326358  -0.001471 0.136405 0.990652  0.493583 0.353311 1 2 1.000000
recmag
0  0.855011 -6.674852 1.326358  -0.001471 0.136405 0.990652  0.493583 0.353311 1 2 1.000000
0  0.854308 -6.609596 1.299324  -0.008573 0.796924 0.604019  0.493583 0.346478 1 2 1.000000
0  -0.186137 -6.620792 1.299324  -0.006499 0.604000 0.796958  0.435630 0.346478 1 2 1.000000
recmag
0  -0.186427 -6.593761 1.234064  -0.010660 0.990595 0.136409  0.435630 0.338914 1 2 1.000000
0  -0.186137 -6.620792 1.299324  -0.006499 0.604000 0.796958  0.435630 0.346478 1 2 1.000000
0  0.854308 -6.609596 1.299324  -0.008573 0.796924 0.604019  0.493583 0.346478 1 2 1.000000
recmag
0  0.854308 -6.609596 1.299324  -0.008573 0.796924 0.604019  0.493583 0.346478 1 2 1.000000
0  0.854018 -6.582567 1.234065  -0.010660 0.990595 -0.136414  0.493583 0.338914 1 2 1.000000
0  -0.186427 -6.593761 1.234064  -0.010660 0.990595 0.136409  0.435630 0.338914 1 2 1.000000
recmag
0  -0.186137 -6.620792 1.168806  -0.008572 0.796909 -0.604039  0.435630 0.331350 1 2 1.000000
0  -0.186427 -6.593761 1.234064  -0.010660 0.990595 0.136409  0.435630 0.338914 1 2 1.000000
0  0.854018 -6.582567 1.234065  -0.010660 0.990595 -0.136414  0.493583 0.338914 1 2 1.000000
recmag
0  0.854018 -6.582567 1.234065  -0.010660 0.990595 -0.136414  0.493583 0.338914 1 2 1.000000
0  0.854308 -6.609596 1.168806  -0.006498 0.604010 -0.796951  0.493583 0.331350 1 2 1.000000
0  -0.186137 -6.620792 1.168806  -0.008572 0.796909 -0.604039  0.435630 0.331350 1 2 1.000000
recmag
0  -0.185434 -6.686047 1.141774  -0.001470 0.136408 -0.990652  0.435630 0.324516 1 2 1.000000
0  -0.186137 -6.620792 1.168806  -0.008572 0.796909 -0.604039  0.435630 0.331350 1 2 1.000000
0  0.854308 -6.609596 1.168806  -0.006498 0.604010 -0.796951  0.493583 0.331350 1 2 1.000000
recmag
0  0.854308 -6.609596 1.168806  -0.006498 0.604010 -0.796951  0.493583 0.331350 1 2 1.000000
0  0.855011 -6.674852 1.141774  0.001466 -0.136409 -0.990652  0.493583 0.324516 1 2 1.000000
0  -0.185434 -6.686047 1.141774  -0.001470 0.136408 -0.990652  0.435630 0.324516 1 2 1.000000
recmag
0  -0.184732 -6.751303 1.168806  0.006500 -0.604013 -0.796948  0.435630 0.331350 1 2 1.000000
0  -0.185434 -6.686047 1.141774  -0.001470 0.136408 -0.990652  0.435630 0.324516 1 2 1.000000
0  0.855011 -6.674852 1.141774  0.001466 -0.136409 -0.990652  0.493583 0.324516 1 2 1.000000
recmag
0  0.855011 -6.674852 1.141774  0.001466 -0.136409 -0.990652  0.493583 0.324516 1 2 1.000000
0  0.855712 -6.740107 1.168806  0.008574 -0.796902 -0.604048  0.493583 0.331350 1 2 1.000000
0  -0.184732 -6.751303 1.168806  0.006500 -0.604013 -0.796948  0.435630 0.331350 1 2 1.000000
recmag
0  -0.184442 -6.778332 1.234065  0.010660 -0.990594 -0.136415  0.435630 0.338914 1 2 1.000000
0  -0.184732 -6.751303 1.168806  0.006500 -0.604013 -0.796948  0.435630 0.331350 1 2 1.000000
0  0.855712 -6.740107 1.168806  0.008574 -0.796902 -0.604048  0.493583 0.331350 1 2 1.000000
recmag
0  0.855712 -6.740107 1.168806  0.008574 -0.796902 -0.604048  0.493583 0.331350 1 2 1.000000
0  0.856003 -6.767139 1.234065  0.010658 -0.990594 0.136415  0.493583 0.338914 1 2 1.000000
0  -0.184442 -6.778332 1.234065  0.010660 -0.990594 -0.136415  0.435630 0.338914 1 2 1.000000
recmag
0  -0.184732 -6.751303 1.299324  0.008572 -0.796915 0.604031  0.435630 0.346478 1 2 1.000000
0  -0.184442 -6.778332 1.234065  0.010660 -0.990594 -0.136415  0.435630 0.338914 1 2 1.000000
0  0.856003 -6.767139 1.234065  0.010658 -0.990594 0.136415  0.493583 0.338914 1 2 1.000000
recmag
0  0.765703 -7.284370 2.431490  0.993004 0.010680 0.117593  0.161621 0.399558 1 2 1.000000
0  0.767016 -7.406412 1.814540  0.999942 0.010757 0.000000  0.156669 0.349484 1 2 1.000000
0  0.767016 -7.406412 0.298041  0.999942 0.010755 -0.000002  0.156669 0.226398 1 2 1.000000
recmag
0  0.761849 -6.926071 -0.142716  0.999942 0.010757 0.000001  0.176165 0.190623 1 2 1.000000
0  0.765703 -7.284370 2.431490  0.993004 0.010680 0.117593  0.161621 0.399558 1 2 1.000000
0  0.767016 -7.406412 0.298041  0.999942 0.010755 -0.000002  0.156669 0.226398 1 2 1.000000
recmag
0  0.761849 -6.926071 -0.142716  0.999942 0.010757 0.000001  0.176165 0.190623 1 2 1.000000
0  0.767016 -7.406412 0.298041  0.999942 0.010755 -0.000002  0.156669 0.226398 1 2 1.000000
0  0.767373 -7.439671 0.204194  0.999942 0.010754 -0.000001  0.155319 0.218780 1 2 1.000000
recmag
0  0.761849 -6.926071 -0.142716  0.999942 0.010757 0.000001  0.176165 0.190623 1 2 1.000000
0  0.767373 -7.439671 0.204194  0.999942 0.010754 -0.000001  0.155319 0.218780 1 2 1.000000
0  0.767766 -7.476200 0.204194  0.999942 0.010758 -0.000001  0.153837 0.218780 1 2 1.000000
recmag
0  0.761849 -6.926071 -0.142716  0.999942 0.010757 0.000001  0.176165 0.190623 1 2 1.000000
0  0.767766 -7.476200 0.204194  0.999942 0.010758 -0.000001  0.153837 0.218780 1 2 1.000000
0  0.777692 -8.398767 0.298041  0.999942 0.010757 0.000001  0.116399 0.226398 1 2 1.000000
recmag
0  0.767766 -7.476200 0.204194  0.999942 0.010758 -0.000001  0.153837 0.218780 1 2 1.000000
0  0.768103 -7.507347 0.298041  0.999942 0.010756 -0.000011  0.152573 0.226398 1 2 1.000000
0  0.777692 -8.398767 0.298041  0.999942 0.010757 0.000001  0.116399 0.226398 1 2 1.000000
recmag
0  0.768103 -7.507347 0.298041  0.999942 0.010756 -0.000011  0.152573 0.226398 1 2 1.000000
0  0.768103 -7.507347 1.814540  0.999942 0.010755 0.000001  0.152573 0.349484 1 2 1.000000
0  0.777692 -8.398767 0.298041  0.999942 0.010757 0.000001  0.116399 0.226398 1 2 1.000000
recmag
0  0.768103 -7.507347 1.814540  0.999942 0.010755 0.000001  0.152573 0.349484 1 2 1.000000
0  0.777334 -8.365505 0.391794  0.999942 0.010750 0.000006  0.117749 0.234007 1 2 1.000000
0  0.777692 -8.398767 0.298041  0.999942 0.010757 0.000001  0.116399 0.226398 1 2 1.000000
recmag
0  0.768103 -7.507347 1.814540  0.999942 0.010755 0.000001  0.152573 0.349484 1 2 1.000000
0  0.776020 -8.243465 2.431490  0.992998 0.010678 0.117645  0.122702 0.399558 1 2 1.000000
0  0.777334 -8.365505 0.391794  0.999942 0.010750 0.000006  0.117749 0.234007 1 2 1.000000
recmag
0  0.776020 -8.243465 2.431490  0.992998 0.010678 0.117645  0.122702 0.399558 1 2 1.000000
0  0.777334 -8.365505 1.814540  0.999942 0.010765 0.000000  0.117749 0.349484 1 2 1.000000
0  0.777334 -8.365505 0.391794  0.999942 0.010750 0.000006  0.117749 0.234007 1 2 1.000000
recmag
0  0.682256 -7.477119 2.712711  0.956753 0.010275 0.290719  0.153837 0.422383 1 2 1.000000
0  0.681864 -7.440590 2.712711  0.956736 0.010243 0.290778  0.155319 0.422383 1 2 1.000000
0  0.582693 -8.773052 3.086255  0.956729 0.010362 0.290794  0.101302 0.452711 1 2 1.000000
recmag
0  0.681864 -7.440590 2.712711  0.956736 0.010243 0.290778  0.155319 0.422383 1 2 1.000000
0  0.562845 -6.928211 3.086255  0.956731 0.010260 0.290792  0.176165 0.452711 1 2 1.000000
0  0.582693 -8.773052 3.086255  0.956729 0.010362 0.290794  0.101302 0.452711 1 2 1.000000
recmag
0  0.681864 -7.440590 2.712711  0.956736 0.010243 0.290778  0.155319 0.422383 1 2 1.000000
0  0.765703 -7.284370 2.431490  0.993004 0.010680 0.117593  0.161621 0.399558 1 2 1.000000
0  0.562845 -6.928211 3.086255  0.956731 0.010260 0.290792  0.176165 0.452711 1 2 1.000000
recmag
0  0.765703 -7.284370 2.431490  0.993004 0.010680 0.117593  0.161621 0.399558 1 2 1.000000
0  0.761849 -6.926071 2.431490  0.989079 0.010639 0.147004  0.176165 0.399558 1 2 1.000000
0  0.562845 -6.928211 3.086255  0.956731 0.010260 0.290792  0.176165 0.452711 1 2 1.000000
recmag
0  0.761849 -6.926071 -0.142716  0.999942 0.010757 0.000001  0.176165 0.190623 1 2 1.000000
0  0.761849 -6.926071 2.431490  0.989079 0.010639 0.147004  0.176165 0.399558 1 2 1.000000
0  0.765703 -7.284370 2.431490  0.993004 0.010680 0.117593  0.161621 0.399558 1 2 1.000000
recmag
0  0.798729 -10.354221 0.215904  0.999942 0.010758 0.000000  0.037044 0.219731 1 2 1.000000
0  0.779557 -8.572147 2.431490  0.989075 0.010681 0.147023  0.109364 0.399558 1 2 1.000000
0  0.798729 -10.354221 2.431490  0.974423 0.001905 0.224715  0.037044 0.399558 1 2 1.000000
recmag
0  0.798729 -10.354221 2.431490  0.974423 0.001905 0.224715  0.037044 0.399558 1 2 1.000000
0  0.779557 -8.572147 2.431490  0.989075 0.010681 0.147023  0.109364 0.399558 1 2 1.000000
0  0.669566 -8.974724 2.807682  0.947773 0.001811 0.318940  0.093078 0.430092 1 2 1.000000
recmag
0  0.779557 -8.572147 2.431490  0.989075 0.010681 0.147023  0.109364 0.399558 1 2 1.000000
0  0.582693 -8.773052 3.086255  0.956729 0.010362 0.290794  0.101302 0.452711 1 2 1.000000
0  0.669566 -8.974724 2.807682  0.947773 0.001811 0.318940  0.093078 0.430092 1 2 1.000000
recmag
0  0.779557 -8.572147 2.431490  0.989075 0.010681 0.147023  0.109364 0.399558 1 2 1.000000
0  0.692575 -8.436218 2.712711  0.956733 0.010370 0.290782  0.114917 0.422383 1 2 1.000000
0  0.582693 -8.773052 3.086255  0.956729 0.010362 0.290794  0.101302 0.452711 1 2 1.000000
recmag
0  0.692575 -8.436218 2.712711  0.956733 0.010370 0.290782  0.114917 0.422383 1 2 1.000000
0  0.692182 -8.399685 2.712711  0.956737 0.010293 0.290773  0.116399 0.422383 1 2 1.000000
0  0.582693 -8.773052 3.086255  0.956729 0.010362 0.290794  0.101302 0.452711 1 2 1.000000
recmag
0  0.692182 -8.399685 2.712711  0.956737 0.010293 0.290773  0.116399 0.422383 1 2 1.000000
0  0.682256 -7.477119 2.712711  0.956753 0.010275 0.290719  0.153837 0.422383 1 2 1.000000
0  0.582693 -8.773052 3.086255  0.956729 0.010362 0.290794  0.101302 0.452711 1 2 1.000000
recmag
0  0.692182 -8.399685 2.712711  0.956737 0.010293 0.290773  0.116399 0.422383 1 2 1.000000
0  0.776020 -8.243465 2.431490  0.992998 0.010678 0.117645  0.122702 0.399558 1 2 1.000000
0  0.682256 -7.477119 2.712711  0.956753 0.010275 0.290719  0.153837 0.422383 1 2 1.000000
recmag
0  0.776020 -8.243465 2.431490  0.992998 0.010678 0.117645  0.122702 0.399558 1 2 1.000000
0  0.769239 -7.613035 2.431490  0.989070 0.010681 0.147062  0.148284 0.399558 1 2 1.000000
0  0.682256 -7.477119 2.712711  0.956753 0.010275 0.290719  0.153837 0.422383 1 2 1.000000
recmag
0  0.768103 -7.507347 1.814540  0.999942 0.010755 0.000001  0.152573 0.349484 1 2 1.000000
0  0.769239 -7.613035 2.431490  0.989070 0.010681 0.147062  0.148284 0.399558 1 2 1.000000
0  0.776020 -8.243465 2.431490  0.992998 0.010678 0.117645  0.122702 0.399558 1 2 1.000000
recmag
0  0.798729 -10.354221 2.431490  0.974423 0.001905 0.224715  0.037044 0.399558 1 2 1.000000
0  0.669566 -8.974724 2.807682  0.947773 0.001811 0.318940  0.093078 0.430092 1 2 1.000000
0  0.684420 -10.355453 2.714561  0.927166 -0.015272 0.374339  0.037044 0.422533 1 2 1.000000
recmag
0  0.761849 -6.926071 -0.142716  0.999942 0.010757 0.000001  0.176165 0.190623 1 2 1.000000
0  0.777692 -8.398767 0.298041  0.999942 0.010757 0.000001  0.116399 0.226398 1 2 1.000000
0  0.778085 -8.435295 0.298041  0.999942 0.010757 0.000004  0.114917 0.226398 1 2 1.000000
recmag
0  0.798729 -10.354221 0.215904  0.999942 0.010758 0.000000  0.037044 0.219731 1 2 1.000000
0  0.761849 -6.926071 -0.142716  0.999942 0.010757 0.000001  0.176165 0.190623 1 2 1.000000
0  0.778085 -8.435295 0.298041  0.999942 0.010757 0.000004  0.114917 0.226398 1 2 1.000000
recmag
0  0.798729 -10.354221 0.215904  0.999942 0.010758 0.000000  0.037044 0.219731 1 2 1.000000
0  0.778085 -8.435295 0.298041  0.999942 0.010757 0.000004  0.114917 0.226398 1 2 1.000000
0  0.778419 -8.466438 0.391794  0.999942 0.010758 0.000005  0.113653 0.234007 1 2 1.000000
recmag
0  0.798729 -10.354221 0.215904  0.999942 0.010758 0.000000  0.037044 0.219731 1 2 1.000000
0  0.778419 -8.466438 0.391794  0.999942 0.010758 0.000005  0.113653 0.234007 1 2 1.000000
0  0.779557 -8.572147 2.431490  0.989075 0.010681 0.147023  0.109364 0.399558 1 2 1.000000
recmag
0  0.778419 -8.466438 0.391794  0.999942 0.010758 0.000005  0.113653 0.234007 1 2 1.000000
0  0.778419 -8.466438 1.814540  0.999942 0.010764 0.000000  0.113653 0.349484 1 2 1.000000
0  0.779557 -8.572147 2.431490  0.989075 0.010681 0.147023  0.109364 0.399558 1 2 1.000000
recmag
0  -0.012892 -7.484600 2.712711  -0.999060 -0.010698 -0.042010  0.153837 0.422383 1 2 1.000000
0  -0.013283 -7.448071 2.712711  -0.999060 -0.010694 -0.042009  0.155319 0.422383 1 2 1.000000
0  -0.001460 -7.447941 2.431490  -0.999868 -0.010755 0.012207  0.155319 0.399558 1 2 1.000000
recmag
0  -0.001460 -7.447941 2.431490  -0.999868 -0.010755 0.012207  0.155319 0.399558 1 2 1.000000
0  -0.001067 -7.484470 2.431490  -0.999868 -0.010757 0.012206  0.153837 0.399558 1 2 1.000000
0  -0.012892 -7.484600 2.712711  -0.999060 -0.010698 -0.042010  0.153837 0.422383 1 2 1.000000
recmag
0  -0.042117 -7.484913 1.814540  -0.999390 -0.010752 0.033216  0.153837 0.349484 1 2 1.000000
0  -0.001067 -7.484470 2.431490  -0.999868 -0.010757 0.012206  0.153837 0.399558 1 2 1.000000
0  -0.001460 -7.447941 2.431490  -0.999868 -0.010755 0.012207  0.155319 0.399558 1 2 1.000000
recmag
0  -0.001460 -7.447941 2.431490  -0.999868 -0.010755 0.012207  0.155319 0.399558 1 2 1.000000
0  -0.042510 -7.448383 1.814540  -0.999390 -0.010752 0.033216  0.155319 0.349484 1 2 1.000000
0  -0.042117 -7.484913 1.814540  -0.999390 -0.010752 0.033216  0.153837 0.349484 1 2 1.000000
recmag
0  -0.042117 -7.484913 1.814540  -0.999390 -0.010752 0.033216  0.153837 0.349484 1 2 1.000000
0  -0.042510 -7.448383 1.814540  -0.999390 -0.010752 0.033216  0.155319 0.349484 1 2 1.000000
0  -0.042510 -7.448383 0.298041  -0.984035 -0.010587 0.177657  0.155319 0.226398 1 2 1.000000
recmag
0  -0.042510 -7.448383 0.298041  -0.984035 -0.010587 0.177657  0.155319 0.226398 1 2 1.000000
0  -0.042117 -7.484913 0.298041  -0.934994 -0.010059 0.354520  0.153837 0.226398 1 2 1.000000
0  -0.042117 -7.484913 1.814540  -0.999390 -0.010752 0.033216  0.153837 0.349484 1 2 1.000000
recmag
0  -0.042117 -7.484913 0.298041  -0.934994 -0.010059 0.354520  0.153837 0.226398 1 2 1.000000
0  -0.042510 -7.448383 0.298041  -0.984035 -0.010587 0.177657  0.155319 0.226398 1 2 1.000000
0  -0.098887 -7.448990 0.204194  -0.857152 -0.009221 0.514982  0.155319 0.218780 1 2 1.000000
recmag
0  -0.098887 -7.448990 0.204194  -0.857152 -0.009221 0.514982  0.155319 0.218780 1 2 1.000000
0  -0.098494 -7.485521 0.204194  -0.857151 -0.009221 0.514982  0.153837 0.218780 1 2 1.000000
0  -0.042117 -7.484913 0.298041  -0.934994 -0.010059 0.354520  0.153837 0.226398 1 2 1.000000
recmag
0  0.114529 -8.778088 3.086255  0.000000 0.000000 1.000000  0.101302 0.496882 1 2 1.000000
0  0.150783 -8.777699 3.086255  0.000000 0.000000 1.000000  0.101302 0.492513 1 2 1.000000
0  0.131682 -7.002234 3.086255  0.000002 0.000000 1.000000  0.173339 0.492513 1 2 1.000000
recmag
0  0.114529 -8.778088 3.086255  0.000000 0.000000 1.000000  0.101302 0.496882 1 2 1.000000
0  0.131682 -7.002234 3.086255  0.000002 0.000000 1.000000  0.173339 0.492513 1 2 1.000000
0  0.094683 -6.933249 3.086255  0.000001 0.000000 1.000000  0.176165 0.496882 1 2 1.000000
recmag
0  0.131682 -7.002234 3.086255  0.000002 0.000000 1.000000  0.173339 0.492513 1 2 1.000000
0  0.527340 -6.997976 3.086255  0.000000 0.000000 1.000000  0.173339 0.457180 1 2 1.000000
0  0.094683 -6.933249 3.086255  0.000001 0.000000 1.000000  0.176165 0.496882 1 2 1.000000
recmag
0  0.527340 -6.997976 3.086255  0.000000 0.000000 1.000000  0.173339 0.457180 1 2 1.000000
0  0.562845 -6.928211 3.086255  0.000000 0.000000 1.000000  0.176165 0.452692 1 2 1.000000
0  0.094683 -6.933249 3.086255  0.000001 0.000000 1.000000  0.176165 0.496882 1 2 1.000000
recmag
0  0.527340 -6.997976 3.086255  0.000000 0.000000 1.000000  0.173339 0.457180 1 2 1.000000
0  0.546440 -8.773441 3.086255  0.000014 0.000000 1.000000  0.101302 0.457180 1 2 1.000000
0  0.562845 -6.928211 3.086255  0.000000 0.000000 1.000000  0.176165 0.452692 1 2 1.000000
recmag
0  0.546440 -8.773441 3.086255  0.000014 0.000000 1.000000  0.101302 0.457180 1 2 1.000000
0  0.582693 -8.773052 3.086255  0.000014 0.000000 1.000000  0.101302 0.452692 1 2 1.000000
0  0.562845 -6.928211 3.086255  0.000000 0.000000 1.000000  0.176165 0.452692 1 2 1.000000
recmag
0  0.672799 -10.618845 0.204652  0.001096 -0.101900 -0.994794  0.216967 0.480638 1 2 1.000000
0  0.061904 -10.625418 0.204652  0.001096 -0.101901 -0.994794  0.216967 0.431052 1 2 1.000000
0  -0.114347 -10.405540 0.181935  0.001096 -0.101841 -0.994800  0.226012 0.416939 1 2 1.000000
recmag
0  -0.114347 -10.405540 0.181935  0.001096 -0.101841 -0.994800  0.226012 0.416939 1 2 1.000000
0  0.844282 -10.395227 0.181935  0.001096 -0.101841 -0.994800  0.226012 0.494751 1 2 1.000000
0  0.672799 -10.618845 0.204652  0.001096 -0.101900 -0.994794  0.216967 0.480638 1 2 1.000000
recmag
0  0.844282 -10.395227 0.181935  0.001096 -0.101841 -0.994800  0.226012 0.494751 1 2 1.000000
0  -0.114347 -10.405540 0.181935  0.001096 -0.101841 -0.994800  0.226012 0.416939 1 2 1.000000
0  -0.151261 -6.974255 -0.169260  0.001095 -0.101807 -0.994803  0.365854 0.416939 1 2 1.000000
recmag
0  -0.151261 -6.974255 -0.169260  0.001095 -0.101807 -0.994803  0.365854 0.416939 1 2 1.000000
0  0.807365 -6.963940 -0.169260  0.001095 -0.101807 -0.994803  0.365854 0.494751 1 2 1.000000
0  0.844282 -10.395227 0.181935  0.001096 -0.101841 -0.994800  0.226012 0.494751 1 2 1.000000
recmag
0  0.669566 -8.974724 2.807682  -0.000919 -0.067426 0.997724  0.087936 0.446347 1 2 1.000000
0  0.603667 -8.975433 2.807682  0.000727 -0.067458 0.997722  0.087936 0.452233 1 2 1.000000
0  0.617775 -10.286907 2.719000  -0.001030 -0.065660 0.997841  0.034021 0.452233 1 2 1.000000
recmag
0  0.669566 -8.974724 2.807682  -0.000919 -0.067426 0.997724  0.087936 0.446347 1 2 1.000000
0  0.617775 -10.286907 2.719000  -0.001030 -0.065660 0.997841  0.034021 0.452233 1 2 1.000000
0  0.684420 -10.355453 2.714561  -0.000542 -0.065227 0.997870  0.031193 0.446347 1 2 1.000000
recmag
0  0.617775 -10.286907 2.719000  -0.001030 -0.065660 0.997841  0.034021 0.452233 1 2 1.000000
0  0.112025 -10.292351 2.719000  0.002575 -0.065708 0.997836  0.034021 0.497398 1 2 1.000000
0  0.684420 -10.355453 2.714561  -0.000542 -0.065227 0.997870  0.031193 0.446347 1 2 1.000000
recmag
0  0.112025 -10.292351 2.719000  0.002575 -0.065708 0.997836  0.034021 0.497398 1 2 1.000000
0  0.046870 -10.362312 2.714561  0.002381 -0.065628 0.997841  0.031193 0.503272 1 2 1.000000
0  0.684420 -10.355453 2.714561  -0.000542 -0.065227 0.997870  0.031193 0.446347 1 2 1.000000
recmag
0  0.112025 -10.292351 2.719000  0.002575 -0.065708 0.997836  0.034021 0.497398 1 2 1.000000
0  0.097915 -8.980873 2.807682  0.002516 -0.067329 0.997728  0.087936 0.497398 1 2 1.000000
0  0.046870 -10.362312 2.714561  0.002381 -0.065628 0.997841  0.031193 0.503272 1 2 1.000000
recmag
0  0.097915 -8.980873 2.807682  0.002516 -0.067329 0.997728  0.087936 0.497398 1 2 1.000000
0  0.032016 -8.981583 2.807682  0.000727 -0.067283 0.997734  0.087936 0.503272 1 2 1.000000
0  0.046870 -10.362312 2.714561  0.002381 -0.065628 0.997841  0.031193 0.503272 1 2 1.000000
recmag
0  0.345961 -4.788094 1.577791  -0.010707 0.993816 0.110526  0.294883 0.721550 1 2 1.000000
0  0.458630 -4.786880 1.577791  -0.010708 0.993816 0.110525  0.286796 0.721550 1 2 1.000000
0  0.458277 -4.754025 1.282332  -0.010731 0.999164 0.039445  0.286796 0.679134 1 2 1.000000
recmag
0  0.458277 -4.754025 1.282332  -0.010731 0.999164 0.039445  0.286796 0.679134 1 2 1.000000
0  0.345607 -4.755238 1.282332  -0.010729 0.999426 -0.032144  0.294883 0.679134 1 2 1.000000
0  0.345961 -4.788094 1.577791  -0.010707 0.993816 0.110526  0.294883 0.721550 1 2 1.000000
recmag
0  0.345607 -4.755238 1.282332  -0.010729 0.999426 -0.032144  0.294883 0.679134 1 2 1.000000
0  0.458277 -4.754025 1.282332  -0.010731 0.999164 0.039445  0.286796 0.679134 1 2 1.000000
0  0.458541 -4.778624 1.045301  -0.010500 0.974001 -0.226298  0.286796 0.645105 1 2 1.000000
recmag
0  0.458541 -4.778624 1.045301  -0.010500 0.974001 -0.226298  0.286796 0.645105 1 2 1.000000
0  0.345871 -4.779839 1.045301  -0.010049 0.937558 -0.347684  0.294883 0.645105 1 2 1.000000
0  0.345607 -4.755238 1.282332  -0.010729 0.999426 -0.032144  0.294883 0.679134 1 2 1.000000
recmag
0  0.345871 -4.779839 1.045301  -0.010049 0.937558 -0.347684  0.294883 0.645105 1 2 1.000000
0  0.458541 -4.778624 1.045301  -0.010500 0.974001 -0.226298  0.286796 0.645105 1 2 1.000000
0  0.459999 -4.914127 0.784980  -0.009058 0.843706 -0.536729  0.286796 0.603033 1 2 1.000000
recmag
0  0.459999 -4.914127 0.784980  -0.009058 0.843706 -0.536729  0.286796 0.603033 1 2 1.000000
0  0.347331 -4.915339 0.784980  -0.008546 0.793722 -0.608221  0.294883 0.603033 1 2 1.000000
0  0.345871 -4.779839 1.045301  -0.010049 0.937558 -0.347684  0.294883 0.645105 1 2 1.000000
recmag
0  0.347331 -4.915339 0.784980  -0.008546 0.793722 -0.608221  0.294883 0.603033 1 2 1.000000
0  0.459999 -4.914127 0.784980  -0.009058 0.843706 -0.536729  0.286796 0.603033 1 2 1.000000
0  0.461031 -5.010149 0.679901  -0.007943 0.738143 -0.674598  0.286796 0.582887 1 2 1.000000
recmag
0  0.261494 -4.916264 0.784980  -0.008392 0.780321 -0.625323  0.301044 0.603033 1 2 1.000000
0  0.347331 -4.915339 0.784980  -0.008546 0.793722 -0.608221  0.294883 0.603033 1 2 1.000000
0  0.461031 -5.010149 0.679901  -0.007943 0.738143 -0.674598  0.286796 0.582887 1 2 1.000000
recmag
0  0.261494 -4.916264 0.784980  -0.008392 0.780321 -0.625323  0.301044 0.603033 1 2 1.000000
0  0.461031 -5.010149 0.679901  -0.007943 0.738143 -0.674598  0.286796 0.582887 1 2 1.000000
0  0.149860 -5.013496 0.679901  -0.007943 0.738149 -0.674591  0.309131 0.582887 1 2 1.000000
recmag
0  0.261494 -4.916264 0.784980  -0.008392 0.780321 -0.625323  0.301044 0.603033 1 2 1.000000
0  0.149860 -5.013496 0.679901  -0.007943 0.738149 -0.674591  0.309131 0.582887 1 2 1.000000
0  0.148827 -4.917477 0.784980  -0.009082 0.843705 -0.536730  0.309131 0.603033 1 2 1.000000
recmag
0  0.260038 -4.780758 1.045301  -0.010081 0.937559 -0.347679  0.301044 0.645105 1 2 1.000000
0  0.261494 -4.916264 0.784980  -0.008392 0.780321 -0.625323  0.301044 0.603033 1 2 1.000000
0  0.148827 -4.917477 0.784980  -0.009082 0.843705 -0.536730  0.309131 0.603033 1 2 1.000000
recmag
0  0.148827 -4.917477 0.784980  -0.009082 0.843705 -0.536730  0.309131 0.603033 1 2 1.000000
0  0.147369 -4.781969 1.045301  -0.010470 0.974003 -0.226293  0.309131 0.645105 1 2 1.000000
0  0.260038 -4.780758 1.045301  -0.010081 0.937559 -0.347679  0.301044 0.645105 1 2 1.000000
recmag
0  0.259773 -4.756163 1.282332  -0.010740 0.999426 -0.032138  0.301044 0.679134 1 2 1.000000
0  0.260038 -4.780758 1.045301  -0.010081 0.937559 -0.347679  0.301044 0.645105 1 2 1.000000
0  0.147369 -4.781969 1.045301  -0.010470 0.974003 -0.226293  0.309131 0.645105 1 2 1.000000
recmag
0  0.147369 -4.781969 1.045301  -0.010470 0.974003 -0.226293  0.309131 0.645105 1 2 1.000000
0  0.147104 -4.757374 1.282332  -0.010739 0.999164 0.039451  0.309131 0.679134 1 2 1.000000
0  0.259773 -4.756163 1.282332  -0.010740 0.999426 -0.032138  0.301044 0.679134 1 2 1.000000
recmag
0  0.260126 -4.789017 1.577791  -0.010692 0.993816 0.110527  0.301044 0.721550 1 2 1.000000
0  0.259773 -4.756163 1.282332  -0.010740 0.999426 -0.032138  0.301044 0.679134 1 2 1.000000
0  0.147104 -4.757374 1.282332  -0.010739 0.999164 0.039451  0.309131 0.679134 1 2 1.000000
recmag
0  0.147104 -4.757374 1.282332  -0.010739 0.999164 0.039451  0.309131 0.679134 1 2 1.000000
0  0.147457 -4.790230 1.577791  -0.010696 0.993815 0.110528  0.309131 0.721550 1 2 1.000000
0  0.260126 -4.789017 1.577791  -0.010692 0.993816 0.110527  0.301044 0.721550 1 2 1.000000
recmag
0  -0.125975 -6.935623 -0.164224  -0.010785 0.999942 -0.000025  0.213137 0.185511 1 2 1.000000
0  -0.125975 -6.935623 -0.142716  -0.010813 0.999942 0.000000  0.213137 0.188043 1 2 1.000000
0  -0.104413 -6.935390 -0.142716  -0.010766 0.999942 -0.000026  0.212262 0.188043 1 2 1.000000
recmag
0  -0.125975 -6.935623 -0.164224  -0.010785 0.999942 -0.000025  0.213137 0.185511 1 2 1.000000
0  -0.104413 -6.935390 -0.142716  -0.010766 0.999942 -0.000026  0.212262 0.188043 1 2 1.000000
0  0.761849 -6.926071 -0.142716  -0.010759 0.999942 -0.000032  0.177109 0.188043 1 2 1.000000
recmag
0  -0.104413 -6.935390 -0.142716  -0.010766 0.999942 -0.000026  0.212262 0.188043 1 2 1.000000
0  -0.104413 -6.935390 2.431490  -0.010757 0.999942 -0.000001  0.212262 0.396975 1 2 1.000000
0  0.761849 -6.926071 -0.142716  -0.010759 0.999942 -0.000032  0.177109 0.188043 1 2 1.000000
recmag
0  -0.104413 -6.935390 2.431490  -0.010757 0.999942 -0.000001  0.212262 0.396975 1 2 1.000000
0  0.761849 -6.926071 2.431490  -0.010757 0.999942 0.000000  0.177109 0.396975 1 2 1.000000
0  0.761849 -6.926071 -0.142716  -0.010759 0.999942 -0.000032  0.177109 0.188043 1 2 1.000000
recmag
0  0.562845 -6.928211 3.086255  -0.010758 0.999942 -0.000001  0.185185 0.450143 1 2 1.000000
0  0.761849 -6.926071 2.431490  -0.010757 0.999942 0.000000  0.177109 0.396975 1 2 1.000000
0  -0.104413 -6.935390 2.431490  -0.010757 0.999942 -0.000001  0.212262 0.396975 1 2 1.000000
recmag
0  -0.104413 -6.935390 2.431490  -0.010757 0.999942 -0.000001  0.212262 0.396975 1 2 1.000000
0  0.094683 -6.933249 3.086255  -0.010760 0.999942 -0.000003  0.204182 0.450143 1 2 1.000000
0  0.562845 -6.928211 3.086255  -0.010758 0.999942 -0.000001  0.185185 0.450143 1 2 1.000000
recmag
0  -0.125975 -6.935623 -0.164224  -0.010785 0.999942 -0.000025  0.213137 0.185511 1 2 1.000000
0  0.761849 -6.926071 -0.142716  -0.010759 0.999942 -0.000032  0.177109 0.188043 1 2 1.000000
0  0.783506 -6.925838 -0.164224  -0.010762 0.999942 -0.000047  0.176165 0.185511 1 2 1.000000
recmag
0  0.761849 -6.926071 -0.142716  -0.010759 0.999942 -0.000032  0.177109 0.188043 1 2 1.000000
0  0.783505 -6.925838 -0.142716  -0.010766 0.999942 -0.000048  0.176165 0.188043 1 2 1.000000
0  0.783506 -6.925838 -0.164224  -0.010762 0.999942 -0.000047  0.176165 0.185511 1 2 1.000000
recmag
0  0.670038 -7.440720 2.431490  0.517668 -0.854913 0.033831  0.155319 0.399558 1 2 1.000000
0  0.711089 -7.440277 1.814540  0.517932 -0.855348 0.011277  0.155319 0.349484 1 2 1.000000
0  0.767016 -7.406412 1.814540  0.517901 -0.855282 0.016483  0.156669 0.349484 1 2 1.000000
recmag
0  0.767016 -7.406412 0.298041  0.515461 -0.851264 0.098230  0.156669 0.226398 1 2 1.000000
0  0.767016 -7.406412 1.814540  0.517901 -0.855282 0.016483  0.156669 0.349484 1 2 1.000000
0  0.711089 -7.440277 1.814540  0.517932 -0.855348 0.011277  0.155319 0.349484 1 2 1.000000
recmag
0  0.711089 -7.440277 1.814540  0.517932 -0.855348 0.011277  0.155319 0.349484 1 2 1.000000
0  0.711089 -7.440277 0.298041  0.512292 -0.846047 0.147516  0.155319 0.226398 1 2 1.000000
0  0.767016 -7.406412 0.298041  0.515461 -0.851264 0.098230  0.156669 0.226398 1 2 1.000000
recmag
0  0.767016 -7.406412 0.298041  0.515461 -0.851264 0.098230  0.156669 0.226398 1 2 1.000000
0  0.711089 -7.440277 0.298041  0.512292 -0.846047 0.147516  0.155319 0.226398 1 2 1.000000
0  0.767373 -7.439671 0.204194  0.495417 -0.818166 0.291833  0.155319 0.218780 1 2 1.000000
recmag
0  0.680357 -8.399815 2.431490  0.517696 -0.854895 0.033834  0.116399 0.399558 1 2 1.000000
0  0.721408 -8.399372 1.814540  0.517960 -0.855331 0.011278  0.116399 0.349484 1 2 1.000000
0  0.777334 -8.365505 1.814540  0.517907 -0.855273 0.016773  0.117749 0.349484 1 2 1.000000
recmag
0  0.777334 -8.365505 0.391794  0.515458 -0.851250 0.098367  0.117749 0.234007 1 2 1.000000
0  0.777334 -8.365505 1.814540  0.517907 -0.855273 0.016773  0.117749 0.349484 1 2 1.000000
0  0.721408 -8.399372 1.814540  0.517960 -0.855331 0.011278  0.116399 0.349484 1 2 1.000000
recmag
0  0.721408 -8.399372 1.814540  0.517960 -0.855331 0.011278  0.116399 0.349484 1 2 1.000000
0  0.721408 -8.399372 0.391794  0.512316 -0.846008 0.147661  0.116399 0.234007 1 2 1.000000
0  0.777334 -8.365505 0.391794  0.515458 -0.851250 0.098367  0.117749 0.234007 1 2 1.000000
recmag
0  0.777334 -8.365505 0.391794  0.515458 -0.851250 0.098367  0.117749 0.234007 1 2 1.000000
0  0.721408 -8.399372 0.391794  0.512316 -0.846008 0.147661  0.116399 0.234007 1 2 1.000000
0  0.777692 -8.398767 0.298041  0.495397 -0.818074 0.292125  0.116399 0.226398 1 2 1.000000
recmag
0  -0.098158 -7.516668 1.814540  -0.816786 0.568405 0.098876  0.152573 0.349484 1 2 1.000000
0  -0.097022 -7.622355 2.431490  -0.820341 0.570957 0.032389  0.148284 0.399558 1 2 1.000000
0  -0.001067 -7.484470 2.431490  -0.820343 0.570957 0.032333  0.153837 0.399558 1 2 1.000000
recmag
0  -0.097022 -7.622355 2.431490  -0.820341 0.570957 0.032389  0.148284 0.399558 1 2 1.000000
0  -0.012892 -7.484600 2.712711  -0.820327 0.570870 -0.034232  0.153837 0.422383 1 2 1.000000
0  -0.001067 -7.484470 2.431490  -0.820343 0.570957 0.032333  0.153837 0.399558 1 2 1.000000
recmag
0  0.061839 -10.619215 0.265206  -0.001097 0.101906 0.994793  0.216967 0.393898 1 2 1.000000
0  0.672730 -10.612640 0.265206  -0.001097 0.101906 0.994794  0.216967 0.344313 1 2 1.000000
0  0.844213 -10.389025 0.242488  -0.001097 0.101959 0.994788  0.226012 0.330200 1 2 1.000000
recmag
0  0.844213 -10.389025 0.242488  -0.001097 0.101959 0.994788  0.226012 0.330200 1 2 1.000000
0  -0.114415 -10.399340 0.242488  -0.001097 0.101959 0.994788  0.226012 0.408011 1 2 1.000000
0  0.061839 -10.619215 0.265206  -0.001097 0.101906 0.994793  0.216967 0.393898 1 2 1.000000
recmag
0  -0.114415 -10.399340 0.242488  -0.001097 0.101959 0.994788  0.226012 0.408011 1 2 1.000000
0  0.844213 -10.389025 0.242488  -0.001097 0.101959 0.994788  0.226012 0.330200 1 2 1.000000
0  0.807365 -6.963940 -0.108706  -0.001097 0.101989 0.994785  0.365854 0.330200 1 2 1.000000
recmag
0  0.807365 -6.963940 -0.108706  -0.001097 0.101989 0.994785  0.365854 0.330200 1 2 1.000000
0  -0.151261 -6.974255 -0.108706  -0.001097 0.101989 0.994785  0.365854 0.408011 1 2 1.000000
0  -0.114415 -10.399340 0.242488  -0.001097 0.101959 0.994788  0.226012 0.408011 1 2 1.000000
w_k98
0  0.401403 -33.453232 4.509799  0.000000 1.000000 0.000020  0.916049 0.243141 1 2 1.000000
0  0.272810 -33.453232 4.509799  0.000000 1.000000 0.000020  0.916049 0.250777 1 2 1.000000
0  0.337104 -33.453232 4.692276  0.000000 1.000000 0.000020  0.906695 0.245597 1 2 1.000000
w_k98
0  0.845046 -14.537289 4.390864  0.000000 -1.000000 0.000000  0.891496 0.265627 1 2 1.000000
0  0.502903 -14.537289 4.700901  0.000000 -1.000000 0.000000  0.909490 0.249333 1 2 1.000000
0  0.502903 -14.537289 4.390864  0.000000 -1.000000 0.000000  0.909530 0.265627 1 2 1.000000
w_k98
0  0.845046 -14.537289 4.390864  0.000000 -1.000000 0.000000  0.891496 0.265627 1 2 1.000000
0  0.845046 -14.537289 4.700901  0.000000 -1.000000 0.000000  0.891496 0.249333 1 2 1.000000
0  0.502903 -14.537289 4.700901  0.000000 -1.000000 0.000000  0.909490 0.249333 1 2 1.000000
w_k98
0  0.845046 -14.062702 4.390864  0.000000 1.000000 0.000000  0.866575 0.265627 1 2 1.000000
0  0.502903 -14.062702 4.700901  0.000000 1.000000 0.000000  0.848671 0.249333 1 2 1.000000
0  0.845046 -14.062702 4.700901  0.000000 1.000000 0.000000  0.866575 0.249333 1 2 1.000000
w_k98
0  0.845046 -14.062702 4.390864  0.000000 1.000000 0.000000  0.866575 0.265627 1 2 1.000000
0  0.502903 -14.062702 4.390864  0.000000 1.000000 0.000000  0.848671 0.265627 1 2 1.000000
0  0.502903 -14.062702 4.700901  0.000000 1.000000 0.000000  0.848671 0.249333 1 2 1.000000
w_k98
0  0.337658 -29.194157 2.895431  0.707110 0.000000 -0.707104  0.168127 0.030780 1 2 1.000000
0  0.461611 -33.672794 3.019385  0.707110 0.000000 -0.707104  0.297237 0.034354 1 2 1.000000
0  0.337658 -33.672794 2.895431  0.707110 0.000000 -0.707104  0.297237 0.030780 1 2 1.000000
w_k98
0  0.337658 -29.194157 2.895431  0.707110 0.000000 -0.707104  0.168127 0.030780 1 2 1.000000
0  0.461611 -29.194157 3.019385  0.707110 0.000000 -0.707104  0.168127 0.034354 1 2 1.000000
0  0.461611 -33.672794 3.019385  0.707110 0.000000 -0.707104  0.297237 0.034354 1 2 1.000000
w_k98
0  0.337658 -29.194157 3.143338  -0.707109 0.000000 0.707104  0.168127 0.037927 1 2 1.000000
0  0.213706 -33.672794 3.019385  -0.707110 0.000000 0.707103  0.297237 0.034354 1 2 1.000000
0  0.337658 -33.672794 3.143338  -0.707110 0.000000 0.707103  0.297237 0.037927 1 2 1.000000
w_k98
0  0.337658 -29.194157 3.143338  -0.707109 0.000000 0.707104  0.168127 0.037927 1 2 1.000000
0  0.213706 -29.194157 3.019385  -0.707109 0.000000 0.707104  0.168127 0.034354 1 2 1.000000
0  0.213706 -33.672794 3.019385  -0.707110 0.000000 0.707103  0.297237 0.034354 1 2 1.000000
w_k98
0  0.337658 -24.987034 3.480440  0.000001 0.000000 -1.000000  0.231584 0.004827 1 2 1.000000
0  0.576119 -34.452152 3.579214  0.707107 0.000000 -0.707107  0.300959 0.012798 1 2 1.000000
0  0.337658 -34.452152 3.480439  -0.000001 0.000000 -1.000000  0.300959 0.004827 1 2 1.000000
w_k98
0  0.337658 -24.987034 3.480440  0.000001 0.000000 -1.000000  0.231584 0.004827 1 2 1.000000
0  0.576119 -24.987034 3.579214  0.707108 0.000000 -0.707105  0.231584 0.012798 1 2 1.000000
0  0.576119 -34.452152 3.579214  0.707107 0.000000 -0.707107  0.300959 0.012798 1 2 1.000000
w_k98
0  0.576119 -24.987034 3.579214  0.707108 0.000000 -0.707105  0.231584 0.012798 1 2 1.000000
0  0.674893 -34.452152 3.817675  1.000000 0.000000 -0.000003  0.300959 0.022313 1 2 1.000000
0  0.576119 -34.452152 3.579214  0.707107 0.000000 -0.707107  0.300959 0.012798 1 2 1.000000
w_k98
0  0.576119 -24.987034 3.579214  0.707108 0.000000 -0.707105  0.231584 0.012798 1 2 1.000000
0  0.674893 -24.987034 3.817675  1.000000 0.000000 0.000003  0.231584 0.022313 1 2 1.000000
0  0.674893 -34.452152 3.817675  1.000000 0.000000 -0.000003  0.300959 0.022313 1 2 1.000000
w_k98
0  0.674893 -24.987034 3.817675  1.000000 0.000000 0.000003  0.231584 0.022313 1 2 1.000000
0  0.576119 -34.452152 4.056136  0.707108 0.000000 0.707105  0.300959 0.031827 1 2 1.000000
0  0.674893 -34.452152 3.817675  1.000000 0.000000 -0.000003  0.300959 0.022313 1 2 1.000000
w_k98
0  0.674893 -24.987034 3.817675  1.000000 0.000000 0.000003  0.231584 0.022313 1 2 1.000000
0  0.576119 -24.987034 4.056136  0.707106 0.000000 0.707108  0.231584 0.031827 1 2 1.000000
0  0.576119 -34.452152 4.056136  0.707108 0.000000 0.707105  0.300959 0.031827 1 2 1.000000
w_k98
0  0.576119 -24.987034 4.056136  0.707106 0.000000 0.707108  0.231584 0.031827 1 2 1.000000
0  0.337658 -34.452152 4.154910  0.000001 0.000000 1.000000  0.300959 0.039795 1 2 1.000000
0  0.576119 -34.452152 4.056136  0.707108 0.000000 0.707105  0.300959 0.031827 1 2 1.000000
w_k98
0  0.576119 -24.987034 4.056136  0.707106 0.000000 0.707108  0.231584 0.031827 1 2 1.000000
0  0.337658 -24.987034 4.154910  -0.000001 0.000000 1.000000  0.231584 0.039793 1 2 1.000000
0  0.337658 -34.452152 4.154910  0.000001 0.000000 1.000000  0.300959 0.039795 1 2 1.000000
w_k98
0  0.337658 -24.987034 4.154910  -0.000001 0.000000 1.000000  0.231584 0.039793 1 2 1.000000
0  0.099197 -34.452152 4.056136  -0.707106 0.000000 0.707108  0.300959 0.047894 1 2 1.000000
0  0.337658 -34.452152 4.154910  0.000001 0.000000 1.000000  0.300959 0.039795 1 2 1.000000
w_k98
0  0.337658 -24.987034 4.154910  -0.000001 0.000000 1.000000  0.231584 0.039793 1 2 1.000000
0  0.099197 -24.987034 4.056136  -0.707108 0.000000 0.707105  0.231584 0.047894 1 2 1.000000
0  0.099197 -34.452152 4.056136  -0.707106 0.000000 0.707108  0.300959 0.047894 1 2 1.000000
w_k98
0  0.099197 -24.987034 4.056136  -0.707108 0.000000 0.707105  0.231584 0.047894 1 2 1.000000
0  0.000423 -34.452152 3.817675  -1.000000 0.000000 0.000003  0.300959 0.057569 1 2 1.000000
0  0.099197 -34.452152 4.056136  -0.707106 0.000000 0.707108  0.300959 0.047894 1 2 1.000000
w_k98
0  0.099197 -24.987034 4.056136  -0.707108 0.000000 0.707105  0.231584 0.047894 1 2 1.000000
0  0.000423 -24.987034 3.817675  -1.000000 0.000000 -0.000003  0.231584 0.057569 1 2 1.000000
0  0.000423 -34.452152 3.817675  -1.000000 0.000000 0.000003  0.300959 0.057569 1 2 1.000000
w_k98
0  0.000423 -24.987034 3.817675  -1.000000 0.000000 -0.000003  0.231584 0.057569 1 2 1.000000
0  0.099197 -34.452152 3.579214  -0.707109 0.000000 -0.707104  0.300959 0.067244 1 2 1.000000
0  0.000423 -34.452152 3.817675  -1.000000 0.000000 0.000003  0.300959 0.057569 1 2 1.000000
w_k98
0  0.000423 -24.987034 3.817675  -1.000000 0.000000 -0.000003  0.231584 0.057569 1 2 1.000000
0  0.099197 -24.987034 3.579214  -0.707106 0.000000 -0.707108  0.231584 0.067244 1 2 1.000000
0  0.099197 -34.452152 3.579214  -0.707109 0.000000 -0.707104  0.300959 0.067244 1 2 1.000000
w_k98
0  0.099197 -24.987034 3.579214  -0.707106 0.000000 -0.707108  0.231584 0.067244 1 2 1.000000
0  0.337658 -34.452152 3.480439  -0.000001 0.000000 -1.000000  0.300959 0.075350 1 2 1.000000
0  0.099197 -34.452152 3.579214  -0.707109 0.000000 -0.707104  0.300959 0.067244 1 2 1.000000
w_k98
0  0.099197 -24.987034 3.579214  -0.707106 0.000000 -0.707108  0.231584 0.067244 1 2 1.000000
0  0.337658 -24.987034 3.480440  0.000001 0.000000 -1.000000  0.231584 0.075350 1 2 1.000000
0  0.337658 -34.452152 3.480439  -0.000001 0.000000 -1.000000  0.300959 0.075350 1 2 1.000000
w_k98
0  0.861548 -29.196827 3.182991  0.000000 -0.999981 0.006103  0.003412 0.247611 1 2 1.000000
0  0.325404 -29.196827 2.569463  0.000000 -0.999978 0.006611  0.003412 0.221851 1 2 1.000000
0  0.739039 -29.196827 2.808058  0.000003 -0.999978 0.006615  0.003412 0.231868 1 2 1.000000
w_k98
0  0.861548 -29.196827 3.182991  0.000000 -0.999981 0.006103  0.003412 0.247611 1 2 1.000000
0  -0.088231 -29.196827 2.808058  -0.000000 -0.999978 0.006615  0.003412 0.231868 1 2 1.000000
0  0.325404 -29.196827 2.569463  0.000000 -0.999978 0.006611  0.003412 0.221851 1 2 1.000000
w_k98
0  0.861548 -29.196827 3.182991  0.000000 -0.999981 0.006103  0.003412 0.247611 1 2 1.000000
0  -0.210740 -29.196827 3.182991  -0.000000 -0.999979 0.006440  0.003412 0.247611 1 2 1.000000
0  -0.088231 -29.196827 2.808058  -0.000000 -0.999978 0.006615  0.003412 0.231868 1 2 1.000000
w_k98
0  0.861548 -29.196827 3.182991  0.000000 -0.999981 0.006103  0.003412 0.247611 1 2 1.000000
0  -0.210740 -29.189793 3.823579  0.000000 -0.999915 0.013077  0.003412 0.274506 1 2 1.000000
0  -0.210740 -29.196827 3.182991  -0.000000 -0.999979 0.006440  0.003412 0.247611 1 2 1.000000
w_k98
0  0.861548 -29.196827 3.182991  0.000000 -0.999981 0.006103  0.003412 0.247611 1 2 1.000000
0  0.861548 -29.189793 3.823579  0.000000 -0.999914 0.013081  0.003412 0.274506 1 2 1.000000
0  -0.210740 -29.189793 3.823579  0.000000 -0.999915 0.013077  0.003412 0.274506 1 2 1.000000
w_k98
0  -0.210740 -29.189793 3.823579  0.000000 -0.999915 0.013077  0.003412 0.274506 1 2 1.000000
0  0.861548 -29.189793 3.823579  0.000000 -0.999914 0.013081  0.003412 0.274506 1 2 1.000000
0  0.755905 -29.184017 4.119960  -0.000000 -0.999166 0.040829  0.003412 0.286950 1 2 1.000000
w_k98
0  -0.210740 -29.189793 3.823579  0.000000 -0.999915 0.013077  0.003412 0.274506 1 2 1.000000
0  0.755905 -29.184017 4.119960  -0.000000 -0.999166 0.040829  0.003412 0.286950 1 2 1.000000
0  -0.105097 -29.184017 4.119960  0.000000 -0.999167 0.040810  0.003412 0.286950 1 2 1.000000
w_k98
0  -0.105097 -29.184017 4.119960  0.000000 -0.999167 0.040810  0.003412 0.286950 1 2 1.000000
0  0.755905 -29.184017 4.119960  -0.000000 -0.999166 0.040829  0.003412 0.286950 1 2 1.000000
0  0.326134 -29.171780 4.316532  0.000000 -0.998067 0.062143  0.003412 0.295204 1 2 1.000000
w_k98
0  0.067593 -33.885269 4.333067  0.000000 -1.000000 -0.000007  0.988281 0.023420 1 2 1.000000
0  0.159268 -33.885269 4.233434  0.000000 -1.000000 0.000000  0.988281 0.023420 1 2 1.000000
0  0.159268 -33.885269 4.272279  0.000000 -1.000000 0.000000  0.988281 0.023420 1 2 1.000000
w_k98
0  0.067593 -33.885269 4.333067  0.000000 -1.000000 -0.000007  0.988281 0.023420 1 2 1.000000
0  0.037599 -33.885269 4.294481  0.000000 -1.000000 -0.000005  0.988281 0.023420 1 2 1.000000
0  0.159268 -33.885269 4.233434  0.000000 -1.000000 0.000000  0.988281 0.023420 1 2 1.000000
w_k98
0  0.067593 -33.885269 4.333067  0.000000 -1.000000 -0.000007  0.988281 0.023420 1 2 1.000000
0  -0.001537 -33.885269 4.855287  0.000000 -1.000000 0.000038  0.988281 0.023420 1 2 1.000000
0  0.037599 -33.885269 4.294481  0.000000 -1.000000 -0.000005  0.988281 0.023420 1 2 1.000000
w_k98
0  0.067593 -33.885269 4.333067  0.000000 -1.000000 -0.000007  0.988281 0.023420 1 2 1.000000
0  0.034086 -33.885269 4.841589  0.000000 -1.000000 0.000045  0.988281 0.023420 1 2 1.000000
0  -0.001537 -33.885269 4.855287  0.000000 -1.000000 0.000038  0.988281 0.023420 1 2 1.000000
w_k98
0  0.165616 -33.885269 4.964866  0.000000 -1.000000 -0.000025  0.988281 0.023420 1 2 1.000000
0  -0.001537 -33.885269 4.855287  0.000000 -1.000000 0.000038  0.988281 0.023420 1 2 1.000000
0  0.034086 -33.885269 4.841589  0.000000 -1.000000 0.000045  0.988281 0.023420 1 2 1.000000
w_k98
0  0.165616 -33.885269 4.964866  0.000000 -1.000000 -0.000025  0.988281 0.023420 1 2 1.000000
0  0.149174 -33.885269 4.997991  0.000000 -1.000000 -0.000025  0.988281 0.023420 1 2 1.000000
0  -0.001537 -33.885269 4.855287  0.000000 -1.000000 0.000038  0.988281 0.023420 1 2 1.000000
w_k98
0  0.337106 -33.885269 4.999482  0.000000 -1.000000 -0.000003  0.988281 0.023420 1 2 1.000000
0  0.149174 -33.885269 4.997991  0.000000 -1.000000 -0.000025  0.988281 0.023420 1 2 1.000000
0  0.165616 -33.885269 4.964866  0.000000 -1.000000 -0.000025  0.988281 0.023420 1 2 1.000000
w_k98
0  0.337106 -33.885269 4.999482  0.000000 -1.000000 -0.000003  0.988281 0.023420 1 2 1.000000
0  0.337106 -33.885269 5.033160  0.000000 -1.000000 0.000000  0.988281 0.023420 1 2 1.000000
0  0.149174 -33.885269 4.997991  0.000000 -1.000000 -0.000025  0.988281 0.023420 1 2 1.000000
w_k98
0  0.525039 -33.885269 4.997991  0.000000 -1.000000 0.000024  0.988281 0.023420 1 2 1.000000
0  0.337106 -33.885269 5.033160  0.000000 -1.000000 0.000000  0.988281 0.023420 1 2 1.000000
0  0.337106 -33.885269 4.999482  0.000000 -1.000000 -0.000003  0.988281 0.023420 1 2 1.000000
w_k98
0  0.525039 -33.885269 4.997991  0.000000 -1.000000 0.000024  0.988281 0.023420 1 2 1.000000
0  0.337106 -33.885269 4.999482  0.000000 -1.000000 -0.000003  0.988281 0.023420 1 2 1.000000
0  0.508598 -33.885269 4.964866  0.000000 -1.000000 0.000022  0.988281 0.023420 1 2 1.000000
w_k98
0  0.675750 -33.885269 4.855287  0.000000 -1.000000 0.000004  0.988281 0.023420 1 2 1.000000
0  0.525039 -33.885269 4.997991  0.000000 -1.000000 0.000024  0.988281 0.023420 1 2 1.000000
0  0.508598 -33.885269 4.964866  0.000000 -1.000000 0.000022  0.988281 0.023420 1 2 1.000000
w_k98
0  0.675750 -33.885269 4.855287  0.000000 -1.000000 0.000004  0.988281 0.023420 1 2 1.000000
0  0.508598 -33.885269 4.964866  0.000000 -1.000000 0.000022  0.988281 0.023420 1 2 1.000000
0  0.640127 -33.885269 4.841589  0.000000 -1.000000 0.000000  0.988281 0.023420 1 2 1.000000
w_k98
0  0.640685 -33.885269 4.294481  0.000000 -1.000000 0.000021  0.988281 0.023420 1 2 1.000000
0  0.675750 -33.885269 4.855287  0.000000 -1.000000 0.000004  0.988281 0.023420 1 2 1.000000
0  0.640127 -33.885269 4.841589  0.000000 -1.000000 0.000000  0.988281 0.023420 1 2 1.000000
w_k98
0  0.640685 -33.885269 4.294481  0.000000 -1.000000 0.000021  0.988281 0.023420 1 2 1.000000
0  0.640127 -33.885269 4.841589  0.000000 -1.000000 0.000000  0.988281 0.023420 1 2 1.000000
0  0.607537 -33.885269 4.333067  0.000000 -1.000000 0.000018  0.988281 0.023420 1 2 1.000000
w_k98
0  0.515698 -33.885269 4.272279  0.000000 -1.000000 0.000008  0.988281 0.023420 1 2 1.000000
0  0.640685 -33.885269 4.294481  0.000000 -1.000000 0.000021  0.988281 0.023420 1 2 1.000000
0  0.607537 -33.885269 4.333067  0.000000 -1.000000 0.000018  0.988281 0.023420 1 2 1.000000
w_k98
0  0.515698 -33.885269 4.272279  0.000000 -1.000000 0.000008  0.988281 0.023420 1 2 1.000000
0  0.515698 -33.885269 4.233434  0.000000 -1.000000 0.000000  0.988281 0.023420 1 2 1.000000
0  0.640685 -33.885269 4.294481  0.000000 -1.000000 0.000021  0.988281 0.023420 1 2 1.000000
w_k98
0  -0.135550 -13.670094 3.699532  0.000000 1.000000 0.000000  0.900156 0.230300 1 2 1.000000
0  -0.135550 -13.670094 3.952826  0.000000 1.000000 0.000000  0.900156 0.242093 1 2 1.000000
0  -0.008902 -13.670094 4.172187  0.000000 1.000000 0.000000  0.894259 0.252306 1 2 1.000000
w_k98
0  -0.008902 -13.670094 4.172187  0.000000 1.000000 -0.000001  0.894259 0.252306 1 2 1.000000
0  0.809763 -13.670094 3.699532  0.000000 1.000000 0.000000  0.856142 0.230300 1 2 1.000000
0  -0.135550 -13.670094 3.699532  0.000000 1.000000 0.000000  0.900156 0.230300 1 2 1.000000
w_k98
0  -0.008902 -13.670094 4.172187  0.000000 1.000000 -0.000001  0.894259 0.252306 1 2 1.000000
0  0.809763 -13.670094 3.952826  0.000000 1.000000 -0.000003  0.856142 0.242093 1 2 1.000000
0  0.809763 -13.670094 3.699532  0.000000 1.000000 0.000000  0.856142 0.230300 1 2 1.000000
w_k98
0  -0.008902 -13.670094 4.172187  0.000000 1.000000 -0.000001  0.894259 0.252306 1 2 1.000000
0  0.683115 -13.670094 4.172187  0.000000 1.000000 -0.000005  0.862039 0.252306 1 2 1.000000
0  0.809763 -13.670094 3.952826  0.000000 1.000000 -0.000003  0.856142 0.242093 1 2 1.000000
w_k98
0  -0.008902 -13.670094 4.172187  0.000000 1.000000 -0.000001  0.894259 0.252306 1 2 1.000000
0  0.683115 -13.670094 4.451714  0.000000 1.000000 0.000000  0.862039 0.265321 1 2 1.000000
0  0.683115 -13.670094 4.172187  0.000000 1.000000 -0.000005  0.862039 0.252306 1 2 1.000000
w_k98
0  -0.008902 -13.670094 4.172187  0.000000 1.000000 -0.000001  0.894259 0.252306 1 2 1.000000
0  -0.008902 -13.670094 4.451714  0.000000 1.000000 0.000000  0.894259 0.265321 1 2 1.000000
0  0.683115 -13.670094 4.451714  0.000000 1.000000 0.000000  0.862039 0.265321 1 2 1.000000
w_k98
0  0.755905 -27.596481 4.119960  0.737047 0.000000 0.675842  0.082291 0.286950 1 2 1.000000
0  0.326134 -27.584240 4.316532  0.000646 0.000000 1.000000  0.082291 0.295204 1 2 1.000000
0  0.326134 -29.171780 4.316532  0.000644 0.000000 1.000000  0.003412 0.295204 1 2 1.000000
w_k98
0  0.755905 -27.596481 4.119960  0.737047 0.000000 0.675842  0.082291 0.286950 1 2 1.000000
0  0.326134 -29.171780 4.316532  0.000644 0.000000 1.000000  0.003412 0.295204 1 2 1.000000
0  0.755905 -29.184017 4.119960  0.737084 0.000000 0.675801  0.003412 0.286950 1 2 1.000000
w_k98
0  0.861548 -27.602257 3.823579  0.985380 0.000004 0.170372  0.082291 0.274506 1 2 1.000000
0  0.755905 -27.596481 4.119960  0.737047 0.000000 0.675842  0.082291 0.286950 1 2 1.000000
0  0.755905 -29.184017 4.119960  0.737084 0.000000 0.675801  0.003412 0.286950 1 2 1.000000
w_k98
0  0.861548 -27.602257 3.823579  0.985380 0.000004 0.170372  0.082291 0.274506 1 2 1.000000
0  0.755905 -29.184017 4.119960  0.737084 0.000000 0.675801  0.003412 0.286950 1 2 1.000000
0  0.861548 -29.189793 3.823579  0.985397 -0.000000 0.170274  0.003412 0.274506 1 2 1.000000
w_k98
0  0.861548 -25.024776 3.182992  0.987559 0.000000 -0.157251  0.210148 0.247611 1 2 1.000000
0  0.861548 -25.024776 3.823579  0.993595 0.000000 0.112999  0.210148 0.274506 1 2 1.000000
0  0.861548 -27.602257 3.823579  0.985380 0.000004 0.170372  0.082291 0.274506 1 2 1.000000
w_k98
0  0.861548 -25.024776 3.182992  0.987559 0.000000 -0.157251  0.210148 0.247611 1 2 1.000000
0  0.861548 -27.602257 3.823579  0.985380 0.000004 0.170372  0.082291 0.274506 1 2 1.000000
0  0.861548 -29.189793 3.823579  0.985397 -0.000000 0.170274  0.003412 0.274506 1 2 1.000000
w_k98
0  0.861548 -25.024776 3.182992  0.987559 0.000000 -0.157251  0.210148 0.247611 1 2 1.000000
0  0.861548 -29.189793 3.823579  0.985397 -0.000000 0.170274  0.003412 0.274506 1 2 1.000000
0  0.861548 -29.196827 3.182991  0.987526 0.000000 -0.157454  0.003412 0.247611 1 2 1.000000
w_k98
0  0.739039 -25.024776 2.808058  0.776505 0.000000 -0.630112  0.210148 0.231868 1 2 1.000000
0  0.861548 -25.024776 3.182992  0.987559 0.000000 -0.157251  0.210148 0.247611 1 2 1.000000
0  0.861548 -29.196827 3.182991  0.987526 0.000000 -0.157454  0.003412 0.247611 1 2 1.000000
w_k98
0  0.739039 -25.024776 2.808058  0.776505 0.000000 -0.630112  0.210148 0.231868 1 2 1.000000
0  0.861548 -29.196827 3.182991  0.987526 0.000000 -0.157454  0.003412 0.247611 1 2 1.000000
0  0.739039 -29.196827 2.808058  0.776500 0.000000 -0.630117  0.003412 0.231868 1 2 1.000000
w_k98
0  0.325404 -25.024776 2.569464  0.000008 0.000000 -1.000000  0.210148 0.221851 1 2 1.000000
0  0.739039 -25.024776 2.808058  0.776505 0.000000 -0.630112  0.210148 0.231868 1 2 1.000000
0  0.739039 -29.196827 2.808058  0.776500 0.000000 -0.630117  0.003412 0.231868 1 2 1.000000
w_k98
0  0.325404 -25.024776 2.569464  0.000008 0.000000 -1.000000  0.210148 0.221851 1 2 1.000000
0  0.739039 -29.196827 2.808058  0.776500 0.000000 -0.630117  0.003412 0.231868 1 2 1.000000
0  0.325404 -29.196827 2.569463  -0.000002 0.000000 -1.000000  0.003412 0.221851 1 2 1.000000
w_k98
0  -0.088231 -25.024776 2.808058  -0.776497 0.000000 -0.630121  0.210148 0.231868 1 2 1.000000
0  0.325404 -25.024776 2.569464  0.000008 0.000000 -1.000000  0.210148 0.221851 1 2 1.000000
0  0.325404 -29.196827 2.569463  -0.000002 0.000000 -1.000000  0.003412 0.221851 1 2 1.000000
w_k98
0  -0.088231 -25.024776 2.808058  -0.776497 0.000000 -0.630121  0.210148 0.231868 1 2 1.000000
0  0.325404 -29.196827 2.569463  -0.000002 0.000000 -1.000000  0.003412 0.221851 1 2 1.000000
0  -0.088231 -29.196827 2.808058  -0.776503 0.000000 -0.630114  0.003412 0.231868 1 2 1.000000
w_k98
0  -0.210740 -25.024776 3.182992  -0.987559 0.000000 -0.157252  0.210148 0.247611 1 2 1.000000
0  -0.088231 -25.024776 2.808058  -0.776497 0.000000 -0.630121  0.210148 0.231868 1 2 1.000000
0  -0.088231 -29.196827 2.808058  -0.776503 0.000000 -0.630114  0.003412 0.231868 1 2 1.000000
w_k98
0  -0.210740 -25.024776 3.182992  -0.987559 0.000000 -0.157252  0.210148 0.247611 1 2 1.000000
0  -0.088231 -29.196827 2.808058  -0.776503 0.000000 -0.630114  0.003412 0.231868 1 2 1.000000
0  -0.210740 -29.196827 3.182991  -0.987549 0.000006 -0.157312  0.003412 0.247611 1 2 1.000000
w_k98
0  -0.210740 -25.024776 3.823579  -0.993568 0.000000 0.113240  0.210148 0.274506 1 2 1.000000
0  -0.210740 -25.024776 3.182992  -0.987559 0.000000 -0.157252  0.210148 0.247611 1 2 1.000000
0  -0.210740 -29.196827 3.182991  -0.987549 0.000006 -0.157312  0.003412 0.247611 1 2 1.000000
w_k98
0  -0.210740 -29.196827 3.182991  -0.987549 0.000006 -0.157312  0.003412 0.247611 1 2 1.000000
0  -0.210740 -27.602257 3.823579  -0.985385 0.000003 0.170341  0.082291 0.274506 1 2 1.000000
0  -0.210740 -25.024776 3.823579  -0.993568 0.000000 0.113240  0.210148 0.274506 1 2 1.000000
w_k98
0  -0.210740 -29.196827 3.182991  -0.987549 0.000006 -0.157312  0.003412 0.247611 1 2 1.000000
0  -0.210740 -29.189793 3.823579  -0.985397 -0.000000 0.170272  0.003412 0.274506 1 2 1.000000
0  -0.210740 -27.602257 3.823579  -0.985385 0.000003 0.170341  0.082291 0.274506 1 2 1.000000
w_k98
0  -0.105097 -27.596481 4.119960  -0.736622 0.000000 0.676305  0.082291 0.286950 1 2 1.000000
0  -0.210740 -27.602257 3.823579  -0.985385 0.000003 0.170341  0.082291 0.274506 1 2 1.000000
0  -0.210740 -29.189793 3.823579  -0.985397 -0.000000 0.170272  0.003412 0.274506 1 2 1.000000
w_k98
0  -0.105097 -27.596481 4.119960  -0.736622 0.000000 0.676305  0.082291 0.286950 1 2 1.000000
0  -0.210740 -29.189793 3.823579  -0.985397 -0.000000 0.170272  0.003412 0.274506 1 2 1.000000
0  -0.105097 -29.184017 4.119960  -0.736641 0.000000 0.676284  0.003412 0.286950 1 2 1.000000
w_k98
0  0.326134 -27.584240 4.316532  0.000646 0.000000 1.000000  0.082291 0.295204 1 2 1.000000
0  -0.105097 -27.596481 4.119960  -0.736622 0.000000 0.676305  0.082291 0.286950 1 2 1.000000
0  -0.105097 -29.184017 4.119960  -0.736641 0.000000 0.676284  0.003412 0.286950 1 2 1.000000
w_k98
0  0.326134 -27.584240 4.316532  0.000646 0.000000 1.000000  0.082291 0.295204 1 2 1.000000
0  -0.105097 -29.184017 4.119960  -0.736641 0.000000 0.676284  0.003412 0.286950 1 2 1.000000
0  0.326134 -29.171780 4.316532  0.000644 0.000000 1.000000  0.003412 0.295204 1 2 1.000000
w_k98
0  0.148640 -33.112011 4.047924  -1.000000 0.000000 0.000000  0.906638 0.258527 1 2 1.000000
0  0.148640 -33.453362 4.509697  -1.000000 0.000000 0.000000  0.916479 0.249256 1 2 1.000000
0  0.148640 -33.112011 4.275510  -1.000000 0.000000 0.000000  0.910119 0.258527 1 2 1.000000
w_k98
0  0.148640 -33.112011 4.047924  -1.000000 0.000000 0.000000  0.906638 0.258527 1 2 1.000000
0  0.148640 -33.902184 4.509697  -1.000000 0.000000 0.000000  0.916479 0.237067 1 2 1.000000
0  0.148640 -33.453362 4.509697  -1.000000 0.000000 0.000000  0.916479 0.249256 1 2 1.000000
w_k98
0  0.148640 -33.112011 4.047924  -1.000000 0.000000 0.000000  0.906638 0.258527 1 2 1.000000
0  0.148640 -33.902184 4.047924  -1.000000 0.000000 0.000000  0.906638 0.237067 1 2 1.000000
0  0.148640 -33.902184 4.509697  -1.000000 0.000000 0.000000  0.916479 0.237067 1 2 1.000000
w_k98
0  0.525481 -33.902184 4.047924  1.000000 0.000000 0.000000  0.855702 0.237067 1 2 1.000000
0  0.525481 -33.453362 4.509697  1.000000 0.000000 0.000000  0.845821 0.249256 1 2 1.000000
0  0.525481 -33.902184 4.509697  1.000000 0.000000 0.000000  0.845821 0.237067 1 2 1.000000
w_k98
0  0.525481 -33.902184 4.047924  1.000000 0.000000 0.000000  0.855702 0.237067 1 2 1.000000
0  0.525481 -33.112011 4.275510  1.000000 0.000000 0.000000  0.852207 0.258527 1 2 1.000000
0  0.525481 -33.453362 4.509697  1.000000 0.000000 0.000000  0.845821 0.249256 1 2 1.000000
w_k98
0  0.525481 -33.902184 4.047924  1.000000 0.000000 0.000000  0.855702 0.237067 1 2 1.000000
0  0.525481 -33.112011 4.047924  1.000000 0.000000 0.000000  0.855702 0.258527 1 2 1.000000
0  0.525481 -33.112011 4.275510  1.000000 0.000000 0.000000  0.852207 0.258527 1 2 1.000000
w_k98
0  0.337658 -10.189476 4.611229  0.000000 1.000000 0.000002  0.885914 0.266923 1 2 1.000000
0  -0.380770 -10.189476 4.089261  0.000000 1.000000 0.000000  0.912009 0.247964 1 2 1.000000
0  -0.106355 -10.189476 4.466961  0.000000 1.000000 0.000004  0.902042 0.261683 1 2 1.000000
w_k98
0  0.337658 -10.189476 4.611229  0.000000 1.000000 0.000002  0.885914 0.266923 1 2 1.000000
0  -0.380770 -10.189476 3.622398  0.000000 1.000000 0.000000  0.912009 0.231006 1 2 1.000000
0  -0.380770 -10.189476 4.089261  0.000000 1.000000 0.000000  0.912009 0.247964 1 2 1.000000
w_k98
0  0.337658 -10.189476 4.611229  0.000000 1.000000 0.000002  0.885914 0.266923 1 2 1.000000
0  1.056086 -10.189476 3.622398  0.000000 1.000000 0.000001  0.859819 0.231006 1 2 1.000000
0  -0.380770 -10.189476 3.622398  0.000000 1.000000 0.000001  0.912009 0.231006 1 2 1.000000
w_k98
0  0.337658 -10.189476 4.611229  0.000000 1.000000 0.000002  0.885914 0.266923 1 2 1.000000
0  1.056086 -10.189476 4.089261  0.000000 1.000000 0.000000  0.859819 0.247964 1 2 1.000000
0  1.056086 -10.189476 3.622398  0.000000 1.000000 0.000001  0.859819 0.231006 1 2 1.000000
w_k98
0  0.337658 -10.189476 4.611229  0.000000 1.000000 0.000002  0.885914 0.266923 1 2 1.000000
0  0.781671 -10.189476 4.466961  0.000000 1.000000 0.000004  0.869786 0.261683 1 2 1.000000
0  1.056086 -10.189476 4.089261  0.000000 1.000000 0.000000  0.859819 0.247964 1 2 1.000000
w_k98
0  -0.474961 -5.159672 3.659334  0.000000 0.000000 -1.000000  0.659293 0.145854 1 2 1.000000
0  -0.469044 -5.597322 3.659334  0.000000 0.000000 -1.000000  0.658617 0.109116 1 2 1.000000
0  -0.551882 -5.377092 3.659334  0.000000 0.000000 -1.000000  0.665943 0.127729 1 2 1.000000
w_k98
0  -0.474961 -5.159672 3.659334  0.000000 0.000000 -1.000000  0.659293 0.145854 1 2 1.000000
0  0.056066 -5.539640 3.659334  0.000000 0.000000 -1.000000  0.612532 0.109316 1 2 1.000000
0  -0.469044 -5.597322 3.659334  0.000000 0.000000 -1.000000  0.658617 0.109116 1 2 1.000000
w_k98
0  -0.474961 -5.159672 3.659334  -0.000001 0.000000 -1.000000  0.659293 0.145854 1 2 1.000000
0  0.056030 -5.193695 3.659334  -0.000001 0.000000 -1.000000  0.612532 0.145854 1 2 1.000000
0  0.056066 -5.539640 3.659334  -0.000001 0.000000 -1.000000  0.612532 0.109316 1 2 1.000000
w_k98
0  0.889680 -3.793705 3.461033  0.000000 1.000000 -0.000000  0.845790 0.227246 1 2 1.000000
0  0.809374 -3.793705 4.231319  0.000000 1.000000 -0.000000  0.849183 0.259794 1 2 1.000000
0  0.929946 -3.793705 3.917201  0.000000 1.000000 -0.000001  0.844088 0.246522 1 2 1.000000
w_k98
0  0.889680 -3.793705 3.461033  0.000000 1.000000 -0.000000  0.845790 0.227246 1 2 1.000000
0  0.342143 -3.793705 4.441646  0.000000 1.000000 -0.000001  0.868926 0.268682 1 2 1.000000
0  0.809374 -3.793705 4.231319  0.000000 1.000000 -0.000000  0.849183 0.259794 1 2 1.000000
w_k98
0  0.889680 -3.793705 3.461033  0.000000 1.000000 -0.000000  0.845790 0.227246 1 2 1.000000
0  -0.151859 -3.793705 4.230865  0.000000 1.000000 0.000000  0.889799 0.259775 1 2 1.000000
0  0.342143 -3.793705 4.441646  0.000000 1.000000 -0.000001  0.868926 0.268682 1 2 1.000000
w_k98
0  0.889680 -3.793705 3.461033  0.000000 1.000000 -0.000000  0.845790 0.227246 1 2 1.000000
0  -0.262696 -3.793705 3.920076  0.000000 1.000000 0.000001  0.894483 0.246643 1 2 1.000000
0  -0.151859 -3.793705 4.230865  0.000000 1.000000 0.000000  0.889799 0.259775 1 2 1.000000
w_k98
0  0.889680 -3.793705 3.461033  0.000000 1.000000 -0.000000  0.845790 0.227246 1 2 1.000000
0  -0.219997 -3.793705 3.461003  0.000000 1.000000 -0.000000  0.892679 0.227245 1 2 1.000000
0  -0.262696 -3.793705 3.920076  0.000000 1.000000 0.000001  0.894483 0.246643 1 2 1.000000
w_k98
0  1.076567 8.679119 -1.961307  -0.000012 0.994859 -0.101272  0.267576 0.284557 1 2 1.000000
0  0.736461 9.062923 2.007209  0.000010 0.994857 -0.101292  0.439461 0.269827 1 2 1.000000
0  1.076567 9.009655 1.432649  0.000006 0.994856 -0.101299  0.414576 0.284557 1 2 1.000000
w_k98
0  1.076567 8.679119 -1.961307  -0.000012 0.994859 -0.101272  0.267576 0.284557 1 2 1.000000
0  0.325404 9.084034 2.102245  -0.000080 0.994861 -0.101245  0.443578 0.252023 1 2 1.000000
0  0.736461 9.062923 2.007209  0.000010 0.994857 -0.101292  0.439461 0.269827 1 2 1.000000
w_k98
0  1.076567 8.679119 -1.961307  -0.000012 0.994859 -0.101272  0.267576 0.284557 1 2 1.000000
0  -0.085654 9.062923 2.007209  -0.000025 0.994857 -0.101288  0.439461 0.234219 1 2 1.000000
0  0.325404 9.084034 2.102245  -0.000080 0.994861 -0.101245  0.443578 0.252023 1 2 1.000000
w_k98
0  1.076567 8.679119 -1.961307  -0.000012 0.994859 -0.101272  0.267576 0.284557 1 2 1.000000
0  -0.425759 9.009655 1.432649  -0.000004 0.994856 -0.101302  0.414576 0.219488 1 2 1.000000
0  -0.085654 9.062923 2.007209  -0.000025 0.994857 -0.101288  0.439461 0.234219 1 2 1.000000
w_k98
0  1.076567 8.679119 -1.961307  -0.000012 0.994859 -0.101272  0.267576 0.284557 1 2 1.000000
0  -0.425759 8.679119 -1.961307  0.000000 0.994856 -0.101296  0.267576 0.219488 1 2 1.000000
0  -0.425759 9.009655 1.432649  -0.000004 0.994856 -0.101302  0.414576 0.219488 1 2 1.000000
w_k98
0  1.076567 8.679119 -1.961307  -0.000012 0.994859 -0.101272  0.267576 0.284557 1 2 1.000000
0  -0.085654 8.592342 -2.566272  0.000000 0.994856 -0.101301  0.241374 0.234219 1 2 1.000000
0  -0.425759 8.679119 -1.961307  0.000000 0.994856 -0.101296  0.267576 0.219488 1 2 1.000000
w_k98
0  1.076567 8.679119 -1.961307  -0.000012 0.994859 -0.101272  0.267576 0.284557 1 2 1.000000
0  0.325404 8.592342 -2.692902  0.000006 0.994857 -0.101293  0.235889 0.252023 1 2 1.000000
0  -0.085654 8.592342 -2.566272  0.000000 0.994856 -0.101301  0.241374 0.234219 1 2 1.000000
w_k98
0  1.076567 8.679119 -1.961307  -0.000012 0.994859 -0.101272  0.267576 0.284557 1 2 1.000000
0  0.736461 8.592342 -2.566272  -0.000029 0.994853 -0.101332  0.241374 0.269827 1 2 1.000000
0  0.325404 8.592342 -2.692902  0.000006 0.994857 -0.101293  0.235889 0.252023 1 2 1.000000
w_k98
0  -0.008902 -15.553946 4.592518  -1.000000 0.000000 0.000000  0.871969 0.048137 1 2 1.000000
0  -0.008902 -16.668999 4.481008  -1.000000 0.000000 0.000000  0.924565 0.053401 1 2 1.000000
0  -0.008902 -16.073822 4.588283  -1.000000 0.000000 0.000000  0.896494 0.048337 1 2 1.000000
w_k98
0  -0.008902 -15.553946 4.592518  -1.000000 0.000000 0.000000  0.871969 0.048137 1 2 1.000000
0  -0.008902 -14.518238 4.452229  -1.000000 -0.000000 0.000000  0.823108 0.054760 1 2 1.000000
0  -0.008902 -16.668999 4.481008  -1.000000 0.000000 0.000000  0.924565 0.053401 1 2 1.000000
w_k98
0  -0.008902 -17.109966 4.449197  -1.000000 -0.000000 0.000000  0.945365 0.054903 1 2 1.000000
0  -0.008902 -16.668999 4.481008  -1.000000 0.000000 0.000000  0.924565 0.053401 1 2 1.000000
0  -0.008902 -14.518238 4.452229  -1.000000 -0.000000 0.000000  0.823108 0.054760 1 2 1.000000
w_k98
0  -0.008902 -16.902298 4.737235  -1.000000 0.000000 0.000000  0.935557 0.041305 1 2 1.000000
0  -0.008902 -16.668999 4.481008  -1.000000 0.000000 0.000000  0.924565 0.053401 1 2 1.000000
0  -0.008902 -17.109966 4.449197  -1.000000 -0.000000 0.000000  0.945365 0.054903 1 2 1.000000
w_k98
0  -0.008902 -16.902298 4.737235  -1.000000 0.000000 0.000000  0.935557 0.041305 1 2 1.000000
0  -0.008902 -17.109966 4.449197  -1.000000 -0.000000 0.000000  0.945365 0.054903 1 2 1.000000
0  -0.008902 -17.072277 4.668667  -1.000000 0.000000 0.000000  0.943576 0.044542 1 2 1.000000
w_k98
0  -0.008902 -16.902298 4.737235  -1.000000 0.000000 0.000000  0.935557 0.041305 1 2 1.000000
0  -0.008902 -16.732315 4.668895  -1.000000 0.000000 0.000000  0.927538 0.044531 1 2 1.000000
0  -0.008902 -16.668999 4.481008  -1.000000 0.000000 0.000000  0.924565 0.053401 1 2 1.000000
w_k98
0  -0.135550 -17.109966 3.952826  -0.965927 -0.000000 0.258816  0.945375 0.078336 1 2 1.000000
0  -0.135550 -13.670094 3.699532  -1.000000 -0.000000 0.000000  0.783096 0.090295 1 2 1.000000
0  -0.135550 -17.109966 3.699531  -1.000000 -0.000000 0.000000  0.945375 0.090295 1 2 1.000000
w_k98
0  -0.135550 -17.109966 3.952826  -0.965927 -0.000000 0.258816  0.945375 0.078336 1 2 1.000000
0  -0.135550 -13.670094 3.952826  -0.966013 -0.000015 0.258495  0.783096 0.078336 1 2 1.000000
0  -0.135550 -13.670094 3.699532  -1.000000 -0.000000 0.000000  0.783096 0.090295 1 2 1.000000
w_k98
0  -0.008902 -17.109966 4.172187  -0.965837 -0.000011 0.259149  0.945375 0.067981 1 2 1.000000
0  -0.135550 -13.670094 3.952826  -0.966013 -0.000015 0.258495  0.783096 0.078336 1 2 1.000000
0  -0.135550 -17.109966 3.952826  -0.965927 -0.000000 0.258816  0.945375 0.078336 1 2 1.000000
w_k98
0  -0.008902 -17.109966 4.172187  -0.966014 0.000000 0.258490  0.945375 0.067981 1 2 1.000000
0  -0.008902 -13.670094 4.172187  -0.965926 0.000000 0.258818  0.783096 0.067981 1 2 1.000000
0  -0.135550 -13.670094 3.952826  -0.965836 0.000003 0.259153  0.783096 0.078336 1 2 1.000000
w_k98
0  -0.008902 -17.109966 4.449197  -1.000000 -0.000000 0.000000  0.945365 0.054903 1 2 1.000000
0  -0.008902 -13.670094 4.172187  -0.965926 0.000000 0.258818  0.783096 0.067981 1 2 1.000000
0  -0.008902 -17.109966 4.172187  -0.966014 0.000000 0.258490  0.945375 0.067981 1 2 1.000000
w_k98
0  -0.008902 -17.109966 4.449197  -1.000000 -0.000000 0.000000  0.945365 0.054903 1 2 1.000000
0  -0.008902 -13.670094 4.451714  -1.000000 -0.000000 0.000000  0.783096 0.054784 1 2 1.000000
0  -0.008902 -13.670094 4.172187  -0.965926 0.000000 0.258818  0.783096 0.067981 1 2 1.000000
w_k98
0  -0.008902 -17.109966 4.449197  -1.000000 -0.000000 0.000000  0.945365 0.054903 1 2 1.000000
0  -0.008902 -14.518238 4.452229  -1.000000 -0.000000 0.000000  0.823108 0.054760 1 2 1.000000
0  -0.008902 -13.670094 4.451714  -1.000000 -0.000000 0.000000  0.783096 0.054784 1 2 1.000000
w_k98
0  0.870074 -17.097488 4.176433  -0.000112 1.000000 -0.000139  0.564081 0.293408 1 2 1.000000
0  -0.218448 -17.097610 4.176628  -0.000095 1.000000 -0.000081  0.564081 0.293408 1 2 1.000000
0  0.326231 -17.097481 4.414866  -0.000112 1.000000 -0.000287  0.564090 0.279718 1 2 1.000000
w_k98
0  1.020078 -17.097511 3.785866  -0.000106 1.000000 -0.000086  0.564049 0.312920 1 2 1.000000
0  -0.218448 -17.097610 4.176628  -0.000095 1.000000 -0.000081  0.564081 0.293408 1 2 1.000000
0  0.870074 -17.097488 4.176433  -0.000112 1.000000 -0.000139  0.564081 0.293408 1 2 1.000000
w_k98
0  1.020078 -17.097511 3.785866  -0.000106 1.000000 -0.000086  0.564049 0.312920 1 2 1.000000
0  -0.368452 -17.097633 3.786060  -0.000088 1.000000 -0.000024  0.564049 0.312920 1 2 1.000000
0  -0.218448 -17.097610 4.176628  -0.000095 1.000000 -0.000081  0.564081 0.293408 1 2 1.000000
w_k98
0  -1.082819 -5.376553 2.068896  0.190109 0.552931 -0.811250  0.839171 0.095089 1 2 1.000000
0  -1.730836 -5.376553 1.917039  0.190109 0.552931 -0.811250  0.873941 0.130791 1 2 1.000000
0  -1.520858 -4.878647 2.305608  0.190109 0.552931 -0.811250  0.837744 0.130911 1 2 1.000000
w_k98
0  0.485634 -30.949886 3.135425  0.000000 -1.000000 0.000000  0.904721 0.248721 1 2 1.000000
0  0.188579 -30.949886 3.539915  0.000000 -1.000000 0.000000  0.900513 0.261275 1 2 1.000000
0  0.188579 -30.949886 3.135425  0.000000 -1.000000 0.000000  0.896353 0.245891 1 2 1.000000
w_k98
0  0.485634 -30.949886 3.135425  0.000000 -1.000000 0.000000  0.904721 0.248721 1 2 1.000000
0  0.485634 -30.949886 3.539915  0.000000 -1.000000 0.000000  0.904721 0.261275 1 2 1.000000
0  0.188579 -30.949886 3.539915  0.000000 -1.000000 0.000000  0.900513 0.261275 1 2 1.000000
w_k98
0  0.179851 -29.193718 3.135425  0.000000 0.000000 -1.000000  0.841845 0.248721 1 2 1.000000
0  0.485634 -30.949886 3.135425  0.000000 0.000000 -1.000000  0.896353 0.241730 1 2 1.000000
0  0.188579 -30.949886 3.135425  0.000000 0.000000 -1.000000  0.896353 0.245891 1 2 1.000000
w_k98
0  0.179851 -29.193718 3.135425  0.000000 0.000000 -1.000000  0.841845 0.248721 1 2 1.000000
0  0.494362 -29.193718 3.135425  0.000000 0.000000 -1.000000  0.841878 0.238932 1 2 1.000000
0  0.485634 -30.949886 3.135425  0.000000 0.000000 -1.000000  0.896353 0.241730 1 2 1.000000
w_k98
0  0.485634 -30.949886 3.135425  0.999988 -0.004970 0.000000  0.904721 0.248721 1 2 1.000000
0  0.494362 -29.193718 3.539915  0.999988 -0.004970 0.000000  0.963746 0.261275 1 2 1.000000
0  0.485634 -30.949886 3.539915  0.999988 -0.004970 0.000000  0.904721 0.261275 1 2 1.000000
w_k98
0  0.485634 -30.949886 3.135425  0.999988 -0.004970 0.000000  0.904721 0.248721 1 2 1.000000
0  0.494362 -29.193718 3.135425  0.999988 -0.004970 0.000000  0.963746 0.248721 1 2 1.000000
0  0.494362 -29.193718 3.539915  0.999988 -0.004970 0.000000  0.963746 0.261275 1 2 1.000000
w_k98
0  0.188579 -30.949886 3.135425  -0.999988 -0.004970 0.000000  0.896353 0.245891 1 2 1.000000
0  0.179851 -29.193718 3.539915  -0.999988 -0.004970 0.000000  0.841812 0.261275 1 2 1.000000
0  0.179851 -29.193718 3.135425  -0.999988 -0.004970 0.000000  0.841845 0.248721 1 2 1.000000
w_k98
0  0.188579 -30.949886 3.135425  -0.999988 -0.004970 0.000000  0.896353 0.245891 1 2 1.000000
0  0.188579 -30.949886 3.539915  -0.999988 -0.004970 0.000000  0.900513 0.261275 1 2 1.000000
0  0.179851 -29.193718 3.539915  -0.999988 -0.004970 0.000000  0.841812 0.261275 1 2 1.000000
w_k98
0  0.525481 -33.902184 4.509697  0.000000 -1.000000 0.000000  0.988281 0.023420 1 2 1.000000
0  0.148640 -33.902184 4.047924  0.000000 -1.000000 0.000000  0.988281 0.023420 1 2 1.000000
0  0.525481 -33.902184 4.047924  0.000000 -1.000000 0.000000  0.988281 0.023420 1 2 1.000000
w_k98
0  0.525481 -33.902184 4.509697  0.000000 -1.000000 0.000000  0.988281 0.023420 1 2 1.000000
0  0.148640 -33.902184 4.509697  0.000000 -1.000000 0.000000  0.988281 0.023420 1 2 1.000000
0  0.148640 -33.902184 4.047924  0.000000 -1.000000 0.000000  0.988281 0.023420 1 2 1.000000
w_k98
0  0.515698 -33.885269 4.272279  -0.551947 0.000000 0.833879  0.867435 0.245723 1 2 1.000000
0  0.607537 -33.119022 4.333067  -0.865286 0.000000 0.501279  0.869363 0.260668 1 2 1.000000
0  0.515698 -33.119022 4.272279  -0.551947 0.000000 0.833879  0.867435 0.260668 1 2 1.000000
w_k98
0  0.515698 -33.885269 4.272279  -0.551945 0.000000 0.833881  0.867435 0.245723 1 2 1.000000
0  0.607537 -33.885269 4.333067  -0.865300 0.000000 0.501254  0.869363 0.245723 1 2 1.000000
0  0.607537 -33.119022 4.333067  -0.865449 -0.000133 0.500998  0.869363 0.260668 1 2 1.000000
w_k98
0  0.607537 -33.885269 4.333067  -0.865300 0.000000 0.501254  0.869363 0.245723 1 2 1.000000
0  0.640127 -33.119022 4.841589  -0.929817 0.000000 -0.368021  0.880780 0.260668 1 2 1.000000
0  0.607537 -33.119022 4.333067  -0.865449 -0.000133 0.500998  0.869363 0.260668 1 2 1.000000
w_k98
0  0.607537 -33.885269 4.333067  -0.865300 0.000000 0.501254  0.869363 0.245723 1 2 1.000000
0  0.640127 -33.885269 4.841589  -0.929817 0.000000 -0.368021  0.880780 0.245723 1 2 1.000000
0  0.640127 -33.119022 4.841589  -0.929817 0.000000 -0.368021  0.880780 0.260668 1 2 1.000000
w_k98
0  0.640127 -33.885269 4.841589  -0.929817 0.000000 -0.368021  0.880780 0.245723 1 2 1.000000
0  0.508598 -33.119022 4.964866  -0.458314 0.000000 -0.888791  0.884368 0.260668 1 2 1.000000
0  0.640127 -33.119022 4.841589  -0.929817 0.000000 -0.368021  0.880780 0.260668 1 2 1.000000
w_k98
0  0.640127 -33.885269 4.841589  -0.929817 0.000000 -0.368021  0.880780 0.245723 1 2 1.000000
0  0.508598 -33.885269 4.964866  -0.458319 0.000000 -0.888788  0.884368 0.245723 1 2 1.000000
0  0.508598 -33.119022 4.964866  -0.458314 0.000000 -0.888791  0.884368 0.260668 1 2 1.000000
w_k98
0  0.508598 -33.885269 4.964866  -0.458319 0.000000 -0.888788  0.884368 0.245723 1 2 1.000000
0  0.337106 -33.119022 4.999482  0.000007 0.000000 -1.000000  0.887802 0.260668 1 2 1.000000
0  0.508598 -33.119022 4.964866  -0.458314 0.000000 -0.888791  0.884368 0.260668 1 2 1.000000
w_k98
0  0.508598 -33.885269 4.964866  -0.458319 0.000000 -0.888788  0.884368 0.245723 1 2 1.000000
0  0.337106 -33.885269 4.999482  -0.000005 0.000000 -1.000000  0.887802 0.245723 1 2 1.000000
0  0.337106 -33.119022 4.999482  0.000007 0.000000 -1.000000  0.887802 0.260668 1 2 1.000000
w_k98
0  0.165616 -33.119022 4.964866  0.458319 0.000000 -0.888788  0.891235 0.260668 1 2 1.000000
0  0.337106 -33.119022 4.999482  0.000007 0.000000 -1.000000  0.887802 0.260668 1 2 1.000000
0  0.337106 -33.885269 4.999482  -0.000005 0.000000 -1.000000  0.887802 0.245723 1 2 1.000000
w_k98
0  0.165616 -33.119022 4.964866  0.458319 0.000000 -0.888788  0.891235 0.260668 1 2 1.000000
0  0.337106 -33.885269 4.999482  -0.000005 0.000000 -1.000000  0.887802 0.245723 1 2 1.000000
0  0.165616 -33.885269 4.964866  0.458311 0.000000 -0.888792  0.891235 0.245723 1 2 1.000000
w_k98
0  0.165616 -33.119022 4.964866  0.458319 0.000000 -0.888788  0.891235 0.260668 1 2 1.000000
0  0.165616 -33.885269 4.964866  0.458311 0.000000 -0.888792  0.891235 0.245723 1 2 1.000000
0  0.034086 -33.885269 4.841589  0.930147 0.000000 -0.367188  0.894823 0.245723 1 2 1.000000
w_k98
0  0.165616 -33.119022 4.964866  0.458319 0.000000 -0.888788  0.891235 0.260668 1 2 1.000000
0  0.034086 -33.885269 4.841589  0.930147 0.000000 -0.367188  0.894823 0.245723 1 2 1.000000
0  0.034086 -33.119022 4.841589  0.930147 0.000000 -0.367188  0.894823 0.260668 1 2 1.000000
w_k98
0  0.067593 -33.885269 4.333067  0.865220 0.000133 0.501393  0.906230 0.245723 1 2 1.000000
0  0.034086 -33.119022 4.841589  0.930147 0.000000 -0.367188  0.894823 0.260668 1 2 1.000000
0  0.034086 -33.885269 4.841589  0.930147 0.000000 -0.367188  0.894823 0.245723 1 2 1.000000
w_k98
0  0.067593 -33.885269 4.333067  0.865220 0.000133 0.501393  0.906230 0.245723 1 2 1.000000
0  0.067593 -33.119022 4.333067  0.865055 0.000000 0.501677  0.906230 0.260668 1 2 1.000000
0  0.034086 -33.119022 4.841589  0.930147 0.000000 -0.367188  0.894823 0.260668 1 2 1.000000
w_k98
0  0.067593 -33.885269 4.333067  0.865220 0.000133 0.501393  0.906230 0.245723 1 2 1.000000
0  0.159268 -33.119022 4.272279  0.552632 0.000000 0.833426  0.908147 0.260668 1 2 1.000000
0  0.067593 -33.119022 4.333067  0.865055 0.000000 0.501677  0.906230 0.260668 1 2 1.000000
w_k98
0  0.067593 -33.885269 4.333067  0.865049 0.000000 0.501688  0.906230 0.245723 1 2 1.000000
0  0.159268 -33.885269 4.272279  0.552632 0.000000 0.833426  0.908147 0.245723 1 2 1.000000
0  0.159268 -33.119022 4.272279  0.552632 0.000000 0.833426  0.908147 0.260668 1 2 1.000000
w_k98
0  0.148640 -33.453362 4.509697  0.000000 0.000000 1.000000  0.885032 0.235972 1 2 1.000000
0  0.525481 -33.902184 4.509697  0.000000 0.000000 1.000000  0.908923 0.256031 1 2 1.000000
0  0.525481 -33.453362 4.509697  0.000000 0.000000 1.000000  0.885032 0.256031 1 2 1.000000
w_k98
0  0.148640 -33.453362 4.509697  0.000000 0.000000 1.000000  0.885032 0.235972 1 2 1.000000
0  0.148640 -33.902184 4.509697  0.000000 0.000000 1.000000  0.908923 0.235972 1 2 1.000000
0  0.525481 -33.902184 4.509697  0.000000 0.000000 1.000000  0.908923 0.256031 1 2 1.000000
w_k98
0  0.525481 -33.112011 4.047924  0.000000 1.000000 0.000000  0.859993 0.256031 1 2 1.000000
0  0.148640 -33.112011 4.275510  0.000000 1.000000 0.000000  0.866839 0.235972 1 2 1.000000
0  0.525481 -33.112011 4.275510  0.000000 1.000000 0.000000  0.866839 0.256031 1 2 1.000000
w_k98
0  0.525481 -33.112011 4.047924  0.000000 1.000000 0.000000  0.859993 0.256031 1 2 1.000000
0  0.148640 -33.112011 4.047924  0.000000 1.000000 0.000000  0.859993 0.235972 1 2 1.000000
0  0.148640 -33.112011 4.275510  0.000000 1.000000 0.000000  0.866839 0.235972 1 2 1.000000
w_k98
0  0.525481 -33.453362 4.509697  0.000000 0.565721 0.824597  0.885032 0.256031 1 2 1.000000
0  0.148640 -33.112011 4.275510  0.000000 0.565721 0.824597  0.866839 0.235972 1 2 1.000000
0  0.148640 -33.453362 4.509697  0.000000 0.565715 0.824601  0.885032 0.235972 1 2 1.000000
w_k98
0  0.525481 -33.453362 4.509697  0.000000 0.565721 0.824597  0.885032 0.256031 1 2 1.000000
0  0.525481 -33.112011 4.275510  0.000000 0.565727 0.824593  0.866839 0.256031 1 2 1.000000
0  0.148640 -33.112011 4.275510  0.000000 0.565721 0.824597  0.866839 0.235972 1 2 1.000000
w_k98
0  0.325404 -23.859344 2.569464  0.000151 -0.021371 -0.999772  0.923230 0.380261 1 2 1.000000
0  0.325404 -8.126759 1.919877  0.000011 -0.042112 -0.999113  0.055664 0.409110 1 2 1.000000
0  0.853116 -8.126759 2.187648  0.616338 -0.038248 -0.786552  0.055656 0.395789 1 2 1.000000
w_k98
0  -0.088231 -23.859344 2.808058  -0.724106 -0.019071 -0.689425  0.923230 0.367060 1 2 1.000000
0  0.325404 -8.126759 1.919877  0.000011 -0.042112 -0.999113  0.055664 0.409110 1 2 1.000000
0  0.325404 -23.859344 2.569464  0.000151 -0.021371 -0.999772  0.923230 0.380261 1 2 1.000000
w_k98
0  -0.088231 -23.859344 2.808058  -0.724106 -0.019071 -0.689425  0.923230 0.367060 1 2 1.000000
0  -0.202307 -8.126759 2.187648  -0.616359 -0.038241 -0.786536  0.055656 0.395789 1 2 1.000000
0  0.325404 -8.126759 1.919877  0.000011 -0.042112 -0.999113  0.055664 0.409110 1 2 1.000000
w_k98
0  -0.210740 -23.859344 3.182992  -0.974503 -0.015254 -0.223853  0.923230 0.346314 1 2 1.000000
0  -0.202307 -8.126759 2.187648  -0.616359 -0.038241 -0.786536  0.055656 0.395789 1 2 1.000000
0  -0.088231 -23.859344 2.808058  -0.724106 -0.019071 -0.689425  0.923230 0.367060 1 2 1.000000
w_k98
0  -0.210740 -23.859344 3.182992  -0.974503 -0.015254 -0.223853  0.923230 0.346314 1 2 1.000000
0  -0.593459 -8.126759 2.568423  -0.936650 -0.033094 -0.348700  0.055659 0.376792 1 2 1.000000
0  -0.202307 -8.126759 2.187648  -0.616359 -0.038241 -0.786536  0.055656 0.395789 1 2 1.000000
w_k98
0  -0.210740 -23.859344 3.182992  -0.974503 -0.015254 -0.223853  0.923230 0.346314 1 2 1.000000
0  -0.590640 -8.126759 3.733203  -0.999697 -0.024490 0.002585  0.054627 0.318912 1 2 1.000000
0  -0.593459 -8.126759 2.568423  -0.936650 -0.033094 -0.348700  0.055659 0.376792 1 2 1.000000
w_k98
0  -0.210740 -23.859344 3.182992  -0.974503 -0.015254 -0.223853  0.923230 0.346314 1 2 1.000000
0  -0.368452 -17.097633 3.786060  -0.983511 -0.022127 0.179490  0.564049 0.312920 1 2 1.000000
0  -0.590640 -8.126759 3.733203  -0.999697 -0.024490 0.002585  0.054627 0.318912 1 2 1.000000
w_k98
0  -0.210740 -23.859344 3.182992  -0.974503 -0.015254 -0.223853  0.923230 0.346314 1 2 1.000000
0  -0.210740 -23.859344 3.823579  -0.984512 -0.011063 0.174969  0.923299 0.310886 1 2 1.000000
0  -0.368452 -17.097633 3.786060  -0.983511 -0.022127 0.179490  0.564049 0.312920 1 2 1.000000
w_k98
0  -0.368452 -17.097633 3.786060  -0.983511 -0.022127 0.179490  0.564049 0.312920 1 2 1.000000
0  -0.210740 -23.859344 3.823579  -0.984512 -0.011063 0.174969  0.923299 0.310886 1 2 1.000000
0  -0.105097 -23.853569 4.119960  -0.732725 -0.009157 0.680463  0.923047 0.296617 1 2 1.000000
w_k98
0  -0.105097 -23.853569 4.119960  -0.732725 -0.009157 0.680463  0.923047 0.296617 1 2 1.000000
0  -0.210740 -23.859344 3.823579  -0.984512 -0.011063 0.174969  0.923299 0.310886 1 2 1.000000
0  -0.210740 -25.024776 3.823579  -0.993568 0.000000 0.113240  0.988121 0.310886 1 2 1.000000
w_k98
0  -0.105097 -23.853569 4.119960  -0.732725 -0.009157 0.680463  0.923047 0.296617 1 2 1.000000
0  -0.210740 -25.024776 3.823579  -0.993568 0.000000 0.113240  0.988121 0.310886 1 2 1.000000
0  -0.105097 -25.019001 4.119960  -0.736621 0.000000 0.676306  0.987869 0.296617 1 2 1.000000
w_k98
0  0.326134 -23.841331 4.316532  0.000863 -0.007775 0.999969  0.922366 0.285212 1 2 1.000000
0  -0.105097 -23.853569 4.119960  -0.732725 -0.009157 0.680463  0.923047 0.296617 1 2 1.000000
0  -0.105097 -25.019001 4.119960  -0.736621 0.000000 0.676306  0.987869 0.296617 1 2 1.000000
w_k98
0  0.326134 -23.841331 4.316532  0.000863 -0.007775 0.999969  0.922366 0.285212 1 2 1.000000
0  -0.105097 -25.019001 4.119960  -0.736621 0.000000 0.676306  0.987869 0.296617 1 2 1.000000
0  0.326134 -25.006760 4.316532  0.000644 0.000000 1.000000  0.987188 0.285212 1 2 1.000000
w_k98
0  0.755905 -23.853569 4.119960  0.733101 -0.009154 0.680058  0.923047 0.296617 1 2 1.000000
0  0.326134 -23.841331 4.316532  0.000863 -0.007775 0.999969  0.922366 0.285212 1 2 1.000000
0  0.326134 -25.006760 4.316532  0.000644 0.000000 1.000000  0.987188 0.285212 1 2 1.000000
w_k98
0  0.755905 -23.853569 4.119960  0.733101 -0.009154 0.680058  0.923047 0.296617 1 2 1.000000
0  0.326134 -25.006760 4.316532  0.000644 0.000000 1.000000  0.987188 0.285212 1 2 1.000000
0  0.755905 -25.019001 4.119960  0.737067 0.000000 0.675819  0.987869 0.296617 1 2 1.000000
w_k98
0  0.861548 -23.859344 3.823579  0.984553 -0.011059 0.174739  0.923299 0.310886 1 2 1.000000
0  0.755905 -23.853569 4.119960  0.733101 -0.009154 0.680058  0.923047 0.296617 1 2 1.000000
0  0.755905 -25.019001 4.119960  0.737067 0.000000 0.675819  0.987869 0.296617 1 2 1.000000
w_k98
0  0.861548 -23.859344 3.823579  0.984553 -0.011059 0.174739  0.923299 0.310886 1 2 1.000000
0  0.755905 -25.019001 4.119960  0.737067 0.000000 0.675819  0.987869 0.296617 1 2 1.000000
0  0.861548 -25.024776 3.823579  0.993595 0.000000 0.112999  0.988121 0.310886 1 2 1.000000
w_k98
0  0.861548 -23.859344 3.182992  0.974466 -0.015258 -0.224015  0.923230 0.346314 1 2 1.000000
0  0.861548 -23.859344 3.823579  0.984553 -0.011059 0.174739  0.923299 0.310886 1 2 1.000000
0  0.861548 -25.024776 3.823579  0.993595 0.000000 0.112999  0.988121 0.310886 1 2 1.000000
w_k98
0  -0.368452 -17.097633 3.786060  -0.983511 -0.022127 0.179490  0.564049 0.312920 1 2 1.000000
0  -0.105097 -23.853569 4.119960  -0.732725 -0.009157 0.680463  0.923047 0.296617 1 2 1.000000
0  -0.218448 -17.097610 4.176628  -0.728743 -0.017928 0.684553  0.564081 0.293408 1 2 1.000000
w_k98
0  -0.218448 -17.097610 4.176628  -0.728743 -0.017928 0.684553  0.564081 0.293408 1 2 1.000000
0  -0.105097 -23.853569 4.119960  -0.732725 -0.009157 0.680463  0.923047 0.296617 1 2 1.000000
0  0.326134 -23.841331 4.316532  0.000863 -0.007775 0.999969  0.922366 0.285212 1 2 1.000000
w_k98
0  -0.218448 -17.097610 4.176628  -0.728743 -0.017928 0.684553  0.564081 0.293408 1 2 1.000000
0  0.326134 -23.841331 4.316532  0.000863 -0.007775 0.999969  0.922366 0.285212 1 2 1.000000
0  0.326231 -17.097481 4.414866  0.000810 -0.015143 0.999885  0.564090 0.279718 1 2 1.000000
w_k98
0  0.755905 -23.853569 4.119960  0.733101 -0.009154 0.680058  0.923047 0.296617 1 2 1.000000
0  0.326231 -17.097481 4.414866  0.000810 -0.015143 0.999885  0.564090 0.279718 1 2 1.000000
0  0.326134 -23.841331 4.316532  0.000863 -0.007775 0.999969  0.922366 0.285212 1 2 1.000000
w_k98
0  0.755905 -23.853569 4.119960  0.733101 -0.009154 0.680058  0.923047 0.296617 1 2 1.000000
0  0.870074 -17.097488 4.176433  0.729089 -0.018311 0.684174  0.564081 0.293408 1 2 1.000000
0  0.326231 -17.097481 4.414866  0.000810 -0.015143 0.999885  0.564090 0.279718 1 2 1.000000
w_k98
0  0.861548 -23.859344 3.823579  0.984553 -0.011059 0.174739  0.923299 0.310886 1 2 1.000000
0  0.870074 -17.097488 4.176433  0.729089 -0.018311 0.684174  0.564081 0.293408 1 2 1.000000
0  0.755905 -23.853569 4.119960  0.733101 -0.009154 0.680058  0.923047 0.296617 1 2 1.000000
w_k98
0  0.861548 -23.859344 3.823579  0.984553 -0.011059 0.174739  0.923299 0.310886 1 2 1.000000
0  1.020078 -17.097511 3.785866  0.983605 -0.022099 0.178976  0.564049 0.312920 1 2 1.000000
0  0.870074 -17.097488 4.176433  0.729089 -0.018311 0.684174  0.564081 0.293408 1 2 1.000000
w_k98
0  0.861548 -23.859344 3.823579  0.984553 -0.011059 0.174739  0.923299 0.310886 1 2 1.000000
0  1.241706 -8.126759 3.733142  0.999696 -0.024417 0.003394  0.054627 0.318912 1 2 1.000000
0  1.020078 -17.097511 3.785866  0.983605 -0.022099 0.178976  0.564049 0.312920 1 2 1.000000
w_k98
0  0.861548 -23.859344 3.823579  0.984553 -0.011059 0.174739  0.923299 0.310886 1 2 1.000000
0  1.244267 -8.126759 2.568423  0.936581 -0.033097 -0.348884  0.055659 0.376792 1 2 1.000000
0  1.241706 -8.126759 3.733142  0.999696 -0.024417 0.003394  0.054627 0.318912 1 2 1.000000
w_k98
0  0.861548 -23.859344 3.823579  0.984553 -0.011059 0.174739  0.923299 0.310886 1 2 1.000000
0  0.861548 -23.859344 3.182992  0.974466 -0.015258 -0.224015  0.923230 0.346314 1 2 1.000000
0  1.244267 -8.126759 2.568423  0.936581 -0.033097 -0.348884  0.055659 0.376792 1 2 1.000000
w_k98
0  0.861548 -23.859344 3.182992  0.974466 -0.015258 -0.224015  0.923230 0.346314 1 2 1.000000
0  0.853116 -8.126759 2.187648  0.616338 -0.038248 -0.786552  0.055656 0.395789 1 2 1.000000
0  1.244267 -8.126759 2.568423  0.936581 -0.033097 -0.348884  0.055659 0.376792 1 2 1.000000
w_k98
0  0.861548 -23.859344 3.182992  0.974466 -0.015258 -0.224015  0.923230 0.346314 1 2 1.000000
0  0.739039 -23.859344 2.808058  0.724099 -0.019071 -0.689433  0.923230 0.367060 1 2 1.000000
0  0.853116 -8.126759 2.187648  0.616338 -0.038248 -0.786552  0.055656 0.395789 1 2 1.000000
w_k98
0  0.325404 -23.859344 2.569464  0.000151 -0.021371 -0.999772  0.923230 0.380261 1 2 1.000000
0  0.853116 -8.126759 2.187648  0.616338 -0.038248 -0.786552  0.055656 0.395789 1 2 1.000000
0  0.739039 -23.859344 2.808058  0.724099 -0.019071 -0.689433  0.923230 0.367060 1 2 1.000000
w_k98
0  0.861548 -23.859344 3.182992  0.974466 -0.015258 -0.224015  0.923230 0.346314 1 2 1.000000
0  0.861548 -25.024776 3.823579  0.993595 0.000000 0.112999  0.988121 0.310886 1 2 1.000000
0  0.861548 -25.024776 3.182992  0.987559 0.000000 -0.157251  0.988052 0.346314 1 2 1.000000
w_k98
0  0.739039 -23.859344 2.808058  0.724099 -0.019071 -0.689433  0.923230 0.367060 1 2 1.000000
0  0.861548 -23.859344 3.182992  0.974466 -0.015258 -0.224015  0.923230 0.346314 1 2 1.000000
0  0.861548 -25.024776 3.182992  0.987559 0.000000 -0.157251  0.988052 0.346314 1 2 1.000000
w_k98
0  0.739039 -23.859344 2.808058  0.724099 -0.019071 -0.689433  0.923230 0.367060 1 2 1.000000
0  0.861548 -25.024776 3.182992  0.987559 0.000000 -0.157251  0.988052 0.346314 1 2 1.000000
0  0.739039 -25.024776 2.808058  0.776505 0.000000 -0.630112  0.988052 0.367060 1 2 1.000000
w_k98
0  0.325404 -23.859344 2.569464  0.000151 -0.021371 -0.999772  0.923230 0.380261 1 2 1.000000
0  0.739039 -23.859344 2.808058  0.724099 -0.019071 -0.689433  0.923230 0.367060 1 2 1.000000
0  0.739039 -25.024776 2.808058  0.776505 0.000000 -0.630112  0.988052 0.367060 1 2 1.000000
w_k98
0  0.325404 -23.859344 2.569464  0.000151 -0.021371 -0.999772  0.923230 0.380261 1 2 1.000000
0  0.739039 -25.024776 2.808058  0.776505 0.000000 -0.630112  0.988052 0.367060 1 2 1.000000
0  0.325404 -25.024776 2.569464  0.000008 0.000000 -1.000000  0.988052 0.380261 1 2 1.000000
w_k98
0  -0.088231 -23.859344 2.808058  -0.724106 -0.019071 -0.689425  0.923230 0.367060 1 2 1.000000
0  0.325404 -23.859344 2.569464  0.000151 -0.021371 -0.999772  0.923230 0.380261 1 2 1.000000
0  0.325404 -25.024776 2.569464  0.000008 0.000000 -1.000000  0.988052 0.380261 1 2 1.000000
w_k98
0  -0.088231 -23.859344 2.808058  -0.724106 -0.019071 -0.689425  0.923230 0.367060 1 2 1.000000
0  0.325404 -25.024776 2.569464  0.000008 0.000000 -1.000000  0.988052 0.380261 1 2 1.000000
0  -0.088231 -25.024776 2.808058  -0.776497 0.000000 -0.630121  0.988052 0.367060 1 2 1.000000
w_k98
0  -0.210740 -23.859344 3.182992  -0.974503 -0.015254 -0.223853  0.923230 0.346314 1 2 1.000000
0  -0.088231 -23.859344 2.808058  -0.724106 -0.019071 -0.689425  0.923230 0.367060 1 2 1.000000
0  -0.088231 -25.024776 2.808058  -0.776497 0.000000 -0.630121  0.988052 0.367060 1 2 1.000000
w_k98
0  -0.210740 -23.859344 3.182992  -0.974503 -0.015254 -0.223853  0.923230 0.346314 1 2 1.000000
0  -0.088231 -25.024776 2.808058  -0.776497 0.000000 -0.630121  0.988052 0.367060 1 2 1.000000
0  -0.210740 -25.024776 3.182992  -0.987559 0.000000 -0.157252  0.988052 0.346314 1 2 1.000000
w_k98
0  -0.210740 -23.859344 3.823579  -0.984512 -0.011063 0.174969  0.923299 0.310886 1 2 1.000000
0  -0.210740 -23.859344 3.182992  -0.974503 -0.015254 -0.223853  0.923230 0.346314 1 2 1.000000
0  -0.210740 -25.024776 3.182992  -0.987559 0.000000 -0.157252  0.988052 0.346314 1 2 1.000000
w_k98
0  -0.210740 -23.859344 3.823579  -0.984512 -0.011063 0.174969  0.923299 0.310886 1 2 1.000000
0  -0.210740 -25.024776 3.182992  -0.987559 0.000000 -0.157252  0.988052 0.346314 1 2 1.000000
0  -0.210740 -25.024776 3.823579  -0.993568 0.000000 0.113240  0.988121 0.310886 1 2 1.000000
w_k98
0  -0.210740 -27.602257 3.823579  0.000000 0.000000 1.000000  0.082291 0.274506 1 2 1.000000
0  0.861548 -25.024776 3.823579  0.000000 0.000000 1.000000  0.210148 0.274506 1 2 1.000000
0  -0.210740 -25.024776 3.823579  0.000000 0.000000 1.000000  0.210148 0.274506 1 2 1.000000
w_k98
0  -0.210740 -27.602257 3.823579  0.000000 0.000000 1.000000  0.082291 0.274506 1 2 1.000000
0  0.861548 -27.602257 3.823579  0.000000 0.000000 1.000000  0.082291 0.274506 1 2 1.000000
0  0.861548 -25.024776 3.823579  0.000000 0.000000 1.000000  0.210148 0.274506 1 2 1.000000
w_k98
0  -0.490474 -6.908966 4.129596  -0.994864 -0.000000 0.101220  0.444305 0.144196 1 2 1.000000
0  -0.550035 -5.613007 3.544191  -0.994864 0.000000 0.101221  0.520172 0.175600 1 2 1.000000
0  -0.550034 -6.899134 3.544191  -0.994864 -0.000001 0.101219  0.444305 0.175600 1 2 1.000000
w_k98
0  -0.490474 -6.908966 4.129596  -0.994864 -0.000000 0.101220  0.444305 0.144196 1 2 1.000000
0  -0.490474 -5.622829 4.129590  -0.994864 0.000000 0.101222  0.520172 0.144196 1 2 1.000000
0  -0.550035 -5.613007 3.544191  -0.994864 0.000000 0.101221  0.520172 0.175600 1 2 1.000000
w_k98
0  0.787697 -5.086750 4.429676  0.004795 0.999898 0.013484  0.863614 0.264871 1 2 1.000000
0  1.229644 -5.076921 3.543793  0.004785 0.999898 0.013480  0.848760 0.230415 1 2 1.000000
0  0.765254 -5.076921 3.544186  0.004814 0.999897 0.013496  0.864426 0.230428 1 2 1.000000
w_k98
0  0.787697 -5.086750 4.429676  0.004795 0.999898 0.013484  0.863614 0.264871 1 2 1.000000
0  1.165275 -5.086750 4.129713  0.004821 0.999897 0.013491  0.850877 0.258081 1 2 1.000000
0  1.229644 -5.076921 3.543793  0.004785 0.999898 0.013480  0.848760 0.230415 1 2 1.000000
w_k98
0  -0.550035 -5.613007 3.544191  -0.005451 0.999893 0.013597  0.908796 0.230428 1 2 1.000000
0  -0.141381 -5.622810 4.428268  -0.005451 0.999893 0.013597  0.894956 0.264839 1 2 1.000000
0  -0.142591 -5.612986 3.544186  -0.005451 0.999893 0.013597  0.895052 0.230428 1 2 1.000000
w_k98
0  -0.550035 -5.613007 3.544191  -0.005426 0.999893 0.013586  0.908796 0.230428 1 2 1.000000
0  -0.490474 -5.622829 4.129590  -0.005424 0.999893 0.013590  0.906733 0.258079 1 2 1.000000
0  -0.141381 -5.622810 4.428268  -0.005427 0.999893 0.013586  0.894956 0.264839 1 2 1.000000
w_k98
0  0.889680 -4.986917 3.461033  0.000027 0.000000 -1.000000  0.033762 0.000031 1 2 1.000000
0  -0.219997 -3.793705 3.461003  0.000027 0.000000 -1.000000  0.964198 0.000000 1 2 1.000000
0  0.889680 -3.793705 3.461033  0.000027 0.000000 -1.000000  0.033762 0.000031 1 2 1.000000
w_k98
0  0.889680 -4.986917 3.461033  0.000027 0.000000 -1.000000  0.033762 0.000031 1 2 1.000000
0  -0.219997 -4.986917 3.461003  0.000027 0.000000 -1.000000  0.964198 0.000000 1 2 1.000000
0  -0.219997 -3.793705 3.461003  0.000027 0.000000 -1.000000  0.964198 0.000000 1 2 1.000000
w_k98
0  0.095578 -10.256872 3.513947  -0.809018 0.000000 -0.587784  0.299121 0.075049 1 2 1.000000
0  -0.054035 -4.958565 3.719872  -0.951055 0.000000 -0.309020  0.162857 0.066183 1 2 1.000000
0  0.095578 -4.958565 3.513948  -0.809016 0.000000 -0.587786  0.162860 0.075049 1 2 1.000000
w_k98
0  0.095578 -10.256872 3.513947  -0.809018 0.000000 -0.587784  0.299121 0.075049 1 2 1.000000
0  -0.054035 -10.256872 3.719872  -0.951058 0.000000 -0.309013  0.299125 0.066183 1 2 1.000000
0  -0.054035 -4.958565 3.719872  -0.951055 0.000000 -0.309020  0.162857 0.066183 1 2 1.000000
w_k98
0  -0.054035 -10.256872 3.719872  -0.951058 0.000000 -0.309013  0.299125 0.066183 1 2 1.000000
0  -0.054035 -4.958565 3.974410  -0.951057 0.000000 0.309014  0.162856 0.057382 1 2 1.000000
0  -0.054035 -4.958565 3.719872  -0.951055 0.000000 -0.309020  0.162857 0.066183 1 2 1.000000
w_k98
0  -0.054035 -10.256872 3.719872  -0.951058 0.000000 -0.309013  0.299125 0.066183 1 2 1.000000
0  -0.054035 -10.256872 3.974410  -0.951056 0.000000 0.309019  0.299125 0.057382 1 2 1.000000
0  -0.054035 -4.958565 3.974410  -0.951057 0.000000 0.309014  0.162856 0.057382 1 2 1.000000
w_k98
0  -0.054035 -10.256872 3.974410  -0.951056 0.000000 0.309019  0.299125 0.057382 1 2 1.000000
0  0.095578 -4.958565 4.180335  -0.587789 0.000000 0.809014  0.162859 0.048559 1 2 1.000000
0  -0.054035 -4.958565 3.974410  -0.951057 0.000000 0.309014  0.162856 0.057382 1 2 1.000000
w_k98
0  -0.054035 -10.256872 3.974410  -0.951056 0.000000 0.309019  0.299125 0.057382 1 2 1.000000
0  0.095578 -10.256872 4.180335  -0.587786 0.000000 0.809016  0.299123 0.048559 1 2 1.000000
0  0.095578 -4.958565 4.180335  -0.587789 0.000000 0.809014  0.162859 0.048559 1 2 1.000000
w_k98
0  0.095578 -10.256872 4.180335  -0.587786 0.000000 0.809016  0.299123 0.048559 1 2 1.000000
0  0.337658 -4.958565 4.258993  -0.000001 0.000000 1.000000  0.162861 0.039633 1 2 1.000000
0  0.095578 -4.958565 4.180335  -0.587789 0.000000 0.809014  0.162859 0.048559 1 2 1.000000
w_k98
0  0.095578 -10.256872 4.180335  -0.587786 0.000000 0.809016  0.299123 0.048559 1 2 1.000000
0  0.337658 -10.256872 4.258993  0.000001 0.000000 1.000000  0.299120 0.039633 1 2 1.000000
0  0.337658 -4.958565 4.258993  -0.000001 0.000000 1.000000  0.162861 0.039633 1 2 1.000000
w_k98
0  0.337658 -10.256872 4.258993  0.000001 0.000000 1.000000  0.299120 0.039633 1 2 1.000000
0  0.579738 -4.958565 4.180335  0.587785 0.000000 0.809017  0.162859 0.030585 1 2 1.000000
0  0.337658 -4.958565 4.258993  -0.000001 0.000000 1.000000  0.162861 0.039633 1 2 1.000000
w_k98
0  0.337658 -10.256872 4.258993  0.000001 0.000000 1.000000  0.299120 0.039633 1 2 1.000000
0  0.579738 -10.256872 4.180335  0.587788 0.000000 0.809015  0.299123 0.030585 1 2 1.000000
0  0.579738 -4.958565 4.180335  0.587785 0.000000 0.809017  0.162859 0.030585 1 2 1.000000
w_k98
0  0.579738 -10.256872 4.180335  0.587788 0.000000 0.809015  0.299123 0.030585 1 2 1.000000
0  0.729352 -4.958565 3.974410  0.951055 0.000000 0.309020  0.162856 0.021641 1 2 1.000000
0  0.579738 -4.958565 4.180335  0.587785 0.000000 0.809017  0.162859 0.030585 1 2 1.000000
w_k98
0  0.579738 -10.256872 4.180335  0.587788 0.000000 0.809015  0.299123 0.030585 1 2 1.000000
0  0.729352 -10.256872 3.974410  0.951057 0.000000 0.309016  0.299125 0.021641 1 2 1.000000
0  0.729352 -4.958565 3.974410  0.951055 0.000000 0.309020  0.162856 0.021641 1 2 1.000000
w_k98
0  0.729352 -10.256872 3.974410  0.951057 0.000000 0.309016  0.299125 0.021641 1 2 1.000000
0  0.729352 -4.958565 3.719872  0.951057 0.000000 -0.309016  0.162857 0.012720 1 2 1.000000
0  0.729352 -4.958565 3.974410  0.951055 0.000000 0.309020  0.162856 0.021641 1 2 1.000000
w_k98
0  0.729352 -10.256872 3.974410  0.951057 0.000000 0.309016  0.299125 0.021641 1 2 1.000000
0  0.729352 -10.256872 3.719872  0.951055 0.000000 -0.309020  0.299125 0.012720 1 2 1.000000
0  0.729352 -4.958565 3.719872  0.951057 0.000000 -0.309016  0.162857 0.012720 1 2 1.000000
w_k98
0  0.729352 -10.256872 3.719872  0.951055 0.000000 -0.309020  0.299125 0.012720 1 2 1.000000
0  0.579738 -4.958565 3.513948  0.809015 0.000000 -0.587789  0.162860 0.003734 1 2 1.000000
0  0.729352 -4.958565 3.719872  0.951057 0.000000 -0.309016  0.162857 0.012720 1 2 1.000000
w_k98
0  0.729352 -10.256872 3.719872  0.951055 0.000000 -0.309020  0.299125 0.012720 1 2 1.000000
0  0.579738 -10.256872 3.513947  0.809016 0.000000 -0.587786  0.299121 0.003734 1 2 1.000000
0  0.579738 -4.958565 3.513948  0.809015 0.000000 -0.587789  0.162860 0.003734 1 2 1.000000
w_k98
0  0.337658 -3.792164 3.548614  0.000004 0.000000 -1.000000  0.082276 0.191234 1 2 1.000000
0  0.162187 -2.907450 3.605627  -0.587790 0.000000 -0.809014  0.025292 0.181025 1 2 1.000000
0  0.337658 -2.907450 3.548614  -0.000004 0.000000 -1.000000  0.025292 0.191234 1 2 1.000000
w_k98
0  0.337658 -3.792164 3.548614  0.000004 0.000000 -1.000000  0.082276 0.191234 1 2 1.000000
0  0.162187 -3.792164 3.605627  -0.587782 0.000000 -0.809020  0.082276 0.181025 1 2 1.000000
0  0.162187 -2.907450 3.605627  -0.587790 0.000000 -0.809014  0.025292 0.181025 1 2 1.000000
w_k98
0  0.162187 -3.792164 3.605627  -0.587782 0.000000 -0.809020  0.082276 0.181025 1 2 1.000000
0  0.053741 -2.907450 3.754892  -0.951059 0.000000 -0.309010  0.025292 0.170792 1 2 1.000000
0  0.162187 -2.907450 3.605627  -0.587790 0.000000 -0.809014  0.025292 0.181025 1 2 1.000000
w_k98
0  0.162187 -3.792164 3.605627  -0.587782 0.000000 -0.809020  0.082276 0.181025 1 2 1.000000
0  0.053741 -3.792164 3.754892  -0.951056 0.000000 -0.309019  0.082276 0.170792 1 2 1.000000
0  0.053741 -2.907450 3.754892  -0.951059 0.000000 -0.309010  0.025292 0.170792 1 2 1.000000
w_k98
0  0.053741 -3.792164 3.754892  -0.951056 0.000000 -0.309019  0.082276 0.170792 1 2 1.000000
0  0.053741 -2.907450 3.939393  -0.951055 0.000000 0.309021  0.025292 0.158144 1 2 1.000000
0  0.053741 -2.907450 3.754892  -0.951059 0.000000 -0.309010  0.025292 0.170792 1 2 1.000000
w_k98
0  0.053741 -3.792164 3.754892  -0.951056 0.000000 -0.309019  0.082276 0.170792 1 2 1.000000
0  0.053741 -3.792164 3.939393  -0.951058 0.000000 0.309011  0.082276 0.158144 1 2 1.000000
0  0.053741 -2.907450 3.939393  -0.951055 0.000000 0.309021  0.025292 0.158144 1 2 1.000000
w_k98
0  0.053741 -3.792164 3.939393  -0.951058 0.000000 0.309011  0.082276 0.158144 1 2 1.000000
0  0.162187 -2.907450 4.088657  -0.587782 0.000000 0.809020  0.025292 0.147911 1 2 1.000000
0  0.053741 -2.907450 3.939393  -0.951055 0.000000 0.309021  0.025292 0.158144 1 2 1.000000
w_k98
0  0.053741 -3.792164 3.939393  -0.951058 0.000000 0.309011  0.082276 0.158144 1 2 1.000000
0  0.162187 -3.792164 4.088657  -0.587788 0.000000 0.809015  0.082276 0.147911 1 2 1.000000
0  0.162187 -2.907450 4.088657  -0.587782 0.000000 0.809020  0.025292 0.147911 1 2 1.000000
w_k98
0  0.162187 -3.792164 4.088657  -0.587788 0.000000 0.809015  0.082276 0.147911 1 2 1.000000
0  0.337658 -2.907450 4.145670  0.000002 0.000000 1.000000  0.025292 0.136428 1 2 1.000000
0  0.162187 -2.907450 4.088657  -0.587782 0.000000 0.809020  0.025292 0.147911 1 2 1.000000
w_k98
0  0.162187 -3.792164 4.088657  -0.587788 0.000000 0.809015  0.082276 0.147911 1 2 1.000000
0  0.337658 -3.792164 4.145670  -0.000002 0.000000 1.000000  0.082276 0.136432 1 2 1.000000
0  0.337658 -2.907450 4.145670  0.000002 0.000000 1.000000  0.025292 0.136428 1 2 1.000000
w_k98
0  0.337658 -3.792164 4.145670  -0.000002 0.000000 1.000000  0.082276 0.136432 1 2 1.000000
0  0.513129 -2.907450 4.088657  0.587788 0.000000 0.809015  0.025292 0.125004 1 2 1.000000
0  0.337658 -2.907450 4.145670  0.000002 0.000000 1.000000  0.025292 0.136428 1 2 1.000000
w_k98
0  0.337658 -3.792164 4.145670  -0.000002 0.000000 1.000000  0.082276 0.136432 1 2 1.000000
0  0.513129 -3.792164 4.088657  0.587781 0.000000 0.809020  0.082276 0.125004 1 2 1.000000
0  0.513129 -2.907450 4.088657  0.587788 0.000000 0.809015  0.025292 0.125004 1 2 1.000000
w_k98
0  0.513129 -3.792164 4.088657  0.587781 0.000000 0.809020  0.082276 0.125004 1 2 1.000000
0  0.621575 -2.907450 3.939393  0.951058 0.000000 0.309011  0.025292 0.114817 1 2 1.000000
0  0.513129 -2.907450 4.088657  0.587788 0.000000 0.809015  0.025292 0.125004 1 2 1.000000
w_k98
0  0.513129 -3.792164 4.088657  0.587781 0.000000 0.809020  0.082276 0.125004 1 2 1.000000
0  0.621575 -3.792164 3.939393  0.951055 0.000000 0.309021  0.082276 0.114817 1 2 1.000000
0  0.621575 -2.907450 3.939393  0.951058 0.000000 0.309011  0.025292 0.114817 1 2 1.000000
w_k98
0  0.621575 -3.792164 3.939393  0.951055 0.000000 0.309021  0.082276 0.114817 1 2 1.000000
0  0.621575 -2.907450 3.754892  0.951056 0.000000 -0.309019  0.025292 0.102226 1 2 1.000000
0  0.621575 -2.907450 3.939393  0.951058 0.000000 0.309011  0.025292 0.114817 1 2 1.000000
w_k98
0  0.621575 -3.792164 3.939393  0.951055 0.000000 0.309021  0.082276 0.114817 1 2 1.000000
0  0.621575 -3.792164 3.754892  0.951059 0.000000 -0.309010  0.082276 0.102226 1 2 1.000000
0  0.621575 -2.907450 3.754892  0.951056 0.000000 -0.309019  0.025292 0.102226 1 2 1.000000
w_k98
0  0.621575 -3.792164 3.754892  0.951059 0.000000 -0.309010  0.082276 0.102226 1 2 1.000000
0  0.513129 -2.907450 3.605627  0.587782 0.000000 -0.809019  0.025292 0.092039 1 2 1.000000
0  0.621575 -2.907450 3.754892  0.951056 0.000000 -0.309019  0.025292 0.102226 1 2 1.000000
w_k98
0  0.621575 -3.792164 3.754892  0.951059 0.000000 -0.309010  0.082276 0.102226 1 2 1.000000
0  0.513129 -3.792164 3.605627  0.587790 0.000000 -0.809014  0.082276 0.092039 1 2 1.000000
0  0.513129 -2.907450 3.605627  0.587782 0.000000 -0.809019  0.025292 0.092039 1 2 1.000000
w_k98
0  0.513129 -3.792164 3.605627  0.587790 0.000000 -0.809014  0.082276 0.092039 1 2 1.000000
0  0.337658 -2.907450 3.548614  -0.000004 0.000000 -1.000000  0.025292 0.081876 1 2 1.000000
0  0.513129 -2.907450 3.605627  0.587782 0.000000 -0.809019  0.025292 0.092039 1 2 1.000000
w_k98
0  0.513129 -3.792164 3.605627  0.587790 0.000000 -0.809014  0.082276 0.092039 1 2 1.000000
0  0.337658 -3.792164 3.548614  0.000004 0.000000 -1.000000  0.082276 0.081876 1 2 1.000000
0  0.337658 -2.907450 3.548614  -0.000004 0.000000 -1.000000  0.025292 0.081876 1 2 1.000000
w_k98
0  0.640685 -33.885269 4.294481  0.438876 0.000000 -0.898547  0.869554 0.244366 1 2 1.000000
0  0.515698 -33.119022 4.233434  0.438876 0.000000 -0.898547  0.867458 0.229403 1 2 1.000000
0  0.640685 -33.119022 4.294481  0.438876 0.000000 -0.898547  0.869554 0.229403 1 2 1.000000
w_k98
0  0.640685 -33.885269 4.294481  0.438869 0.000000 -0.898551  0.869554 0.244366 1 2 1.000000
0  0.515698 -33.885269 4.233434  0.438869 0.000000 -0.898551  0.867458 0.244366 1 2 1.000000
0  0.515698 -33.119022 4.233434  0.438869 0.000000 -0.898551  0.867458 0.229403 1 2 1.000000
w_k98
0  0.845046 -14.062702 4.390864  1.000000 0.000000 0.000000  0.866575 0.265627 1 2 1.000000
0  0.845046 -14.537289 4.700901  1.000000 0.000000 0.000000  0.891496 0.249333 1 2 1.000000
0  0.845046 -14.537289 4.390864  1.000000 0.000000 0.000000  0.891496 0.265627 1 2 1.000000
w_k98
0  0.845046 -14.062702 4.390864  1.000000 0.000000 0.000000  0.866575 0.265627 1 2 1.000000
0  0.845046 -14.062702 4.700901  1.000000 0.000000 0.000000  0.866575 0.249333 1 2 1.000000
0  0.845046 -14.537289 4.700901  1.000000 0.000000 0.000000  0.891496 0.249333 1 2 1.000000
w_k98
0  0.845046 -14.062702 4.700901  0.000000 0.000000 1.000000  0.934318 0.231235 1 2 1.000000
0  0.502903 -14.537289 4.700901  0.000000 0.000000 1.000000  0.909490 0.249333 1 2 1.000000
0  0.845046 -14.537289 4.700901  0.000000 0.000000 1.000000  0.909450 0.231235 1 2 1.000000
w_k98
0  0.845046 -14.062702 4.700901  0.000000 0.000000 1.000000  0.934318 0.231235 1 2 1.000000
0  0.502903 -14.062702 4.700901  0.000000 0.000000 1.000000  0.934354 0.249333 1 2 1.000000
0  0.502903 -14.537289 4.700901  0.000000 0.000000 1.000000  0.909490 0.249333 1 2 1.000000
w_k98
0  0.171310 -14.537289 4.390864  0.000000 -1.000000 0.000000  0.938251 0.230030 1 2 1.000000
0  -0.170832 -14.537289 4.700901  0.000000 -1.000000 0.000000  0.920164 0.246442 1 2 1.000000
0  -0.170832 -14.537289 4.390864  0.000000 -1.000000 0.000000  0.920164 0.230030 1 2 1.000000
w_k98
0  0.171310 -14.537289 4.390864  0.000000 -1.000000 0.000000  0.938251 0.230030 1 2 1.000000
0  0.171310 -14.537289 4.700901  0.000000 -1.000000 0.000000  0.938251 0.246442 1 2 1.000000
0  -0.170832 -14.537289 4.700901  0.000000 -1.000000 0.000000  0.920164 0.246442 1 2 1.000000
w_k98
0  -0.170832 -14.062702 4.390864  0.000000 0.000000 -1.000000  0.858807 0.254464 1 2 1.000000
0  0.171310 -14.537289 4.390864  0.000000 0.000000 -1.000000  0.880141 0.239028 1 2 1.000000
0  -0.170832 -14.537289 4.390864  0.000000 0.000000 -1.000000  0.880141 0.254464 1 2 1.000000
w_k98
0  -0.170832 -14.062702 4.390864  0.000000 0.000000 -1.000000  0.858807 0.254464 1 2 1.000000
0  0.171310 -14.062702 4.390864  0.000000 0.000000 -1.000000  0.858807 0.239028 1 2 1.000000
0  0.171310 -14.537289 4.390864  0.000000 0.000000 -1.000000  0.880141 0.239028 1 2 1.000000
w_k98
0  0.171310 -14.062702 4.390864  1.000000 0.000000 0.000000  0.877100 0.230030 1 2 1.000000
0  0.171310 -14.537289 4.700901  1.000000 0.000000 0.000000  0.852084 0.246442 1 2 1.000000
0  0.171310 -14.537289 4.390864  1.000000 0.000000 0.000000  0.852039 0.230030 1 2 1.000000
w_k98
0  0.171310 -14.062702 4.390864  1.000000 0.000000 0.000000  0.877100 0.230030 1 2 1.000000
0  0.171310 -14.062702 4.700901  1.000000 0.000000 0.000000  0.877113 0.246442 1 2 1.000000
0  0.171310 -14.537289 4.700901  1.000000 0.000000 0.000000  0.852084 0.246442 1 2 1.000000
w_k98
0  -0.170832 -14.062702 4.700901  0.000000 1.000000 0.000000  0.895137 0.246442 1 2 1.000000
0  0.171310 -14.062702 4.390864  0.000000 1.000000 0.000000  0.877100 0.230030 1 2 1.000000
0  -0.170832 -14.062702 4.390864  0.000000 1.000000 0.000000  0.895137 0.230030 1 2 1.000000
w_k98
0  -0.170832 -14.062702 4.700901  0.000000 1.000000 0.000000  0.895137 0.246442 1 2 1.000000
0  0.171310 -14.062702 4.700901  0.000000 1.000000 0.000000  0.877113 0.246442 1 2 1.000000
0  0.171310 -14.062702 4.390864  0.000000 1.000000 0.000000  0.877100 0.230030 1 2 1.000000
w_k98
0  -0.170832 -14.062702 4.700901  -1.000000 0.000000 0.000000  0.895137 0.246442 1 2 1.000000
0  -0.170832 -14.537289 4.390864  -1.000000 0.000000 0.000000  0.920164 0.230030 1 2 1.000000
0  -0.170832 -14.537289 4.700901  -1.000000 0.000000 0.000000  0.920164 0.246442 1 2 1.000000
w_k98
0  -0.170832 -14.062702 4.700901  -1.000000 0.000000 0.000000  0.895137 0.246442 1 2 1.000000
0  -0.170832 -14.062702 4.390864  -1.000000 0.000000 0.000000  0.895137 0.230030 1 2 1.000000
0  -0.170832 -14.537289 4.390864  -1.000000 0.000000 0.000000  0.920164 0.230030 1 2 1.000000
w_k98
0  -0.170832 -14.537289 4.700901  0.000000 0.000000 1.000000  0.852107 0.264716 1 2 1.000000
0  0.171310 -14.062702 4.700901  0.000000 0.000000 1.000000  0.877113 0.246442 1 2 1.000000
0  -0.170832 -14.062702 4.700901  0.000000 0.000000 1.000000  0.877126 0.264716 1 2 1.000000
w_k98
0  -0.170832 -14.537289 4.700901  0.000000 0.000000 1.000000  0.852107 0.264716 1 2 1.000000
0  0.171310 -14.537289 4.700901  0.000000 0.000000 1.000000  0.852084 0.246442 1 2 1.000000
0  0.171310 -14.062702 4.700901  0.000000 0.000000 1.000000  0.877113 0.246442 1 2 1.000000
w_k98
0  0.675776 -14.016548 4.691608  0.000000 0.414950 0.909844  0.967715 0.005444 1 2 1.000000
0  -0.001563 -13.835564 4.483163  0.000000 0.755095 0.655615  0.995855 0.074595 1 2 1.000000
0  -0.001563 -14.016548 4.691608  -0.000040 0.415244 0.909710  0.967842 0.074528 1 2 1.000000
w_k98
0  0.675776 -14.016548 4.691608  0.000000 0.414950 0.909844  0.967715 0.005444 1 2 1.000000
0  0.675776 -13.835564 4.483163  0.000000 0.755095 0.655615  0.995855 0.005457 1 2 1.000000
0  -0.001563 -13.835564 4.483163  0.000000 0.755095 0.655615  0.995855 0.074595 1 2 1.000000
w_k98
0  -0.001563 -13.835564 4.483163  0.000000 1.000000 0.000097  0.995855 0.074595 1 2 1.000000
0  0.675776 -13.835560 4.453429  0.000000 1.000000 0.000187  0.999897 0.005476 1 2 1.000000
0  -0.001563 -13.835560 4.453429  0.000000 1.000000 0.000095  0.999938 0.074628 1 2 1.000000
w_k98
0  -0.001563 -13.835564 4.483163  0.000000 1.000000 0.000097  0.995855 0.074595 1 2 1.000000
0  0.675776 -13.835564 4.483163  0.000000 1.000000 0.000189  0.995855 0.005457 1 2 1.000000
0  0.675776 -13.835560 4.453429  0.000000 1.000000 0.000187  0.999897 0.005476 1 2 1.000000
w_k98
0  0.675776 -14.057243 4.691608  0.000000 0.000000 1.000000  0.952347 0.003950 1 2 1.000000
0  -0.001563 -14.016548 4.691608  -0.000011 0.414654 0.909979  0.956514 0.076697 1 2 1.000000
0  -0.001563 -14.057243 4.691608  0.000000 0.000000 1.000000  0.952347 0.076697 1 2 1.000000
w_k98
0  0.675776 -14.057243 4.691608  0.000000 0.000000 1.000000  0.952347 0.003950 1 2 1.000000
0  0.675776 -14.016548 4.691608  0.000000 0.414950 0.909844  0.956514 0.003950 1 2 1.000000
0  -0.001563 -14.016548 4.691608  -0.000040 0.415244 0.909710  0.956514 0.076697 1 2 1.000000
w_k98
0  0.087536 -14.119347 4.691264  -1.000000 0.000000 0.000000  0.831191 0.404072 1 2 1.000000
0  0.087536 -17.076225 4.343975  -1.000000 0.000000 0.000000  0.993428 0.392594 1 2 1.000000
0  0.087536 -17.085865 4.557019  -1.000000 0.000000 0.000000  0.993428 0.404228 1 2 1.000000
w_k98
0  0.087536 -14.119347 4.691264  -1.000000 0.000000 0.000000  0.831191 0.404072 1 2 1.000000
0  0.087536 -14.109707 4.478219  -1.000000 0.000000 0.000000  0.831191 0.392282 1 2 1.000000
0  0.087536 -17.076225 4.343975  -1.000000 0.000000 0.000000  0.993428 0.392594 1 2 1.000000
w_k98
0  0.087536 -17.085865 4.557019  0.000000 -0.998978 -0.045190  0.891319 0.238590 1 2 1.000000
0  0.586677 -17.076225 4.343975  0.000000 -0.998978 -0.045190  0.849867 0.256282 1 2 1.000000
0  0.586677 -17.085865 4.557019  0.000000 -0.998978 -0.045190  0.849867 0.238590 1 2 1.000000
w_k98
0  0.087536 -17.085865 4.557019  0.000000 -0.998978 -0.045207  0.891319 0.238590 1 2 1.000000
0  0.087536 -17.076225 4.343975  0.000000 -0.998978 -0.045207  0.891319 0.256282 1 2 1.000000
0  0.586677 -17.076225 4.343975  0.000000 -0.998978 -0.045207  0.849867 0.256282 1 2 1.000000
w_k98
0  0.586677 -14.119347 4.691264  1.000000 0.000000 0.000000  0.831191 0.436758 1 2 1.000000
0  0.586677 -17.076225 4.343975  1.000000 0.000000 0.000000  0.993428 0.448399 1 2 1.000000
0  0.586677 -14.109707 4.478219  1.000000 0.000000 0.000000  0.831191 0.448712 1 2 1.000000
w_k98
0  0.586677 -14.119347 4.691264  1.000000 0.000000 0.000000  0.831191 0.436758 1 2 1.000000
0  0.586677 -17.085865 4.557019  1.000000 0.000000 0.000000  0.993428 0.436602 1 2 1.000000
0  0.586677 -17.076225 4.343975  1.000000 0.000000 0.000000  0.993428 0.448399 1 2 1.000000
w_k98
0  0.586677 -14.119347 4.691264  0.000000 0.998978 0.045198  0.935228 0.238564 1 2 1.000000
0  0.087536 -14.109707 4.478219  0.000000 0.998978 0.045198  0.893776 0.256256 1 2 1.000000
0  0.087536 -14.119347 4.691264  0.000000 0.998978 0.045198  0.893776 0.238564 1 2 1.000000
w_k98
0  0.586677 -14.119347 4.691264  0.000000 0.998978 0.045207  0.935228 0.238564 1 2 1.000000
0  0.586677 -14.109707 4.478219  0.000000 0.998978 0.045207  0.935228 0.256256 1 2 1.000000
0  0.087536 -14.109707 4.478219  0.000000 0.998978 0.045207  0.893776 0.256256 1 2 1.000000
w_k98
0  0.586677 -17.085865 4.557019  0.000000 -0.045207 0.998978  0.993428 0.436602 1 2 1.000000
0  0.087536 -14.119347 4.691264  0.000000 -0.045207 0.998978  0.831191 0.404072 1 2 1.000000
0  0.087536 -17.085865 4.557019  0.000000 -0.045207 0.998978  0.993428 0.404228 1 2 1.000000
w_k98
0  0.586677 -17.085865 4.557019  0.000000 -0.045207 0.998978  0.993428 0.436602 1 2 1.000000
0  0.586677 -14.119347 4.691264  0.000000 -0.045207 0.998978  0.831191 0.436758 1 2 1.000000
0  0.087536 -14.119347 4.691264  0.000000 -0.045207 0.998978  0.831191 0.404072 1 2 1.000000
w_k98
0  -1.500319 -5.376553 2.739411  -0.624787 0.707094 0.331149  0.985544 0.134220 1 2 1.000000
0  -0.746771 -5.178410 3.738063  -0.557854 0.709459 0.430658  0.915425 0.115568 1 2 1.000000
0  -1.334777 -5.188385 2.649953  -0.624787 0.707094 0.331149  0.987020 0.115718 1 2 1.000000
w_k98
0  -1.500319 -5.376553 2.739411  -0.624787 0.707094 0.331149  0.985544 0.134220 1 2 1.000000
0  -0.921090 -5.376553 3.832264  -0.557842 0.709481 0.430638  0.912668 0.134379 1 2 1.000000
0  -0.746771 -5.178410 3.738063  -0.557854 0.709459 0.430658  0.915425 0.115568 1 2 1.000000
w_k98
0  -0.921090 -5.376553 3.832264  -0.557842 0.709481 0.430638  0.912668 0.134379 1 2 1.000000
0  -0.666696 -5.178410 3.801375  -0.419870 0.845011 0.331158  0.908796 0.114429 1 2 1.000000
0  -0.746771 -5.178410 3.738063  -0.557854 0.709459 0.430658  0.915425 0.115568 1 2 1.000000
w_k98
0  -0.921090 -5.376553 3.832264  -0.557842 0.709481 0.430638  0.912668 0.134379 1 2 1.000000
0  -0.767343 -5.376553 3.984443  -0.644168 -0.001005 0.764884  0.900782 0.134371 1 2 1.000000
0  -0.666696 -5.178410 3.801375  -0.419870 0.845011 0.331158  0.908796 0.114429 1 2 1.000000
w_k98
0  -0.666696 -5.178410 3.801375  -0.419870 0.845011 0.331158  0.908796 0.114429 1 2 1.000000
0  -0.767343 -5.376553 3.984443  -0.644168 -0.001005 0.764884  0.900782 0.134371 1 2 1.000000
0  -0.474961 -5.159672 4.052486  -0.391431 0.709687 0.585769  0.890719 0.111530 1 2 1.000000
w_k98
0  -0.474961 -5.159672 4.052486  -0.391431 0.709687 0.585769  0.890719 0.111530 1 2 1.000000
0  -0.767343 -5.376553 3.984443  -0.644168 -0.001005 0.764884  0.900782 0.134371 1 2 1.000000
0  -0.469044 -5.597322 4.052486  -0.395822 -0.708702 0.584009  0.890589 0.157316 1 2 1.000000
w_k98
0  -0.474961 -5.159672 3.659334  -0.097267 0.995258 0.000000  0.907375 0.096073 1 2 1.000000
0  -0.666696 -5.178410 3.801375  -0.419870 0.845011 0.331158  0.908796 0.114429 1 2 1.000000
0  -0.474961 -5.159672 4.052486  -0.391431 0.709687 0.585769  0.890719 0.111530 1 2 1.000000
w_k98
0  -0.469044 -5.597322 4.052486  -0.395822 -0.708702 0.584009  0.890589 0.157316 1 2 1.000000
0  -0.666696 -5.574697 3.801375  -0.424062 -0.842912 0.331166  0.908792 0.154081 1 2 1.000000
0  -0.469044 -5.597322 3.659334  -0.113726 -0.993512 0.000000  0.907110 0.172598 1 2 1.000000
w_k98
0  -0.666696 -5.574697 3.801375  -0.424062 -0.842912 0.331166  0.908792 0.154081 1 2 1.000000
0  -0.469044 -5.597322 4.052486  -0.395822 -0.708702 0.584009  0.890589 0.157316 1 2 1.000000
0  -0.767343 -5.376553 3.984443  -0.644168 -0.001005 0.764884  0.900782 0.134371 1 2 1.000000
w_k98
0  -0.767343 -5.376553 3.984443  -0.644168 -0.001005 0.764884  0.900782 0.134371 1 2 1.000000
0  -0.746771 -5.574697 3.738063  -0.557824 -0.709489 0.430647  0.915412 0.152948 1 2 1.000000
0  -0.666696 -5.574697 3.801375  -0.424062 -0.842912 0.331166  0.908792 0.154081 1 2 1.000000
w_k98
0  -0.767343 -5.376553 3.984443  -0.644168 -0.001005 0.764884  0.900782 0.134371 1 2 1.000000
0  -0.921090 -5.376553 3.832264  -0.557843 -0.709483 0.430633  0.912668 0.134379 1 2 1.000000
0  -0.746771 -5.574697 3.738063  -0.557824 -0.709489 0.430647  0.915412 0.152948 1 2 1.000000
w_k98
0  -1.334777 -5.564720 2.649953  -0.624786 -0.707096 0.331146  0.987007 0.152494 1 2 1.000000
0  -0.746771 -5.574697 3.738063  -0.557824 -0.709489 0.430647  0.915412 0.152948 1 2 1.000000
0  -0.921090 -5.376553 3.832264  -0.557843 -0.709483 0.430633  0.912668 0.134379 1 2 1.000000
w_k98
0  -1.334777 -5.564720 2.649953  -0.624786 -0.707096 0.331146  0.987007 0.152494 1 2 1.000000
0  -0.921090 -5.376553 3.832264  -0.557843 -0.709483 0.430633  0.912668 0.134379 1 2 1.000000
0  -1.500319 -5.376553 2.739411  -0.624786 -0.707096 0.331146  0.985544 0.134220 1 2 1.000000
w_k98
0  -1.730836 -5.376553 1.917039  -0.782787 0.552929 -0.285507  0.873941 0.130791 1 2 1.000000
0  -1.958895 -5.376553 2.542320  -0.782787 0.552929 -0.285507  0.839407 0.166722 1 2 1.000000
0  -1.520858 -4.878647 2.305608  -0.782787 0.552929 -0.285507  0.837744 0.130911 1 2 1.000000
w_k98
0  -1.169234 -5.376553 2.560496  0.609064 -0.716948 -0.339155  0.988585 0.169396 1 2 1.000000
0  -0.746771 -5.574697 3.738063  0.537753 -0.705027 -0.462341  0.915412 0.152948 1 2 1.000000
0  -1.334777 -5.564720 2.649953  0.609075 -0.716938 -0.339157  0.987007 0.152494 1 2 1.000000
w_k98
0  -1.169234 -5.376553 2.560496  0.609064 -0.716948 -0.339155  0.988585 0.169396 1 2 1.000000
0  -0.551882 -5.377092 3.659334  0.537762 -0.705032 -0.462323  0.917572 0.172090 1 2 1.000000
0  -0.746771 -5.574697 3.738063  0.537753 -0.705027 -0.462341  0.915412 0.152948 1 2 1.000000
w_k98
0  -0.666696 -5.574697 3.801375  0.455476 -0.678736 -0.576073  0.908792 0.154081 1 2 1.000000
0  -0.746771 -5.574697 3.738063  0.537753 -0.705027 -0.462341  0.915412 0.152948 1 2 1.000000
0  -0.551882 -5.377092 3.659334  0.537762 -0.705032 -0.462323  0.917572 0.172090 1 2 1.000000
w_k98
0  -1.730836 -5.376553 1.917039  -0.782785 -0.552932 -0.285505  0.873941 0.130791 1 2 1.000000
0  -1.520858 -5.874456 2.305608  -0.782785 -0.552932 -0.285505  0.837744 0.130911 1 2 1.000000
0  -1.958895 -5.376553 2.542320  -0.782785 -0.552932 -0.285505  0.839407 0.166722 1 2 1.000000
w_k98
0  -0.746771 -5.178410 3.738063  -0.277042 0.447684 -0.850192  0.915425 0.115568 1 2 1.000000
0  -0.474961 -5.159672 3.659334  -0.277085 0.447653 -0.850194  0.907375 0.096073 1 2 1.000000
0  -0.551882 -5.377092 3.659334  -0.277024 0.447367 -0.850365  0.917515 0.096177 1 2 1.000000
w_k98
0  -0.746771 -5.178410 3.738063  -0.277042 0.447684 -0.850192  0.915425 0.115568 1 2 1.000000
0  -0.666696 -5.178410 3.801375  -0.276748 0.447980 -0.850132  0.908796 0.114429 1 2 1.000000
0  -0.474961 -5.159672 3.659334  -0.277085 0.447653 -0.850194  0.907375 0.096073 1 2 1.000000
w_k98
0  0.056030 -5.193695 4.052486  -0.000001 0.000000 1.000000  0.612532 0.037159 1 2 1.000000
0  -0.469044 -5.597322 4.052486  -0.000001 0.000000 1.000000  0.658067 0.075206 1 2 1.000000
0  0.056066 -5.539640 4.052486  -0.000001 0.000000 1.000000  0.612532 0.075329 1 2 1.000000
w_k98
0  0.056030 -5.193695 4.052486  0.000000 0.000000 1.000000  0.612532 0.037159 1 2 1.000000
0  -0.474961 -5.159672 4.052486  0.000000 0.000000 1.000000  0.658138 0.037202 1 2 1.000000
0  -0.469044 -5.597322 4.052486  0.000000 0.000000 1.000000  0.658067 0.075206 1 2 1.000000
w_k98
0  0.056066 -5.539640 3.659334  0.109191 -0.994021 0.000000  0.612532 0.109316 1 2 1.000000
0  -0.469044 -5.597322 4.052486  0.109191 -0.994021 0.000000  0.658067 0.075206 1 2 1.000000
0  -0.469044 -5.597322 3.659334  0.109191 -0.994021 0.000000  0.658617 0.109116 1 2 1.000000
w_k98
0  0.056066 -5.539640 3.659334  0.109191 -0.994021 0.000000  0.612532 0.109316 1 2 1.000000
0  0.056066 -5.539640 4.052486  0.109191 -0.994021 0.000000  0.612532 0.075329 1 2 1.000000
0  -0.469044 -5.597322 4.052486  0.109191 -0.994021 0.000000  0.658067 0.075206 1 2 1.000000
w_k98
0  -0.474961 -5.159672 3.659334  0.063944 0.997954 0.000000  0.658084 0.003015 1 2 1.000000
0  0.056030 -5.193695 4.052486  0.063944 0.997954 0.000000  0.612532 0.037159 1 2 1.000000
0  0.056030 -5.193695 3.659334  0.063944 0.997953 0.000000  0.612532 0.003015 1 2 1.000000
w_k98
0  -0.474961 -5.159672 3.659334  0.063944 0.997954 0.000000  0.658084 0.003015 1 2 1.000000
0  -0.474961 -5.159672 4.052486  0.063944 0.997953 0.000000  0.658138 0.037202 1 2 1.000000
0  0.056030 -5.193695 4.052486  0.063944 0.997954 0.000000  0.612532 0.037159 1 2 1.000000
w_k98
0  -1.334777 -5.188385 2.649953  0.610109 0.715966 -0.339352  0.987020 0.115718 1 2 1.000000
0  -0.551882 -5.377092 3.659334  0.610098 0.715982 -0.339339  0.917515 0.096177 1 2 1.000000
0  -1.169234 -5.376553 2.560496  0.610115 0.715956 -0.339362  0.988537 0.098599 1 2 1.000000
w_k98
0  -1.334777 -5.188385 2.649953  0.610109 0.715966 -0.339352  0.987020 0.115718 1 2 1.000000
0  -0.746771 -5.178410 3.738063  0.610100 0.715981 -0.339336  0.915425 0.115568 1 2 1.000000
0  -0.551882 -5.377092 3.659334  0.610098 0.715982 -0.339339  0.917515 0.096177 1 2 1.000000
w_k98
0  -1.520858 -4.878647 2.305608  0.775026 0.617069 0.136237  0.837744 0.130911 1 2 1.000000
0  -1.169234 -5.376553 2.560496  0.775026 0.617069 0.136237  0.806899 0.108626 1 2 1.000000
0  -1.082819 -5.376553 2.068896  0.775026 0.617069 0.136237  0.839171 0.095089 1 2 1.000000
w_k98
0  -1.520858 -4.878647 2.305608  0.775026 0.617069 0.136237  0.837744 0.130911 1 2 1.000000
0  -1.334777 -5.188385 2.649953  0.775025 0.617070 0.136237  0.811617 0.130998 1 2 1.000000
0  -1.169234 -5.376553 2.560496  0.775026 0.617069 0.136237  0.806899 0.108626 1 2 1.000000
w_k98
0  -1.082819 -5.376553 2.068896  0.775024 -0.617072 0.136236  0.839171 0.095089 1 2 1.000000
0  -1.334777 -5.564720 2.649953  0.775024 -0.617072 0.136236  0.811617 0.130998 1 2 1.000000
0  -1.520858 -5.874456 2.305608  0.775023 -0.617073 0.136236  0.837744 0.130911 1 2 1.000000
w_k98
0  -1.082819 -5.376553 2.068896  0.775024 -0.617072 0.136236  0.839171 0.095089 1 2 1.000000
0  -1.169234 -5.376553 2.560496  0.775024 -0.617071 0.136236  0.806899 0.108626 1 2 1.000000
0  -1.334777 -5.564720 2.649953  0.775024 -0.617072 0.136236  0.811617 0.130998 1 2 1.000000
w_k98
0  -1.520858 -5.874456 2.305608  -0.310722 -0.617071 0.722963  0.837744 0.130911 1 2 1.000000
0  -1.500319 -5.376553 2.739411  -0.310722 -0.617071 0.722963  0.807047 0.153399 1 2 1.000000
0  -1.958895 -5.376553 2.542320  -0.310722 -0.617072 0.722962  0.839407 0.166722 1 2 1.000000
w_k98
0  -1.520858 -5.874456 2.305608  -0.310722 -0.617071 0.722963  0.837744 0.130911 1 2 1.000000
0  -1.334777 -5.564720 2.649953  -0.310721 -0.617070 0.722964  0.811617 0.130998 1 2 1.000000
0  -1.500319 -5.376553 2.739411  -0.310722 -0.617071 0.722963  0.807047 0.153399 1 2 1.000000
w_k98
0  -1.520858 -4.878647 2.305608  -0.310722 0.617068 0.722965  0.837744 0.130911 1 2 1.000000
0  -1.500319 -5.376553 2.739411  -0.310722 0.617068 0.722965  0.807047 0.153399 1 2 1.000000
0  -1.334777 -5.188385 2.649953  -0.310722 0.617069 0.722965  0.811617 0.130998 1 2 1.000000
w_k98
0  -1.520858 -4.878647 2.305608  -0.310722 0.617068 0.722965  0.837744 0.130911 1 2 1.000000
0  -1.958895 -5.376553 2.542320  -0.310723 0.617068 0.722965  0.839407 0.166722 1 2 1.000000
0  -1.500319 -5.376553 2.739411  -0.310722 0.617068 0.722965  0.807047 0.153399 1 2 1.000000
w_k98
0  1.044348 -7.658751 3.614788  0.018632 0.706489 0.707479  0.859457 0.258538 1 2 1.000000
0  0.579323 -8.185734 4.153322  0.010107 0.382320 0.923975  0.884828 0.236149 1 2 1.000000
0  0.934439 -8.207388 4.153322  0.010138 0.382322 0.923973  0.885870 0.253246 1 2 1.000000
w_k98
0  1.044348 -7.658751 3.614788  0.018632 0.706489 0.707479  0.859457 0.258538 1 2 1.000000
0  0.579323 -7.658751 3.614788  0.018624 0.706493 0.707475  0.859457 0.236149 1 2 1.000000
0  0.579323 -8.185734 4.153322  0.010107 0.382320 0.923975  0.884828 0.236149 1 2 1.000000
w_k98
0  0.934439 -10.189957 4.153322  0.000000 0.000000 1.000000  0.938778 0.253246 1 2 1.000000
0  0.579323 -8.185734 4.153322  0.010130 0.382029 0.924095  0.842287 0.236149 1 2 1.000000
0  0.579323 -10.168303 4.153322  0.000000 0.000000 1.000000  0.937736 0.236149 1 2 1.000000
w_k98
0  0.934439 -10.189957 4.153322  -0.000001 0.000000 1.000000  0.938778 0.253246 1 2 1.000000
0  0.934439 -8.207388 4.153322  0.010138 0.382322 0.923973  0.843330 0.253246 1 2 1.000000
0  0.579323 -8.185734 4.153322  0.010107 0.382320 0.923975  0.842287 0.236149 1 2 1.000000
w_k98
0  1.044348 -10.168303 3.614788  0.979803 0.000000 0.199967  0.657797 0.163404 1 2 1.000000
0  0.934439 -8.207388 4.153322  0.979803 0.000000 0.199967  0.751169 0.138782 1 2 1.000000
0  0.934439 -10.189957 4.153322  0.979803 0.000000 0.199967  0.656766 0.138782 1 2 1.000000
w_k98
0  1.044348 -10.168303 3.614788  0.979803 0.000000 0.199967  0.657797 0.163404 1 2 1.000000
0  1.044348 -7.658751 3.614788  0.979803 0.000000 0.199967  0.777294 0.163404 1 2 1.000000
0  0.934439 -8.207388 4.153322  0.979803 0.000000 0.199967  0.751169 0.138782 1 2 1.000000
w_k98
0  0.401403 -33.902256 4.509799  0.908084 -0.039301 0.416939  0.879096 0.239929 1 2 1.000000
0  0.337104 -33.453232 4.692276  0.908111 -0.039286 0.416882  0.906695 0.245597 1 2 1.000000
0  0.337102 -33.902256 4.607431  0.907981 -0.039471 0.417148  0.879941 0.245632 1 2 1.000000
w_k98
0  0.401403 -33.902256 4.509799  0.908084 -0.039301 0.416939  0.879096 0.239929 1 2 1.000000
0  0.401403 -33.453232 4.509799  0.908230 -0.039133 0.416637  0.905509 0.236276 1 2 1.000000
0  0.337104 -33.453232 4.692276  0.908111 -0.039286 0.416882  0.906695 0.245597 1 2 1.000000
w_k98
0  0.272810 -33.902256 4.509799  -0.908245 -0.039161 0.416602  0.878887 0.254117 1 2 1.000000
0  0.337104 -33.453232 4.692276  -0.908245 -0.039162 0.416602  0.906695 0.245597 1 2 1.000000
0  0.272810 -33.453232 4.509799  -0.908250 -0.039198 0.416587  0.905299 0.257770 1 2 1.000000
w_k98
0  0.272810 -33.902256 4.509799  -0.907983 -0.039440 0.417147  0.878887 0.254117 1 2 1.000000
0  0.337102 -33.902256 4.607431  -0.907981 -0.039428 0.417151  0.879837 0.248350 1 2 1.000000
0  0.337104 -33.453232 4.692276  -0.907983 -0.039438 0.417147  0.906695 0.245597 1 2 1.000000
w_k98
0  0.683115 -16.902298 4.737235  1.000000 0.000000 0.000000  0.793053 0.052568 1 2 1.000000
0  0.683115 -17.072277 4.668667  1.000000 0.000000 0.000000  0.785024 0.049331 1 2 1.000000
0  0.683115 -17.109966 4.449197  1.000000 -0.000000 0.000000  0.783354 0.038958 1 2 1.000000
w_k98
0  0.683115 -16.902298 4.737235  1.000000 0.000000 0.000000  0.793053 0.052568 1 2 1.000000
0  0.683115 -17.109966 4.449197  1.000000 -0.000000 0.000000  0.783354 0.038958 1 2 1.000000
0  0.683115 -16.668999 4.481008  1.000000 0.000000 0.000000  0.804118 0.040456 1 2 1.000000
w_k98
0  0.683115 -16.902298 4.737235  1.000000 0.000000 0.000000  0.793053 0.052568 1 2 1.000000
0  0.683115 -16.668999 4.481008  1.000000 0.000000 0.000000  0.804118 0.040456 1 2 1.000000
0  0.683115 -16.732315 4.668895  1.000000 0.000001 0.000000  0.801082 0.049342 1 2 1.000000
w_k98
0  0.809763 -17.109966 3.699531  1.000000 0.000000 0.000000  0.783354 0.003556 1 2 1.000000
0  0.809763 -13.670094 3.699532  1.000000 0.000000 0.000000  0.945429 0.003556 1 2 1.000000
0  0.809763 -13.670094 3.952826  0.965927 0.000000 0.258816  0.945429 0.015514 1 2 1.000000
w_k98
0  0.809763 -17.109966 3.699531  1.000000 0.000000 0.000000  0.783354 0.003556 1 2 1.000000
0  0.809763 -13.670094 3.952826  0.965927 0.000000 0.258816  0.945429 0.015514 1 2 1.000000
0  0.809763 -17.109966 3.952826  0.965925 0.000000 0.258822  0.783354 0.015514 1 2 1.000000
w_k98
0  0.809763 -17.109966 3.952826  0.965925 0.000000 0.258822  0.783354 0.015514 1 2 1.000000
0  0.809763 -13.670094 3.952826  0.965927 0.000000 0.258816  0.945429 0.015514 1 2 1.000000
0  0.683115 -13.670094 4.172187  0.965924 0.000000 0.258827  0.945429 0.025869 1 2 1.000000
w_k98
0  0.809763 -17.109966 3.952826  0.965925 0.000000 0.258822  0.783354 0.015514 1 2 1.000000
0  0.683115 -13.670094 4.172187  0.965924 0.000000 0.258827  0.945429 0.025869 1 2 1.000000
0  0.683115 -17.109966 4.172187  0.965926 0.000000 0.258819  0.783354 0.025869 1 2 1.000000
w_k98
0  0.683115 -14.518238 4.452229  1.000000 0.000000 0.000000  0.905470 0.039090 1 2 1.000000
0  0.683115 -17.109966 4.172187  0.965926 0.000000 0.258819  0.783354 0.025869 1 2 1.000000
0  0.683115 -13.670094 4.172187  0.965924 0.000000 0.258827  0.945429 0.025869 1 2 1.000000
w_k98
0  0.683115 -14.518238 4.452229  1.000000 0.000000 0.000000  0.905470 0.039090 1 2 1.000000
0  0.683115 -17.109966 4.449197  1.000000 -0.000000 0.000000  0.783354 0.038958 1 2 1.000000
0  0.683115 -17.109966 4.172187  0.965926 0.000000 0.258819  0.783354 0.025869 1 2 1.000000
w_k98
0  0.683115 -14.518238 4.452229  1.000000 0.000000 0.000000  0.905470 0.039090 1 2 1.000000
0  0.683115 -16.668999 4.481008  1.000000 0.000000 0.000000  0.804118 0.040456 1 2 1.000000
0  0.683115 -17.109966 4.449197  1.000000 -0.000000 0.000000  0.783354 0.038958 1 2 1.000000
w_k98
0  0.683115 -16.073822 4.588283  1.000000 0.000000 0.000000  0.832182 0.045513 1 2 1.000000
0  0.683115 -16.668999 4.481008  1.000000 0.000000 0.000000  0.804118 0.040456 1 2 1.000000
0  0.683115 -14.518238 4.452229  1.000000 0.000000 0.000000  0.905470 0.039090 1 2 1.000000
w_k98
0  0.683115 -16.073822 4.588283  1.000000 0.000000 0.000000  0.832182 0.045513 1 2 1.000000
0  0.683115 -14.518238 4.452229  1.000000 0.000000 0.000000  0.905470 0.039090 1 2 1.000000
0  0.683115 -15.553946 4.592518  1.000000 0.000000 0.000000  0.856675 0.045713 1 2 1.000000
w_k98
0  0.683115 -14.518238 4.452229  1.000000 0.000000 0.000000  0.905470 0.039090 1 2 1.000000
0  0.683115 -13.670094 4.172187  0.965924 0.000000 0.258827  0.945429 0.025869 1 2 1.000000
0  0.683115 -13.670094 4.451714  1.000000 0.000000 0.000000  0.945429 0.039066 1 2 1.000000
w_k98
0  0.502903 -14.537289 4.390864  -1.000000 0.000000 0.000000  0.909530 0.265627 1 2 1.000000
0  0.502903 -14.062702 4.700901  -1.000000 0.000000 0.000000  0.934354 0.249333 1 2 1.000000
0  0.502903 -14.062702 4.390864  -1.000000 0.000000 0.000000  0.934426 0.265627 1 2 1.000000
w_k98
0  0.502903 -14.537289 4.390864  -1.000000 0.000000 0.000000  0.909530 0.265627 1 2 1.000000
0  0.502903 -14.537289 4.700901  -1.000000 0.000000 0.000000  0.909490 0.249333 1 2 1.000000
0  0.502903 -14.062702 4.700901  -1.000000 0.000000 0.000000  0.934354 0.249333 1 2 1.000000
w_k98
0  0.845046 -14.537289 4.390864  0.000000 0.000000 -1.000000  0.843657 0.238567 1 2 1.000000
0  0.502903 -14.062702 4.390864  0.000000 0.000000 -1.000000  0.853904 0.252781 1 2 1.000000
0  0.845046 -14.062702 4.390864  0.000000 0.000000 -1.000000  0.843657 0.252781 1 2 1.000000
w_k98
0  0.845046 -14.537289 4.390864  0.000000 0.000000 -1.000000  0.843657 0.238567 1 2 1.000000
0  0.502903 -14.537289 4.390864  0.000000 0.000000 -1.000000  0.853904 0.238567 1 2 1.000000
0  0.502903 -14.062702 4.390864  0.000000 0.000000 -1.000000  0.853904 0.252781 1 2 1.000000
w_k98
0  0.337658 -2.907450 4.145670  0.000000 1.000000 0.000000  0.402063 0.072879 1 2 1.000000
0  0.053741 -2.907450 3.939393  0.000000 1.000000 0.000000  0.434604 0.049237 1 2 1.000000
0  0.162187 -2.907450 4.088657  0.000000 1.000000 0.000000  0.422174 0.066344 1 2 1.000000
w_k98
0  0.337658 -2.907450 4.145670  0.000000 1.000000 0.000000  0.402063 0.072879 1 2 1.000000
0  0.053741 -2.907450 3.754892  0.000000 1.000000 0.000000  0.434604 0.028090 1 2 1.000000
0  0.053741 -2.907450 3.939393  0.000000 1.000000 0.000000  0.434604 0.049237 1 2 1.000000
w_k98
0  0.337658 -2.907450 4.145670  0.000000 1.000000 0.000000  0.402063 0.072879 1 2 1.000000
0  0.162187 -2.907450 3.605627  0.000000 1.000000 0.000000  0.422174 0.010982 1 2 1.000000
0  0.053741 -2.907450 3.754892  0.000000 1.000000 0.000000  0.434604 0.028090 1 2 1.000000
w_k98
0  0.337658 -2.907450 4.145670  0.000000 1.000000 0.000000  0.402063 0.072879 1 2 1.000000
0  0.337658 -2.907450 3.548614  0.000000 1.000000 0.000000  0.402063 0.004448 1 2 1.000000
0  0.162187 -2.907450 3.605627  0.000000 1.000000 0.000000  0.422174 0.010982 1 2 1.000000
w_k98
0  0.337658 -2.907450 4.145670  0.000000 1.000000 0.000000  0.402063 0.072879 1 2 1.000000
0  0.513129 -2.907450 3.605627  0.000000 1.000000 -0.000000  0.381951 0.010982 1 2 1.000000
0  0.337658 -2.907450 3.548614  0.000000 1.000000 0.000000  0.402063 0.004448 1 2 1.000000
w_k98
0  0.337658 -2.907450 4.145670  0.000000 1.000000 0.000000  0.402063 0.072879 1 2 1.000000
0  0.621575 -2.907450 3.754892  0.000000 1.000000 -0.000001  0.369522 0.028090 1 2 1.000000
0  0.513129 -2.907450 3.605627  0.000000 1.000000 -0.000000  0.381951 0.010982 1 2 1.000000
w_k98
0  0.337658 -2.907450 4.145670  0.000000 1.000000 0.000000  0.402063 0.072879 1 2 1.000000
0  0.621575 -2.907450 3.939393  0.000000 1.000000 0.000000  0.369522 0.049237 1 2 1.000000
0  0.621575 -2.907450 3.754892  0.000000 1.000000 -0.000001  0.369522 0.028090 1 2 1.000000
w_k98
0  0.337658 -2.907450 4.145670  0.000000 1.000000 0.000000  0.402063 0.072879 1 2 1.000000
0  0.513129 -2.907450 4.088657  0.000000 1.000000 0.000003  0.381951 0.066344 1 2 1.000000
0  0.621575 -2.907450 3.939393  0.000000 1.000000 0.000000  0.369522 0.049237 1 2 1.000000
w_k98
0  -0.550034 -6.899134 3.544191  0.000106 -0.999930 -0.011859  0.908796 0.230428 1 2 1.000000
0  -0.141396 -6.908857 4.427927  -0.000014 -0.999930 -0.011822  0.894957 0.264831 1 2 1.000000
0  -0.490474 -6.908966 4.129596  0.000009 -0.999930 -0.011830  0.906733 0.258079 1 2 1.000000
w_k98
0  -0.550034 -6.899134 3.544191  0.000106 -0.999930 -0.011859  0.908796 0.230428 1 2 1.000000
0  0.323130 -6.908857 4.482266  -0.000046 -0.999932 -0.011641  0.879286 0.266061 1 2 1.000000
0  -0.141396 -6.908857 4.427927  -0.000014 -0.999930 -0.011822  0.894957 0.264831 1 2 1.000000
w_k98
0  -0.550034 -6.899134 3.544191  0.000106 -0.999930 -0.011859  0.908796 0.230428 1 2 1.000000
0  0.787655 -6.908857 4.429573  0.000001 -0.999930 -0.011828  0.863616 0.264868 1 2 1.000000
0  0.323130 -6.908857 4.482266  -0.000046 -0.999932 -0.011641  0.879286 0.266061 1 2 1.000000
w_k98
0  -0.550034 -6.899134 3.544191  0.000106 -0.999930 -0.011859  0.908796 0.230428 1 2 1.000000
0  1.165275 -6.908966 4.129711  -0.000596 -0.999931 -0.011776  0.850877 0.258081 1 2 1.000000
0  0.787655 -6.908857 4.429573  0.000001 -0.999930 -0.011828  0.863616 0.264868 1 2 1.000000
w_k98
0  -0.550034 -6.899134 3.544191  0.000106 -0.999930 -0.011859  0.908796 0.230428 1 2 1.000000
0  1.229644 -6.899137 3.543832  -0.000000 -0.999930 -0.011836  0.848760 0.230416 1 2 1.000000
0  1.165275 -6.908966 4.129711  -0.000596 -0.999931 -0.011776  0.850877 0.258081 1 2 1.000000
w_k98
0  -0.001563 -14.016548 4.691608  -1.000000 -0.000000 0.000000  0.967842 0.074528 1 2 1.000000
0  -0.001563 -14.057243 4.453429  -1.000000 0.000000 0.000000  0.983456 0.093534 1 2 1.000000
0  -0.001563 -14.057243 4.691608  -1.000000 0.000000 0.000000  0.965182 0.077551 1 2 1.000000
w_k98
0  -0.001563 -14.016548 4.691608  -1.000000 -0.000000 0.000000  0.967842 0.074528 1 2 1.000000
0  -0.001563 -13.835560 4.453429  -1.000000 -0.000000 0.000000  0.998332 0.076526 1 2 1.000000
0  -0.001563 -14.057243 4.453429  -1.000000 0.000000 0.000000  0.983456 0.093534 1 2 1.000000
w_k98
0  -0.001563 -14.016548 4.691608  -1.000000 -0.000000 0.000000  0.967842 0.074528 1 2 1.000000
0  -0.001563 -13.835564 4.483163  -1.000000 -0.000000 0.000000  0.995855 0.074595 1 2 1.000000
0  -0.001563 -13.835560 4.453429  -1.000000 -0.000000 0.000000  0.998332 0.076526 1 2 1.000000
w_k98
0  -0.142591 -5.612986 3.544186  -0.503901 0.863616 0.015862  0.895052 0.230428 1 2 1.000000
0  0.787697 -5.086750 4.429676  -0.503901 0.863616 0.015863  0.863614 0.264871 1 2 1.000000
0  0.765254 -5.076921 3.544186  -0.503901 0.863616 0.015862  0.864426 0.230428 1 2 1.000000
w_k98
0  -0.142591 -5.612986 3.544186  -0.503874 0.863632 0.015820  0.895052 0.230428 1 2 1.000000
0  0.323158 -5.354782 4.482490  -0.503889 0.863623 0.015843  0.879285 0.266066 1 2 1.000000
0  0.787697 -5.086750 4.429676  -0.503883 0.863627 0.015835  0.863614 0.264871 1 2 1.000000
w_k98
0  -0.142591 -5.612986 3.544186  -0.503874 0.863632 0.015820  0.895052 0.230428 1 2 1.000000
0  -0.141381 -5.622810 4.428268  -0.503884 0.863626 0.015835  0.894956 0.264839 1 2 1.000000
0  0.323158 -5.354782 4.482490  -0.503889 0.863623 0.015843  0.879285 0.266066 1 2 1.000000
w_k98
0  0.675776 -13.835564 4.483163  1.000000 0.000000 0.000000  0.995855 0.073931 1 2 1.000000
0  0.675776 -14.057243 4.453429  1.000000 0.000000 0.000000  0.983277 0.092008 1 2 1.000000
0  0.675776 -13.835560 4.453429  1.000000 0.000000 0.000000  0.998087 0.075847 1 2 1.000000
w_k98
0  0.675776 -13.835564 4.483163  1.000000 0.000000 0.000000  0.995855 0.073931 1 2 1.000000
0  0.675776 -14.057243 4.691608  1.000000 0.000000 0.000000  0.964941 0.076940 1 2 1.000000
0  0.675776 -14.057243 4.453429  1.000000 0.000000 0.000000  0.983277 0.092008 1 2 1.000000
w_k98
0  0.675776 -13.835564 4.483163  1.000000 0.000000 0.000000  0.995855 0.073931 1 2 1.000000
0  0.675776 -14.016548 4.691608  1.000000 0.000000 0.000000  0.967715 0.073943 1 2 1.000000
0  0.675776 -14.057243 4.691608  1.000000 0.000000 0.000000  0.964941 0.076940 1 2 1.000000
w_k98
0  0.861548 -27.602257 3.823579  0.000016 0.999573 -0.029215  0.082291 0.274506 1 2 1.000000
0  0.326134 -27.584240 4.316532  0.000003 0.999573 -0.029219  0.082291 0.295204 1 2 1.000000
0  0.755905 -27.596481 4.119960  0.000028 0.999573 -0.029221  0.082291 0.286950 1 2 1.000000
w_k98
0  0.861548 -27.602257 3.823579  0.000016 0.999573 -0.029215  0.082291 0.274506 1 2 1.000000
0  -0.105097 -27.596481 4.119960  -0.000022 0.999573 -0.029209  0.082291 0.286950 1 2 1.000000
0  0.326134 -27.584240 4.316532  0.000003 0.999573 -0.029219  0.082291 0.295204 1 2 1.000000
w_k98
0  0.861548 -27.602257 3.823579  0.000016 0.999573 -0.029215  0.082291 0.274506 1 2 1.000000
0  -0.210740 -27.602257 3.823579  -0.000000 0.999573 -0.029217  0.082291 0.274506 1 2 1.000000
0  -0.105097 -27.596481 4.119960  -0.000022 0.999573 -0.029209  0.082291 0.286950 1 2 1.000000
w_k98
0  -0.105097 -25.019001 4.119960  0.000000 -0.999168 0.040786  0.337756 0.112504 1 2 1.000000
0  0.755905 -25.019001 4.119960  -0.000000 -0.999166 0.040827  0.411800 0.112504 1 2 1.000000
0  0.326134 -25.006760 4.316532  0.000000 -0.998067 0.062143  0.374841 0.129409 1 2 1.000000
w_k98
0  -0.210740 -25.024776 3.823579  0.000000 -0.999810 0.019499  0.328671 0.087016 1 2 1.000000
0  0.755905 -25.019001 4.119960  -0.000000 -0.999166 0.040827  0.411800 0.112504 1 2 1.000000
0  -0.105097 -25.019001 4.119960  0.000000 -0.999168 0.040786  0.337756 0.112504 1 2 1.000000
w_k98
0  -0.210740 -25.024776 3.823579  0.000000 -0.999810 0.019499  0.328671 0.087016 1 2 1.000000
0  0.861548 -25.024776 3.823579  0.000000 -0.999810 0.019481  0.420885 0.087016 1 2 1.000000
0  0.755905 -25.019001 4.119960  -0.000000 -0.999166 0.040827  0.411800 0.112504 1 2 1.000000
w_k98
0  -1.082819 -5.376553 2.068896  0.190108 -0.552933 -0.811248  0.839171 0.095089 1 2 1.000000
0  -1.520858 -5.874456 2.305608  0.190108 -0.552933 -0.811248  0.837744 0.130911 1 2 1.000000
0  -1.730836 -5.376553 1.917039  0.190108 -0.552933 -0.811248  0.873941 0.130791 1 2 1.000000
w_k98
0  -0.118002 -13.669598 3.704234  -0.999354 -0.035952 0.000000  0.778725 0.003453 1 2 1.000000
0  -0.186065 -11.777683 3.966362  -0.965257 -0.037219 0.258639  0.694174 0.015929 1 2 1.000000
0  -0.186065 -11.777683 3.685996  -0.999354 -0.035952 0.000000  0.694174 0.003453 1 2 1.000000
w_k98
0  -0.118002 -13.669598 3.704234  -0.999354 -0.035952 0.000000  0.778725 0.003453 1 2 1.000000
0  -0.118002 -13.669598 3.948125  -0.965257 -0.037219 0.258637  0.778725 0.015929 1 2 1.000000
0  -0.186065 -11.777683 3.966362  -0.965257 -0.037219 0.258639  0.694174 0.015929 1 2 1.000000
w_k98
0  -0.186065 -11.777683 3.966362  -0.965257 -0.037219 0.258639  0.694174 0.015929 1 2 1.000000
0  -0.118002 -13.669598 3.948125  -0.965257 -0.037219 0.258637  0.778725 0.015929 1 2 1.000000
0  0.003943 -13.669598 4.159343  -0.706620 -0.037218 0.706613  0.778725 0.028209 1 2 1.000000
w_k98
0  -0.186065 -11.777683 3.966362  -0.965257 -0.037219 0.258639  0.694174 0.015929 1 2 1.000000
0  0.003943 -13.669598 4.159343  -0.706620 -0.037218 0.706613  0.778725 0.028209 1 2 1.000000
0  -0.045882 -11.777683 4.209167  -0.706617 -0.037218 0.706617  0.694174 0.028209 1 2 1.000000
w_k98
0  0.003943 -13.669598 4.159343  -0.706620 -0.037218 0.706613  0.778725 0.028209 1 2 1.000000
0  0.196923 -11.777683 4.349350  -0.258638 -0.037218 0.965257  0.694174 0.040231 1 2 1.000000
0  -0.045882 -11.777683 4.209167  -0.706617 -0.037218 0.706617  0.694174 0.028209 1 2 1.000000
w_k98
0  0.003943 -13.669598 4.159343  -0.706620 -0.037218 0.706613  0.778725 0.028209 1 2 1.000000
0  0.215160 -13.669598 4.281290  -0.258642 -0.037217 0.965256  0.778725 0.040231 1 2 1.000000
0  0.196923 -11.777683 4.349350  -0.258638 -0.037218 0.965257  0.694174 0.040231 1 2 1.000000
w_k98
0  0.215160 -13.669598 4.281290  -0.258642 -0.037217 0.965256  0.778725 0.040231 1 2 1.000000
0  0.477290 -11.777683 4.349350  0.258639 -0.037217 0.965257  0.694174 0.051601 1 2 1.000000
0  0.196923 -11.777683 4.349350  -0.258638 -0.037218 0.965257  0.694174 0.040231 1 2 1.000000
w_k98
0  0.215160 -13.669598 4.281290  -0.258642 -0.037217 0.965256  0.778725 0.040231 1 2 1.000000
0  0.459054 -13.669598 4.281290  0.258644 -0.037218 0.965255  0.778725 0.051601 1 2 1.000000
0  0.477290 -11.777683 4.349350  0.258639 -0.037217 0.965257  0.694174 0.051601 1 2 1.000000
w_k98
0  0.720095 -11.777683 4.209167  0.706615 -0.037218 0.706619  0.694174 0.063663 1 2 1.000000
0  0.477290 -11.777683 4.349350  0.258639 -0.037217 0.965257  0.694174 0.051601 1 2 1.000000
0  0.459054 -13.669598 4.281290  0.258644 -0.037218 0.965255  0.778725 0.051601 1 2 1.000000
w_k98
0  0.720095 -11.777683 4.209167  0.706615 -0.037218 0.706619  0.694174 0.063663 1 2 1.000000
0  0.459054 -13.669598 4.281290  0.258644 -0.037218 0.965255  0.778725 0.051601 1 2 1.000000
0  0.670270 -13.669598 4.159343  0.706621 -0.037218 0.706613  0.778725 0.063663 1 2 1.000000
w_k98
0  0.720095 -11.777683 4.209167  0.706615 -0.037218 0.706619  0.694174 0.063663 1 2 1.000000
0  0.670270 -13.669598 4.159343  0.706621 -0.037218 0.706613  0.778725 0.063663 1 2 1.000000
0  0.792216 -13.669598 3.948125  0.965257 -0.037219 0.258639  0.778725 0.075983 1 2 1.000000
w_k98
0  0.720095 -11.777683 4.209167  0.706615 -0.037218 0.706619  0.694174 0.063663 1 2 1.000000
0  0.792216 -13.669598 3.948125  0.965257 -0.037219 0.258639  0.778725 0.075983 1 2 1.000000
0  0.860279 -11.777683 3.966362  0.965256 -0.037219 0.258641  0.694174 0.075983 1 2 1.000000
w_k98
0  0.792216 -13.669598 3.948125  0.965257 -0.037219 0.258639  0.778725 0.075983 1 2 1.000000
0  0.860279 -11.777683 3.685996  0.999354 -0.035952 0.000000  0.694174 0.088487 1 2 1.000000
0  0.860279 -11.777683 3.966362  0.965256 -0.037219 0.258641  0.694174 0.075983 1 2 1.000000
w_k98
0  0.792216 -13.669598 3.948125  0.965257 -0.037219 0.258639  0.778725 0.075983 1 2 1.000000
0  0.792216 -13.669598 3.704234  0.999354 -0.035953 0.000000  0.778725 0.088487 1 2 1.000000
0  0.860279 -11.777683 3.685996  0.999354 -0.035952 0.000000  0.694174 0.088487 1 2 1.000000
w_k98
0  -0.219997 -4.986917 3.461003  0.000000 -1.000000 -0.000000  0.888286 0.237424 1 2 1.000000
0  -0.151859 -4.986917 4.230864  0.000000 -1.000000 -0.000001  0.886413 0.258594 1 2 1.000000
0  -0.262696 -4.986917 3.920075  0.000000 -1.000000 0.000000  0.889461 0.250048 1 2 1.000000
w_k98
0  -0.219997 -4.986917 3.461003  0.000000 -1.000000 -0.000000  0.888286 0.237424 1 2 1.000000
0  0.342143 -4.986917 4.441646  0.000000 -1.000000 0.000001  0.872828 0.264390 1 2 1.000000
0  -0.151859 -4.986917 4.230864  0.000000 -1.000000 -0.000001  0.886413 0.258594 1 2 1.000000
w_k98
0  -0.219997 -4.986917 3.461003  0.000000 -1.000000 -0.000000  0.888286 0.237424 1 2 1.000000
0  0.809374 -4.986917 4.231318  0.000000 -1.000000 -0.000001  0.859980 0.258607 1 2 1.000000
0  0.342143 -4.986917 4.441646  0.000000 -1.000000 0.000001  0.872828 0.264390 1 2 1.000000
w_k98
0  -0.219997 -4.986917 3.461003  0.000000 -1.000000 -0.000000  0.888286 0.237424 1 2 1.000000
0  0.929946 -4.986917 3.917201  0.000000 -1.000000 -0.000001  0.856664 0.249969 1 2 1.000000
0  0.809374 -4.986917 4.231318  0.000000 -1.000000 -0.000001  0.859980 0.258607 1 2 1.000000
w_k98
0  -0.219997 -4.986917 3.461003  0.000000 -1.000000 -0.000000  0.888286 0.237424 1 2 1.000000
0  0.889680 -4.986917 3.461033  0.000000 -1.000000 0.000001  0.857772 0.237425 1 2 1.000000
0  0.929946 -4.986917 3.917201  0.000000 -1.000000 -0.000001  0.856664 0.249969 1 2 1.000000
w_k98
0  0.674893 -34.452152 3.817675  0.000000 -1.000000 0.000000  0.651321 0.683150 1 2 1.000000
0  0.337658 -34.452152 3.480439  0.000000 -1.000000 0.000021  0.680895 0.653575 1 2 1.000000
0  0.576119 -34.452152 3.579214  0.000000 -1.000000 -0.000040  0.659983 0.662237 1 2 1.000000
w_k98
0  0.674893 -34.452152 3.817675  0.000000 -1.000000 0.000000  0.651321 0.683150 1 2 1.000000
0  0.099197 -34.452152 3.579214  0.000000 -1.000000 -0.000005  0.701808 0.662237 1 2 1.000000
0  0.337658 -34.452152 3.480439  0.000000 -1.000000 0.000021  0.680895 0.653575 1 2 1.000000
w_k98
0  0.674893 -34.452152 3.817675  0.000000 -1.000000 0.000000  0.651321 0.683150 1 2 1.000000
0  0.000423 -34.452152 3.817675  0.000000 -1.000000 0.000000  0.710470 0.683150 1 2 1.000000
0  0.099197 -34.452152 3.579214  0.000000 -1.000000 -0.000005  0.701808 0.662237 1 2 1.000000
w_k98
0  0.674893 -34.452152 3.817675  0.000000 -1.000000 0.000000  0.651321 0.683150 1 2 1.000000
0  0.099197 -34.452152 4.056136  0.000000 -1.000000 0.000005  0.701808 0.704062 1 2 1.000000
0  0.000423 -34.452152 3.817675  0.000000 -1.000000 0.000000  0.710470 0.683150 1 2 1.000000
w_k98
0  0.674893 -34.452152 3.817675  0.000000 -1.000000 0.000000  0.651321 0.683150 1 2 1.000000
0  0.337658 -34.452152 4.154910  0.000000 -1.000000 -0.000021  0.680895 0.712725 1 2 1.000000
0  0.099197 -34.452152 4.056136  0.000000 -1.000000 0.000005  0.701808 0.704062 1 2 1.000000
w_k98
0  0.674893 -34.452152 3.817675  0.000000 -1.000000 0.000000  0.651321 0.683150 1 2 1.000000
0  0.576119 -34.452152 4.056136  0.000000 -1.000000 0.000040  0.659983 0.704062 1 2 1.000000
0  0.337658 -34.452152 4.154910  0.000000 -1.000000 -0.000021  0.680895 0.712725 1 2 1.000000
w_k98
0  -0.219997 -4.986917 3.461003  -0.995702 0.000000 -0.092612  0.431417 0.080607 1 2 1.000000
0  -0.262696 -3.793705 3.920076  -0.992208 -0.000000 0.124594  0.309768 0.135530 1 2 1.000000
0  -0.219997 -3.793705 3.461003  -0.995702 0.000000 -0.092612  0.309768 0.080607 1 2 1.000000
w_k98
0  -0.219997 -4.986917 3.461003  -0.995702 0.000000 -0.092612  0.431417 0.080607 1 2 1.000000
0  -0.262696 -4.986917 3.920075  -0.992209 -0.000000 0.124583  0.431417 0.135530 1 2 1.000000
0  -0.262696 -3.793705 3.920076  -0.992208 -0.000000 0.124594  0.309768 0.135530 1 2 1.000000
w_k98
0  -0.262696 -4.986917 3.920075  -0.992209 -0.000000 0.124583  0.431417 0.135530 1 2 1.000000
0  -0.151859 -3.793705 4.230865  -0.728240 -0.000001 0.685322  0.309768 0.172713 1 2 1.000000
0  -0.262696 -3.793705 3.920076  -0.992208 -0.000000 0.124594  0.309768 0.135530 1 2 1.000000
w_k98
0  -0.262696 -4.986917 3.920075  -0.992209 -0.000000 0.124583  0.431417 0.135530 1 2 1.000000
0  -0.151859 -4.986917 4.230864  -0.728254 -0.000000 0.685308  0.431417 0.172713 1 2 1.000000
0  -0.151859 -3.793705 4.230865  -0.728240 -0.000001 0.685322  0.309768 0.172713 1 2 1.000000
w_k98
0  -0.151859 -4.986917 4.230864  -0.728254 -0.000000 0.685308  0.431417 0.172713 1 2 1.000000
0  0.342143 -3.793705 4.441646  0.009855 -0.000000 0.999951  0.309768 0.197931 1 2 1.000000
0  -0.151859 -3.793705 4.230865  -0.728240 -0.000001 0.685322  0.309768 0.172713 1 2 1.000000
w_k98
0  -0.151859 -4.986917 4.230864  -0.728254 -0.000000 0.685308  0.431417 0.172713 1 2 1.000000
0  0.342143 -4.986917 4.441646  0.009835 -0.000000 0.999952  0.431417 0.197931 1 2 1.000000
0  0.342143 -3.793705 4.441646  0.009855 -0.000000 0.999951  0.309768 0.197931 1 2 1.000000
w_k98
0  0.342143 -4.986917 4.441646  0.009835 -0.000000 0.999952  0.431417 0.197931 1 2 1.000000
0  0.809374 -3.793705 4.231319  0.726798 -0.000000 0.686851  0.309768 0.172767 1 2 1.000000
0  0.342143 -3.793705 4.441646  0.009855 -0.000000 0.999951  0.309768 0.197931 1 2 1.000000
w_k98
0  0.342143 -4.986917 4.441646  0.009835 -0.000000 0.999952  0.431417 0.197931 1 2 1.000000
0  0.809374 -4.986917 4.231318  0.726786 -0.000000 0.686864  0.431417 0.172767 1 2 1.000000
0  0.809374 -3.793705 4.231319  0.726798 -0.000000 0.686851  0.309768 0.172767 1 2 1.000000
w_k98
0  0.809374 -4.986917 4.231318  0.726786 -0.000000 0.686864  0.431417 0.172767 1 2 1.000000
0  0.929946 -3.793705 3.917201  0.990324 -0.000000 0.138775  0.309768 0.135186 1 2 1.000000
0  0.809374 -3.793705 4.231319  0.726798 -0.000000 0.686851  0.309768 0.172767 1 2 1.000000
w_k98
0  0.809374 -4.986917 4.231318  0.726786 -0.000000 0.686864  0.431417 0.172767 1 2 1.000000
0  0.929946 -4.986917 3.917201  0.990322 0.000000 0.138786  0.431417 0.135186 1 2 1.000000
0  0.929946 -3.793705 3.917201  0.990324 -0.000000 0.138775  0.309768 0.135186 1 2 1.000000
w_k98
0  0.929946 -4.986917 3.917201  0.990322 0.000000 0.138786  0.431417 0.135186 1 2 1.000000
0  0.889680 -3.793705 3.461033  0.996127 0.000000 -0.087928  0.309768 0.080611 1 2 1.000000
0  0.929946 -3.793705 3.917201  0.990324 -0.000000 0.138775  0.309768 0.135186 1 2 1.000000
w_k98
0  0.929946 -4.986917 3.917201  0.990322 0.000000 0.138786  0.431417 0.135186 1 2 1.000000
0  0.889680 -4.986917 3.461033  0.996127 0.000000 -0.087928  0.431417 0.080611 1 2 1.000000
0  0.889680 -3.793705 3.461033  0.996127 0.000000 -0.087928  0.309768 0.080611 1 2 1.000000
w_k98
0  -0.380770 -11.798912 3.622398  -1.000000 0.000000 0.000000  0.651599 0.181373 1 2 1.000000
0  -0.380770 -10.189476 4.089261  -0.951151 -0.000011 0.308725  0.557689 0.151427 1 2 1.000000
0  -0.380770 -10.189476 3.622398  -1.000000 0.000000 0.000000  0.557689 0.181373 1 2 1.000000
w_k98
0  -0.380770 -11.798912 3.622398  -1.000000 0.000000 0.000000  0.651599 0.181373 1 2 1.000000
0  -0.380770 -11.798912 4.089261  -0.951059 0.000000 0.309010  0.651599 0.151427 1 2 1.000000
0  -0.380770 -10.189476 4.089261  -0.950945 0.000010 0.309358  0.557689 0.151427 1 2 1.000000
w_k98
0  -0.380770 -11.798912 4.089261  -0.951059 0.000000 0.309010  0.651599 0.151427 1 2 1.000000
0  -0.106355 -10.189476 4.466961  -0.587779 0.000000 0.809022  0.557689 0.120460 1 2 1.000000
0  -0.380770 -10.189476 4.089261  -0.950945 0.000010 0.309358  0.557689 0.151427 1 2 1.000000
w_k98
0  -0.380770 -11.798912 4.089261  -0.951059 0.000000 0.309010  0.651599 0.151427 1 2 1.000000
0  -0.106355 -11.798912 4.466961  -0.587791 0.000000 0.809013  0.651599 0.120460 1 2 1.000000
0  -0.106355 -10.189476 4.466961  -0.587779 0.000000 0.809022  0.557689 0.120460 1 2 1.000000
w_k98
0  -0.106355 -11.798912 4.466961  -0.587791 0.000000 0.809013  0.651599 0.120460 1 2 1.000000
0  0.337658 -10.189476 4.611229  0.000008 0.000000 1.000000  0.557689 0.089144 1 2 1.000000
0  -0.106355 -10.189476 4.466961  -0.587779 0.000000 0.809022  0.557689 0.120460 1 2 1.000000
w_k98
0  -0.106355 -11.798912 4.466961  -0.587791 0.000000 0.809013  0.651599 0.120460 1 2 1.000000
0  0.337658 -11.798912 4.611229  -0.000008 0.000000 1.000000  0.651599 0.089144 1 2 1.000000
0  0.337658 -10.189476 4.611229  0.000008 0.000000 1.000000  0.557689 0.089144 1 2 1.000000
w_k98
0  0.337658 -11.798912 4.611229  -0.000008 0.000000 1.000000  0.651599 0.089144 1 2 1.000000
0  0.781671 -10.189476 4.466961  0.587791 0.000000 0.809013  0.557689 0.062229 1 2 1.000000
0  0.337658 -10.189476 4.611229  0.000008 0.000000 1.000000  0.557689 0.089144 1 2 1.000000
w_k98
0  0.337658 -11.798912 4.611229  -0.000008 0.000000 1.000000  0.651599 0.089144 1 2 1.000000
0  0.781671 -11.798912 4.466961  0.587779 0.000000 0.809022  0.651599 0.062229 1 2 1.000000
0  0.781671 -10.189476 4.466961  0.587791 0.000000 0.809013  0.557689 0.062229 1 2 1.000000
w_k98
0  0.781671 -11.798912 4.466961  0.587779 0.000000 0.809022  0.651599 0.062229 1 2 1.000000
0  1.056086 -10.189476 4.089261  0.951059 0.000000 0.309010  0.557689 0.031645 1 2 1.000000
0  0.781671 -10.189476 4.466961  0.587791 0.000000 0.809013  0.557689 0.062229 1 2 1.000000
w_k98
0  0.781671 -11.798912 4.466961  0.587779 0.000000 0.809022  0.651599 0.062229 1 2 1.000000
0  1.056086 -11.798912 4.089261  0.950945 -0.000010 0.309358  0.651599 0.031645 1 2 1.000000
0  1.056086 -10.189476 4.089261  0.951059 0.000000 0.309010  0.557689 0.031645 1 2 1.000000
w_k98
0  1.056086 -11.798912 4.089261  0.950945 -0.000010 0.309358  0.651599 0.031645 1 2 1.000000
0  1.056086 -10.189476 3.622398  1.000000 0.000000 0.000000  0.557689 0.001757 1 2 1.000000
0  1.056086 -10.189476 4.089261  0.951059 0.000000 0.309010  0.557689 0.031645 1 2 1.000000
w_k98
0  1.056086 -11.798912 4.089261  0.951151 0.000011 0.308725  0.651599 0.031645 1 2 1.000000
0  1.056086 -11.798912 3.622398  1.000000 0.000000 0.000000  0.651599 0.001757 1 2 1.000000
0  1.056086 -10.189476 3.622398  1.000000 0.000000 0.000000  0.557689 0.001757 1 2 1.000000
w_k98
0  0.159268 -33.885269 4.233434  -0.448460 0.000000 -0.893803  0.913162 0.244366 1 2 1.000000
0  0.037599 -33.119022 4.294481  -0.832200 0.000002 -0.554475  0.911072 0.229403 1 2 1.000000
0  0.159268 -33.119022 4.233434  -0.448460 0.000000 -0.893803  0.913162 0.229403 1 2 1.000000
w_k98
0  0.159268 -33.885269 4.233434  -0.448460 0.000000 -0.893803  0.913162 0.244366 1 2 1.000000
0  0.037599 -33.885269 4.294481  -0.832211 0.000000 -0.554459  0.911072 0.244366 1 2 1.000000
0  0.037599 -33.119022 4.294481  -0.832230 0.000003 -0.554431  0.911072 0.229403 1 2 1.000000
w_k98
0  -0.001537 -33.885269 4.855287  -0.931789 0.000000 0.363001  0.898226 0.244366 1 2 1.000000
0  0.037599 -33.119022 4.294481  -0.832230 0.000003 -0.554431  0.911072 0.229403 1 2 1.000000
0  0.037599 -33.885269 4.294481  -0.832211 0.000000 -0.554459  0.911072 0.244366 1 2 1.000000
w_k98
0  -0.001537 -33.885269 4.855287  -0.931789 0.000000 0.363001  0.898226 0.244366 1 2 1.000000
0  -0.001537 -33.119022 4.855287  -0.931783 0.000000 0.363015  0.898226 0.229403 1 2 1.000000
0  0.037599 -33.119022 4.294481  -0.832230 0.000003 -0.554431  0.911072 0.229403 1 2 1.000000
w_k98
0  -0.001537 -33.885269 4.855287  -0.931789 0.000000 0.363001  0.898226 0.244366 1 2 1.000000
0  0.149174 -33.119022 4.997991  -0.454277 0.000000 0.890861  0.894065 0.229403 1 2 1.000000
0  -0.001537 -33.119022 4.855287  -0.931783 0.000000 0.363015  0.898226 0.229403 1 2 1.000000
w_k98
0  -0.001537 -33.885269 4.855287  -0.931789 0.000000 0.363001  0.898226 0.244366 1 2 1.000000
0  0.149174 -33.885269 4.997991  -0.454271 0.000000 0.890863  0.894065 0.244366 1 2 1.000000
0  0.149174 -33.119022 4.997991  -0.454277 0.000000 0.890861  0.894065 0.229403 1 2 1.000000
w_k98
0  0.337106 -33.885269 5.033160  0.000007 0.000000 1.000000  0.890315 0.244366 1 2 1.000000
0  0.149174 -33.119022 4.997991  -0.454277 0.000000 0.890861  0.894065 0.229403 1 2 1.000000
0  0.149174 -33.885269 4.997991  -0.454271 0.000000 0.890863  0.894065 0.244366 1 2 1.000000
w_k98
0  0.337106 -33.885269 5.033160  0.000007 0.000000 1.000000  0.890315 0.244366 1 2 1.000000
0  0.337106 -33.119022 5.033160  -0.000008 0.000000 1.000000  0.890315 0.229403 1 2 1.000000
0  0.149174 -33.119022 4.997991  -0.454277 0.000000 0.890861  0.894065 0.229403 1 2 1.000000
w_k98
0  0.337106 -33.119022 5.033160  -0.000008 0.000000 1.000000  0.890315 0.229403 1 2 1.000000
0  0.337106 -33.885269 5.033160  0.000007 0.000000 1.000000  0.890315 0.244366 1 2 1.000000
0  0.525039 -33.885269 4.997991  0.454273 0.000000 0.890862  0.886566 0.244366 1 2 1.000000
w_k98
0  0.337106 -33.119022 5.033160  -0.000008 0.000000 1.000000  0.890315 0.229403 1 2 1.000000
0  0.525039 -33.885269 4.997991  0.454273 0.000000 0.890862  0.886566 0.244366 1 2 1.000000
0  0.525039 -33.119022 4.997991  0.454275 0.000000 0.890861  0.886566 0.229403 1 2 1.000000
w_k98
0  0.675750 -33.119022 4.855287  0.930472 0.000000 0.366364  0.882404 0.229403 1 2 1.000000
0  0.525039 -33.119022 4.997991  0.454275 0.000000 0.890861  0.886566 0.229403 1 2 1.000000
0  0.525039 -33.885269 4.997991  0.454273 0.000000 0.890862  0.886566 0.244366 1 2 1.000000
w_k98
0  0.675750 -33.119022 4.855287  0.930472 0.000000 0.366364  0.882404 0.229403 1 2 1.000000
0  0.525039 -33.885269 4.997991  0.454273 0.000000 0.890862  0.886566 0.244366 1 2 1.000000
0  0.675750 -33.885269 4.855287  0.930464 0.000000 0.366383  0.882404 0.244366 1 2 1.000000
w_k98
0  0.640685 -33.885269 4.294481  0.998051 0.000000 -0.062404  0.869554 0.244366 1 2 1.000000
0  0.675750 -33.119022 4.855287  0.930472 0.000000 0.366364  0.882404 0.229403 1 2 1.000000
0  0.675750 -33.885269 4.855287  0.930464 0.000000 0.366383  0.882404 0.244366 1 2 1.000000
w_k98
0  0.640685 -33.885269 4.294481  0.998051 0.000000 -0.062404  0.869554 0.244366 1 2 1.000000
0  0.640685 -33.119022 4.294481  0.998051 0.000000 -0.062403  0.869554 0.229403 1 2 1.000000
0  0.675750 -33.119022 4.855287  0.930472 0.000000 0.366364  0.882404 0.229403 1 2 1.000000
w_k98
0  -0.469044 -5.597322 3.659334  -0.585742 -0.220324 -0.779977  0.907110 0.172598 1 2 1.000000
0  -0.666696 -5.574697 3.801375  -0.585742 -0.220324 -0.779977  0.908792 0.154081 1 2 1.000000
0  -0.551882 -5.377092 3.659334  -0.585742 -0.220324 -0.779977  0.917572 0.172090 1 2 1.000000
w_k98
0  1.084938 0.114281 1.898661  0.973009 -0.035850 0.227968  0.488431 0.880477 1 2 1.000000
0  1.084938 0.430042 0.792201  0.944339 0.036313 -0.326964  0.505994 0.822227 1 2 1.000000
0  1.084938 1.095081 0.756048  0.954017 -0.066287 -0.292332  0.542983 0.823148 1 2 1.000000
w_k98
0  1.084938 1.095081 0.756048  0.954017 -0.066287 -0.292332  0.542983 0.823148 1 2 1.000000
0  1.084938 0.430042 0.792201  0.944339 0.036313 -0.326964  0.505994 0.822227 1 2 1.000000
0  0.741041 0.475952 0.377876  0.662624 0.060820 -0.746478  0.508547 0.799007 1 2 1.000000
w_k98
0  1.084938 1.095081 0.756048  0.954017 -0.066287 -0.292332  0.542983 0.823148 1 2 1.000000
0  0.741041 0.475952 0.377876  0.662624 0.060820 -0.746478  0.508547 0.799007 1 2 1.000000
0  0.741041 1.034454 0.276042  0.666401 -0.190338 -0.720889  0.539611 0.798324 1 2 1.000000
w_k98
0  0.325404 0.454838 0.135005  0.000008 0.059530 -0.998227  0.507373 0.785396 1 2 1.000000
0  0.741041 1.034454 0.276042  0.666401 -0.190338 -0.720889  0.539611 0.798324 1 2 1.000000
0  0.741041 0.475952 0.377876  0.662624 0.060820 -0.746478  0.508547 0.799007 1 2 1.000000
w_k98
0  0.325404 0.454838 0.135005  0.000008 0.059530 -0.998227  0.507373 0.785396 1 2 1.000000
0  0.325404 0.971115 0.012053  0.000009 -0.276787 -0.960931  0.536089 0.784671 1 2 1.000000
0  0.741041 1.034454 0.276042  0.666401 -0.190338 -0.720889  0.539611 0.798324 1 2 1.000000
w_k98
0  -0.090234 0.475952 0.377876  -0.662609 0.060825 -0.746492  0.508547 0.799007 1 2 1.000000
0  0.325404 0.971115 0.012053  0.000009 -0.276787 -0.960931  0.536089 0.784671 1 2 1.000000
0  0.325404 0.454838 0.135005  0.000008 0.059530 -0.998227  0.507373 0.785396 1 2 1.000000
w_k98
0  -0.090234 0.475952 0.377876  -0.662609 0.060825 -0.746492  0.508547 0.799007 1 2 1.000000
0  -0.090234 1.034454 0.276042  -0.666393 -0.190323 -0.720900  0.539611 0.798324 1 2 1.000000
0  0.325404 0.971115 0.012053  0.000009 -0.276787 -0.960931  0.536089 0.784671 1 2 1.000000
w_k98
0  -0.434129 0.430042 0.792201  -0.944345 0.036309 -0.326947  0.505994 0.822227 1 2 1.000000
0  -0.090234 1.034454 0.276042  -0.666393 -0.190323 -0.720900  0.539611 0.798324 1 2 1.000000
0  -0.090234 0.475952 0.377876  -0.662609 0.060825 -0.746492  0.508547 0.799007 1 2 1.000000
w_k98
0  -0.434129 0.430042 0.792201  -0.944345 0.036309 -0.326947  0.505994 0.822227 1 2 1.000000
0  -0.434129 1.095081 0.756048  -0.954011 -0.066288 -0.292350  0.542983 0.823148 1 2 1.000000
0  -0.090234 1.034454 0.276042  -0.666393 -0.190323 -0.720900  0.539611 0.798324 1 2 1.000000
w_k98
0  -0.434129 0.430042 0.792201  -0.944345 0.036309 -0.326947  0.505994 0.822227 1 2 1.000000
0  -0.434129 1.199627 2.263890  -0.965419 -0.038840 0.257794  0.548799 0.901126 1 2 1.000000
0  -0.434129 1.095081 0.756048  -0.954011 -0.066288 -0.292350  0.542983 0.823148 1 2 1.000000
w_k98
0  -0.434129 1.095081 0.756048  -0.954011 -0.066288 -0.292350  0.542983 0.823148 1 2 1.000000
0  -0.434129 1.199627 2.263890  -0.965419 -0.038840 0.257794  0.548799 0.901126 1 2 1.000000
0  -0.425759 9.009655 1.432649  -0.965700 0.028855 0.258051  0.989923 0.856112 1 2 1.000000
w_k98
0  -0.425759 9.009655 1.432649  -0.965700 0.028855 0.258051  0.989923 0.856112 1 2 1.000000
0  -0.434129 1.199627 2.263890  -0.965419 -0.038840 0.257794  0.548799 0.901126 1 2 1.000000
0  -0.090234 1.065983 2.885379  -0.632024 -0.121064 0.765434  0.541365 0.926490 1 2 1.000000
w_k98
0  -0.425759 9.009655 1.432649  -0.965700 0.028855 0.258051  0.989923 0.856112 1 2 1.000000
0  -0.090234 1.065983 2.885379  -0.632024 -0.121064 0.765434  0.541365 0.926490 1 2 1.000000
0  -0.085654 9.062923 2.007209  -0.607575 0.087551 0.789422  0.992886 0.876490 1 2 1.000000
w_k98
0  -0.085654 9.062923 2.007209  -0.607575 0.087551 0.789422  0.992886 0.876490 1 2 1.000000
0  -0.090234 1.065983 2.885379  -0.632024 -0.121064 0.765434  0.541365 0.926490 1 2 1.000000
0  0.325404 1.044868 3.012094  0.000043 -0.159618 0.987179  0.540191 0.939820 1 2 1.000000
w_k98
0  -0.085654 9.062923 2.007209  -0.607575 0.087551 0.789422  0.992886 0.876490 1 2 1.000000
0  0.325404 1.044868 3.012094  0.000043 -0.159618 0.987179  0.540191 0.939820 1 2 1.000000
0  0.325404 9.084034 2.102245  0.000037 0.110906 0.993831  0.994060 0.892470 1 2 1.000000
w_k98
0  0.325404 9.084034 2.102245  0.000037 0.110906 0.993831  0.994060 0.892470 1 2 1.000000
0  0.325404 1.044868 3.012094  0.000043 -0.159618 0.987179  0.540191 0.939820 1 2 1.000000
0  0.741041 1.065983 2.885379  0.632037 -0.121057 0.765424  0.541365 0.926490 1 2 1.000000
w_k98
0  0.325404 9.084034 2.102245  0.000037 0.110906 0.993831  0.994060 0.892470 1 2 1.000000
0  0.741041 1.065983 2.885379  0.632037 -0.121057 0.765424  0.541365 0.926490 1 2 1.000000
0  0.736461 9.062923 2.007209  0.607601 0.087547 0.789402  0.992886 0.876490 1 2 1.000000
w_k98
0  1.084938 1.199627 2.263890  0.965414 -0.038819 0.257815  0.548799 0.901126 1 2 1.000000
0  0.736461 9.062923 2.007209  0.607601 0.087547 0.789402  0.992886 0.876490 1 2 1.000000
0  0.741041 1.065983 2.885379  0.632037 -0.121057 0.765424  0.541365 0.926490 1 2 1.000000
w_k98
0  1.084938 1.199627 2.263890  0.965414 -0.038819 0.257815  0.548799 0.901126 1 2 1.000000
0  1.076567 9.009655 1.432649  0.965707 0.028849 0.258028  0.989923 0.856112 1 2 1.000000
0  0.736461 9.062923 2.007209  0.607601 0.087547 0.789402  0.992886 0.876490 1 2 1.000000
w_k98
0  1.076567 8.679119 -1.961307  0.959841 -0.095853 -0.263660  0.971539 0.671825 1 2 1.000000
0  1.076567 9.009655 1.432649  0.965707 0.028849 0.258028  0.989923 0.856112 1 2 1.000000
0  1.084938 1.199627 2.263890  0.965414 -0.038819 0.257815  0.548799 0.901126 1 2 1.000000
w_k98
0  -0.434129 1.095081 0.756048  -0.954011 -0.066288 -0.292350  0.542983 0.823148 1 2 1.000000
0  -0.425759 9.009655 1.432649  -0.965700 0.028855 0.258051  0.989923 0.856112 1 2 1.000000
0  -0.425759 8.679119 -1.961307  -0.959849 -0.095845 -0.263636  0.971539 0.671825 1 2 1.000000
w_k98
0  -0.434129 1.095081 0.756048  -0.954011 -0.066288 -0.292350  0.542983 0.823148 1 2 1.000000
0  -0.425759 8.679119 -1.961307  -0.959849 -0.095845 -0.263636  0.971539 0.671825 1 2 1.000000
0  -0.085654 8.592342 -2.566272  -0.659822 -0.257941 -0.705763  0.966712 0.638976 1 2 1.000000
w_k98
0  -0.434129 1.095081 0.756048  -0.954011 -0.066288 -0.292350  0.542983 0.823148 1 2 1.000000
0  -0.085654 8.592342 -2.566272  -0.659822 -0.257941 -0.705763  0.966712 0.638976 1 2 1.000000
0  -0.090234 1.034454 0.276042  -0.666393 -0.190323 -0.720900  0.539611 0.798324 1 2 1.000000
w_k98
0  -0.090234 1.034454 0.276042  -0.666393 -0.190323 -0.720900  0.539611 0.798324 1 2 1.000000
0  -0.085654 8.592342 -2.566272  -0.659822 -0.257941 -0.705763  0.966712 0.638976 1 2 1.000000
0  0.325404 8.592342 -2.692902  -0.000011 -0.343129 -0.939288  0.966712 0.632101 1 2 1.000000
w_k98
0  -0.090234 1.034454 0.276042  -0.666393 -0.190323 -0.720900  0.539611 0.798324 1 2 1.000000
0  0.325404 8.592342 -2.692902  -0.000011 -0.343129 -0.939288  0.966712 0.632101 1 2 1.000000
0  0.325404 0.971115 0.012053  0.000009 -0.276787 -0.960931  0.536089 0.784671 1 2 1.000000
w_k98
0  0.325404 0.971115 0.012053  0.000009 -0.276787 -0.960931  0.536089 0.784671 1 2 1.000000
0  0.325404 8.592342 -2.692902  -0.000011 -0.343129 -0.939288  0.966712 0.632101 1 2 1.000000
0  0.736461 8.592342 -2.566272  0.659849 -0.257929 -0.705742  0.966712 0.638976 1 2 1.000000
w_k98
0  0.325404 0.971115 0.012053  0.000009 -0.276787 -0.960931  0.536089 0.784671 1 2 1.000000
0  0.736461 8.592342 -2.566272  0.659849 -0.257929 -0.705742  0.966712 0.638976 1 2 1.000000
0  0.741041 1.034454 0.276042  0.666401 -0.190338 -0.720889  0.539611 0.798324 1 2 1.000000
w_k98
0  1.076567 8.679119 -1.961307  0.959841 -0.095853 -0.263660  0.971539 0.671825 1 2 1.000000
0  0.741041 1.034454 0.276042  0.666401 -0.190338 -0.720889  0.539611 0.798324 1 2 1.000000
0  0.736461 8.592342 -2.566272  0.659849 -0.257929 -0.705742  0.966712 0.638976 1 2 1.000000
w_k98
0  1.076567 8.679119 -1.961307  0.959841 -0.095853 -0.263660  0.971539 0.671825 1 2 1.000000
0  1.084938 1.095081 0.756048  0.954017 -0.066287 -0.292332  0.542983 0.823148 1 2 1.000000
0  0.741041 1.034454 0.276042  0.666401 -0.190338 -0.720889  0.539611 0.798324 1 2 1.000000
w_k98
0  1.076567 8.679119 -1.961307  0.959841 -0.095853 -0.263660  0.971539 0.671825 1 2 1.000000
0  1.084938 1.199627 2.263890  0.965414 -0.038819 0.257815  0.548799 0.901126 1 2 1.000000
0  1.084938 1.095081 0.756048  0.954017 -0.066287 -0.292332  0.542983 0.823148 1 2 1.000000
w_k98
0  1.084938 0.114281 1.898661  0.973009 -0.035850 0.227968  0.488431 0.880477 1 2 1.000000
0  1.084938 1.095081 0.756048  0.954017 -0.066287 -0.292332  0.542983 0.823148 1 2 1.000000
0  1.084938 1.199627 2.263890  0.965414 -0.038819 0.257815  0.548799 0.901126 1 2 1.000000
w_k98
0  1.084938 0.114281 1.898661  0.973009 -0.035850 0.227968  0.488431 0.880477 1 2 1.000000
0  1.084938 1.199627 2.263890  0.965414 -0.038819 0.257815  0.548799 0.901126 1 2 1.000000
0  0.741041 1.065983 2.885379  0.632037 -0.121057 0.765424  0.541365 0.926490 1 2 1.000000
w_k98
0  1.084938 0.114281 1.898661  0.973009 -0.035850 0.227968  0.488431 0.880477 1 2 1.000000
0  0.741041 1.065983 2.885379  0.632037 -0.121057 0.765424  0.541365 0.926490 1 2 1.000000
0  0.741041 0.058010 2.379392  0.634581 -0.147407 0.758669  0.485301 0.903043 1 2 1.000000
w_k98
0  0.325404 1.044868 3.012094  0.000043 -0.159618 0.987179  0.540191 0.939820 1 2 1.000000
0  0.741041 0.058010 2.379392  0.634581 -0.147407 0.758669  0.485301 0.903043 1 2 1.000000
0  0.741041 1.065983 2.885379  0.632037 -0.121057 0.765424  0.541365 0.926490 1 2 1.000000
w_k98
0  0.325404 1.044868 3.012094  0.000043 -0.159618 0.987179  0.540191 0.939820 1 2 1.000000
0  0.325404 0.036900 2.569465  -0.000008 -0.212161 0.977235  0.484127 0.915346 1 2 1.000000
0  0.741041 0.058010 2.379392  0.634581 -0.147407 0.758669  0.485301 0.903043 1 2 1.000000
w_k98
0  -0.090234 1.065983 2.885379  -0.632024 -0.121064 0.765434  0.541365 0.926490 1 2 1.000000
0  0.325404 0.036900 2.569465  -0.000008 -0.212161 0.977235  0.484127 0.915346 1 2 1.000000
0  0.325404 1.044868 3.012094  0.000043 -0.159618 0.987179  0.540191 0.939820 1 2 1.000000
w_k98
0  -0.090234 1.065983 2.885379  -0.632024 -0.121064 0.765434  0.541365 0.926490 1 2 1.000000
0  -0.090234 0.058010 2.379392  -0.634574 -0.147401 0.758676  0.485301 0.903043 1 2 1.000000
0  0.325404 0.036900 2.569465  -0.000008 -0.212161 0.977235  0.484127 0.915346 1 2 1.000000
w_k98
0  -0.434129 1.199627 2.263890  -0.965419 -0.038840 0.257794  0.548799 0.901126 1 2 1.000000
0  -0.090234 0.058010 2.379392  -0.634574 -0.147401 0.758676  0.485301 0.903043 1 2 1.000000
0  -0.090234 1.065983 2.885379  -0.632024 -0.121064 0.765434  0.541365 0.926490 1 2 1.000000
w_k98
0  -0.434129 -0.245720 0.558696  -0.942052 0.006182 -0.335411  0.468407 0.810824 1 2 1.000000
0  -0.434129 0.430042 0.792201  -0.944345 0.036309 -0.326947  0.505994 0.822227 1 2 1.000000
0  -0.090234 0.475952 0.377876  -0.662609 0.060825 -0.746492  0.508547 0.799007 1 2 1.000000
w_k98
0  -0.434129 -0.245720 0.558696  -0.942052 0.006182 -0.335411  0.468407 0.810824 1 2 1.000000
0  -0.090234 0.475952 0.377876  -0.662609 0.060825 -0.746492  0.508547 0.799007 1 2 1.000000
0  -0.090234 -0.237003 0.153090  -0.653243 0.011678 -0.757058  0.468892 0.789741 1 2 1.000000
w_k98
0  -0.090234 -0.237003 0.153090  -0.653243 0.011678 -0.757058  0.468892 0.789741 1 2 1.000000
0  -0.090234 0.475952 0.377876  -0.662609 0.060825 -0.746492  0.508547 0.799007 1 2 1.000000
0  0.325404 0.454838 0.135005  0.000008 0.059530 -0.998227  0.507373 0.785396 1 2 1.000000
w_k98
0  -0.090234 -0.237003 0.153090  -0.653243 0.011678 -0.757058  0.468892 0.789741 1 2 1.000000
0  0.325404 0.454838 0.135005  0.000008 0.059530 -0.998227  0.507373 0.785396 1 2 1.000000
0  0.325404 -0.258118 -0.110900  -0.000004 0.013109 -0.999914  0.467717 0.776018 1 2 1.000000
w_k98
0  0.325404 -0.258118 -0.110900  -0.000004 0.013109 -0.999914  0.467717 0.776018 1 2 1.000000
0  0.325404 0.454838 0.135005  0.000008 0.059530 -0.998227  0.507373 0.785396 1 2 1.000000
0  0.741041 0.475952 0.377876  0.662624 0.060820 -0.746478  0.508547 0.799007 1 2 1.000000
w_k98
0  0.325404 -0.258118 -0.110900  -0.000004 0.013109 -0.999914  0.467717 0.776018 1 2 1.000000
0  0.741041 0.475952 0.377876  0.662624 0.060820 -0.746478  0.508547 0.799007 1 2 1.000000
0  0.741041 -0.237003 0.153090  0.653251 0.011662 -0.757051  0.468892 0.789741 1 2 1.000000
w_k98
0  1.084938 0.430042 0.792201  0.944339 0.036313 -0.326964  0.505994 0.822227 1 2 1.000000
0  0.741041 -0.237003 0.153090  0.653251 0.011662 -0.757051  0.468892 0.789741 1 2 1.000000
0  0.741041 0.475952 0.377876  0.662624 0.060820 -0.746478  0.508547 0.799007 1 2 1.000000
w_k98
0  1.084938 0.430042 0.792201  0.944339 0.036313 -0.326964  0.505994 0.822227 1 2 1.000000
0  1.084938 -0.245720 0.558696  0.942057 0.006175 -0.335396  0.468407 0.810824 1 2 1.000000
0  0.741041 -0.237003 0.153090  0.653251 0.011662 -0.757051  0.468892 0.789741 1 2 1.000000
w_k98
0  1.084938 -0.245720 0.558696  0.942057 0.006175 -0.335396  0.468407 0.810824 1 2 1.000000
0  1.084938 0.430042 0.792201  0.944339 0.036313 -0.326964  0.505994 0.822227 1 2 1.000000
0  1.084938 0.114281 1.898661  0.973009 -0.035850 0.227968  0.488431 0.880477 1 2 1.000000
w_k98
0  1.084938 -0.683308 1.958861  0.967820 0.048682 0.246888  0.444068 0.883606 1 2 1.000000
0  1.084938 -0.245720 0.558696  0.942057 0.006175 -0.335396  0.468407 0.810824 1 2 1.000000
0  1.084938 0.114281 1.898661  0.973009 -0.035850 0.227968  0.488431 0.880477 1 2 1.000000
w_k98
0  1.084938 -0.683308 1.958861  0.967820 0.048682 0.246888  0.444068 0.883606 1 2 1.000000
0  1.084938 0.114281 1.898661  0.973009 -0.035850 0.227968  0.488431 0.880477 1 2 1.000000
0  0.741041 0.058010 2.379392  0.634581 -0.147407 0.758669  0.485301 0.903043 1 2 1.000000
w_k98
0  1.084938 -0.683308 1.958861  0.967820 0.048682 0.246888  0.444068 0.883606 1 2 1.000000
0  0.741041 0.058010 2.379392  0.634581 -0.147407 0.758669  0.485301 0.903043 1 2 1.000000
0  0.741041 -0.581329 2.400511  0.624269 0.142539 0.768095  0.449740 0.902450 1 2 1.000000
w_k98
0  0.325404 0.036900 2.569465  -0.000008 -0.212161 0.977235  0.484127 0.915346 1 2 1.000000
0  0.741041 -0.581329 2.400511  0.624269 0.142539 0.768095  0.449740 0.902450 1 2 1.000000
0  0.741041 0.058010 2.379392  0.634581 -0.147407 0.758669  0.485301 0.903043 1 2 1.000000
w_k98
0  0.325404 0.036900 2.569465  -0.000008 -0.212161 0.977235  0.484127 0.915346 1 2 1.000000
0  0.325404 -0.528545 2.569465  -0.000008 0.175133 0.984545  0.452676 0.915346 1 2 1.000000
0  0.741041 -0.581329 2.400511  0.624269 0.142539 0.768095  0.449740 0.902450 1 2 1.000000
w_k98
0  -0.090234 0.058010 2.379392  -0.634574 -0.147401 0.758676  0.485301 0.903043 1 2 1.000000
0  0.325404 -0.528545 2.569465  -0.000008 0.175133 0.984545  0.452676 0.915346 1 2 1.000000
0  0.325404 0.036900 2.569465  -0.000008 -0.212161 0.977235  0.484127 0.915346 1 2 1.000000
w_k98
0  -0.090234 0.058010 2.379392  -0.634574 -0.147401 0.758676  0.485301 0.903043 1 2 1.000000
0  -0.090234 -0.581329 2.400511  -0.624270 0.142522 0.768098  0.449740 0.902450 1 2 1.000000
0  0.325404 -0.528545 2.569465  -0.000008 0.175133 0.984545  0.452676 0.915346 1 2 1.000000
w_k98
0  -0.434129 0.114281 1.898661  -0.973014 -0.035847 0.227945  0.488431 0.880477 1 2 1.000000
0  -0.090234 -0.581329 2.400511  -0.624270 0.142522 0.768098  0.449740 0.902450 1 2 1.000000
0  -0.090234 0.058010 2.379392  -0.634574 -0.147401 0.758676  0.485301 0.903043 1 2 1.000000
w_k98
0  -0.434129 0.114281 1.898661  -0.973014 -0.035847 0.227945  0.488431 0.880477 1 2 1.000000
0  -0.434129 -0.683308 1.958861  -0.967814 0.048692 0.246913  0.444068 0.883606 1 2 1.000000
0  -0.090234 -0.581329 2.400511  -0.624270 0.142522 0.768098  0.449740 0.902450 1 2 1.000000
w_k98
0  -0.434129 1.199627 2.263890  -0.965419 -0.038840 0.257794  0.548799 0.901126 1 2 1.000000
0  -0.434129 0.114281 1.898661  -0.973014 -0.035847 0.227945  0.488431 0.880477 1 2 1.000000
0  -0.090234 0.058010 2.379392  -0.634574 -0.147401 0.758676  0.485301 0.903043 1 2 1.000000
w_k98
0  -0.434129 0.430042 0.792201  -0.944345 0.036309 -0.326947  0.505994 0.822227 1 2 1.000000
0  -0.434129 0.114281 1.898661  -0.973014 -0.035847 0.227945  0.488431 0.880477 1 2 1.000000
0  -0.434129 1.199627 2.263890  -0.965419 -0.038840 0.257794  0.548799 0.901126 1 2 1.000000
w_k98
0  -0.434129 -0.245720 0.558696  -0.942052 0.006182 -0.335411  0.468407 0.810824 1 2 1.000000
0  -0.434129 0.114281 1.898661  -0.973014 -0.035847 0.227945  0.488431 0.880477 1 2 1.000000
0  -0.434129 0.430042 0.792201  -0.944345 0.036309 -0.326947  0.505994 0.822227 1 2 1.000000
w_k98
0  -0.434129 -0.463852 0.631421  -0.945325 -0.166864 -0.280208  0.456274 0.814605 1 2 1.000000
0  -0.434129 0.114281 1.898661  -0.973014 -0.035847 0.227945  0.488431 0.880477 1 2 1.000000
0  -0.434129 -0.245720 0.558696  -0.942052 0.006182 -0.335411  0.468407 0.810824 1 2 1.000000
w_k98
0  -0.434129 -0.463852 0.631421  -0.945325 -0.166864 -0.280208  0.456274 0.814605 1 2 1.000000
0  -0.434129 -0.245720 0.558696  -0.942052 0.006182 -0.335411  0.468407 0.810824 1 2 1.000000
0  -0.090234 -0.237003 0.153090  -0.653243 0.011678 -0.757058  0.468892 0.789741 1 2 1.000000
w_k98
0  -0.434129 -0.463852 0.631421  -0.945325 -0.166864 -0.280208  0.456274 0.814605 1 2 1.000000
0  -0.090234 -0.237003 0.153090  -0.653243 0.011678 -0.757058  0.468892 0.789741 1 2 1.000000
0  -0.090234 -0.732021 0.286456  -0.653215 -0.393691 -0.646775  0.441358 0.796673 1 2 1.000000
w_k98
0  -0.090234 -0.732021 0.286456  -0.653215 -0.393691 -0.646775  0.441358 0.796673 1 2 1.000000
0  -0.090234 -0.237003 0.153090  -0.653243 0.011678 -0.757058  0.468892 0.789741 1 2 1.000000
0  0.325404 -0.258118 -0.110900  -0.000004 0.013109 -0.999914  0.467717 0.776018 1 2 1.000000
w_k98
0  -0.090234 -0.732021 0.286456  -0.653215 -0.393691 -0.646775  0.441358 0.796673 1 2 1.000000
0  0.325404 -0.258118 -0.110900  -0.000004 0.013109 -0.999914  0.467717 0.776018 1 2 1.000000
0  0.325404 -0.848148 0.085824  0.000023 -0.525942 -0.850520  0.434899 0.786244 1 2 1.000000
w_k98
0  0.325404 -0.848148 0.085824  0.000023 -0.525942 -0.850520  0.434899 0.786244 1 2 1.000000
0  0.325404 -0.258118 -0.110900  -0.000004 0.013109 -0.999914  0.467717 0.776018 1 2 1.000000
0  0.741041 -0.237003 0.153090  0.653251 0.011662 -0.757051  0.468892 0.789741 1 2 1.000000
w_k98
0  0.325404 -0.848148 0.085824  0.000023 -0.525942 -0.850520  0.434899 0.786244 1 2 1.000000
0  0.741041 -0.237003 0.153090  0.653251 0.011662 -0.757051  0.468892 0.789741 1 2 1.000000
0  0.741041 -0.732021 0.286456  0.653213 -0.393691 -0.646777  0.441358 0.796673 1 2 1.000000
w_k98
0  1.084938 -0.245720 0.558696  0.942057 0.006175 -0.335396  0.468407 0.810824 1 2 1.000000
0  0.741041 -0.732021 0.286456  0.653213 -0.393691 -0.646777  0.441358 0.796673 1 2 1.000000
0  0.741041 -0.237003 0.153090  0.653251 0.011662 -0.757051  0.468892 0.789741 1 2 1.000000
w_k98
0  1.084938 -0.245720 0.558696  0.942057 0.006175 -0.335396  0.468407 0.810824 1 2 1.000000
0  1.084938 -0.463852 0.631421  0.945334 -0.166844 -0.280189  0.456274 0.814605 1 2 1.000000
0  0.741041 -0.732021 0.286456  0.653213 -0.393691 -0.646777  0.441358 0.796673 1 2 1.000000
w_k98
0  1.084938 -0.683308 1.958861  0.967820 0.048682 0.246888  0.444068 0.883606 1 2 1.000000
0  1.084938 -0.463852 0.631421  0.945334 -0.166844 -0.280189  0.456274 0.814605 1 2 1.000000
0  1.084938 -0.245720 0.558696  0.942057 0.006175 -0.335396  0.468407 0.810824 1 2 1.000000
w_k98
0  -0.434129 -0.463852 0.631421  -0.945325 -0.166864 -0.280208  0.456274 0.814605 1 2 1.000000
0  -0.434129 -0.683308 1.958861  -0.967814 0.048692 0.246913  0.444068 0.883606 1 2 1.000000
0  -0.434129 0.114281 1.898661  -0.973014 -0.035847 0.227945  0.488431 0.880477 1 2 1.000000
w_k98
0  -0.434129 -1.533596 1.775402  -0.970558 -0.094918 -0.221378  0.396774 0.877860 1 2 1.000000
0  -0.434129 -0.683308 1.958861  -0.967814 0.048692 0.246913  0.444068 0.883606 1 2 1.000000
0  -0.434129 -0.463852 0.631421  -0.945325 -0.166864 -0.280208  0.456274 0.814605 1 2 1.000000
w_k98
0  -0.434129 -1.533596 1.775402  -0.970558 -0.094918 -0.221378  0.396774 0.877860 1 2 1.000000
0  -0.434129 -0.463852 0.631421  -0.945325 -0.166864 -0.280208  0.456274 0.814605 1 2 1.000000
0  -0.090234 -0.732021 0.286456  -0.653215 -0.393691 -0.646775  0.441358 0.796673 1 2 1.000000
w_k98
0  -0.434129 -1.533596 1.775402  -0.970558 -0.094918 -0.221378  0.396774 0.877860 1 2 1.000000
0  -0.090234 -0.732021 0.286456  -0.653215 -0.393691 -0.646775  0.441358 0.796673 1 2 1.000000
0  -0.090234 -1.796247 1.389558  -0.647169 -0.371481 -0.665713  0.382165 0.858302 1 2 1.000000
w_k98
0  -0.090234 -1.796247 1.389558  -0.647169 -0.371481 -0.665713  0.382165 0.858302 1 2 1.000000
0  -0.090234 -0.732021 0.286456  -0.653215 -0.393691 -0.646775  0.441358 0.796673 1 2 1.000000
0  0.325404 -0.848148 0.085824  0.000023 -0.525942 -0.850520  0.434899 0.786244 1 2 1.000000
w_k98
0  -0.090234 -1.796247 1.389558  -0.647169 -0.371481 -0.665713  0.382165 0.858302 1 2 1.000000
0  0.325404 -0.848148 0.085824  0.000023 -0.525942 -0.850520  0.434899 0.786244 1 2 1.000000
0  0.325404 -1.880703 1.167806  -0.000003 -0.507273 -0.861785  0.377468 0.847062 1 2 1.000000
w_k98
0  0.325404 -1.880703 1.167806  -0.000003 -0.507273 -0.861785  0.377468 0.847062 1 2 1.000000
0  0.325404 -0.848148 0.085824  0.000023 -0.525942 -0.850520  0.434899 0.786244 1 2 1.000000
0  0.741041 -0.732021 0.286456  0.653213 -0.393691 -0.646777  0.441358 0.796673 1 2 1.000000
w_k98
0  0.325404 -1.880703 1.167806  -0.000003 -0.507273 -0.861785  0.377468 0.847062 1 2 1.000000
0  0.741041 -0.732021 0.286456  0.653213 -0.393691 -0.646777  0.441358 0.796673 1 2 1.000000
0  0.741041 -1.796247 1.389558  0.647162 -0.371483 -0.665719  0.382165 0.858302 1 2 1.000000
w_k98
0  1.084938 -0.463852 0.631421  0.945334 -0.166844 -0.280189  0.456274 0.814605 1 2 1.000000
0  0.741041 -1.796247 1.389558  0.647162 -0.371483 -0.665719  0.382165 0.858302 1 2 1.000000
0  0.741041 -0.732021 0.286456  0.653213 -0.393691 -0.646777  0.441358 0.796673 1 2 1.000000
w_k98
0  1.084938 -0.463852 0.631421  0.945334 -0.166844 -0.280189  0.456274 0.814605 1 2 1.000000
0  1.084938 -1.533596 1.775402  0.970557 -0.094924 -0.221378  0.396774 0.877860 1 2 1.000000
0  0.741041 -1.796247 1.389558  0.647162 -0.371483 -0.665719  0.382165 0.858302 1 2 1.000000
w_k98
0  1.084938 -1.533596 1.775402  0.970557 -0.094924 -0.221378  0.396774 0.877860 1 2 1.000000
0  1.084938 -0.463852 0.631421  0.945334 -0.166844 -0.280189  0.456274 0.814605 1 2 1.000000
0  1.084938 -0.683308 1.958861  0.967820 0.048682 0.246888  0.444068 0.883606 1 2 1.000000
w_k98
0  1.084938 -1.776045 2.336319  0.947386 0.161962 0.276094  0.383289 0.906293 1 2 1.000000
0  1.084938 -1.533596 1.775402  0.970557 -0.094924 -0.221378  0.396774 0.877860 1 2 1.000000
0  1.084938 -0.683308 1.958861  0.967820 0.048682 0.246888  0.444068 0.883606 1 2 1.000000
w_k98
0  1.084938 -1.776045 2.336319  0.947386 0.161962 0.276094  0.383289 0.906293 1 2 1.000000
0  1.084938 -0.683308 1.958861  0.967820 0.048682 0.246888  0.444068 0.883606 1 2 1.000000
0  0.741041 -0.581329 2.400511  0.624269 0.142539 0.768095  0.449740 0.902450 1 2 1.000000
w_k98
0  1.084938 -1.776045 2.336319  0.947386 0.161962 0.276094  0.383289 0.906293 1 2 1.000000
0  0.741041 -0.581329 2.400511  0.624269 0.142539 0.768095  0.449740 0.902450 1 2 1.000000
0  0.741041 -1.634998 2.758809  0.580384 0.291765 0.760281  0.391134 0.923038 1 2 1.000000
w_k98
0  0.325404 -0.528545 2.569465  -0.000008 0.175133 0.984545  0.452676 0.915346 1 2 1.000000
0  0.741041 -1.634998 2.758809  0.580384 0.291765 0.760281  0.391134 0.923038 1 2 1.000000
0  0.741041 -0.581329 2.400511  0.624269 0.142539 0.768095  0.449740 0.902450 1 2 1.000000
w_k98
0  0.325404 -0.528545 2.569465  -0.000008 0.175133 0.984545  0.452676 0.915346 1 2 1.000000
0  0.325404 -1.561100 2.938322  -0.000006 0.327275 0.944929  0.395244 0.936808 1 2 1.000000
0  0.741041 -1.634998 2.758809  0.580384 0.291765 0.760281  0.391134 0.923038 1 2 1.000000
w_k98
0  -0.090234 -0.581329 2.400511  -0.624270 0.142522 0.768098  0.449740 0.902450 1 2 1.000000
0  0.325404 -1.561100 2.938322  -0.000006 0.327275 0.944929  0.395244 0.936808 1 2 1.000000
0  0.325404 -0.528545 2.569465  -0.000008 0.175133 0.984545  0.452676 0.915346 1 2 1.000000
w_k98
0  -0.090234 -0.581329 2.400511  -0.624270 0.142522 0.768098  0.449740 0.902450 1 2 1.000000
0  -0.090234 -1.634998 2.758809  -0.580363 0.291754 0.760302  0.391134 0.923038 1 2 1.000000
0  0.325404 -1.561100 2.938322  -0.000006 0.327275 0.944929  0.395244 0.936808 1 2 1.000000
w_k98
0  1.084938 -1.533596 1.775402  0.970557 -0.094924 -0.221378  0.396774 0.877860 1 2 1.000000
0  0.812032 -2.899221 1.707277  0.591219 -0.178665 -0.786472  0.320817 0.881281 1 2 1.000000
0  0.741041 -1.796247 1.389558  0.647162 -0.371483 -0.665719  0.382165 0.858302 1 2 1.000000
w_k98
0  0.325404 -1.880703 1.167806  -0.000003 -0.507273 -0.861785  0.377468 0.847062 1 2 1.000000
0  0.741041 -1.796247 1.389558  0.647162 -0.371483 -0.665719  0.382165 0.858302 1 2 1.000000
0  0.812032 -2.899221 1.707277  0.591219 -0.178665 -0.786472  0.320817 0.881281 1 2 1.000000
w_k98
0  0.325404 -1.880703 1.167806  -0.000003 -0.507273 -0.861785  0.377468 0.847062 1 2 1.000000
0  0.812032 -2.899221 1.707277  0.591219 -0.178665 -0.786472  0.320817 0.881281 1 2 1.000000
0  0.325404 -2.952005 1.459127  -0.000001 -0.253886 -0.967234  0.317881 0.869193 1 2 1.000000
w_k98
0  -0.090234 -1.796247 1.389558  -0.647169 -0.371481 -0.665713  0.382165 0.858302 1 2 1.000000
0  0.325404 -1.880703 1.167806  -0.000003 -0.507273 -0.861785  0.377468 0.847062 1 2 1.000000
0  0.325404 -2.952005 1.459127  -0.000001 -0.253886 -0.967234  0.317881 0.869193 1 2 1.000000
w_k98
0  -0.090234 -1.796247 1.389558  -0.647169 -0.371481 -0.665713  0.382165 0.858302 1 2 1.000000
0  0.325404 -2.952005 1.459127  -0.000001 -0.253886 -0.967234  0.317881 0.869193 1 2 1.000000
0  -0.161224 -2.899221 1.707277  -0.591232 -0.178721 -0.786450  0.320817 0.881281 1 2 1.000000
w_k98
0  -0.434129 -1.533596 1.775402  -0.970558 -0.094918 -0.221378  0.396774 0.877860 1 2 1.000000
0  -0.090234 -1.796247 1.389558  -0.647169 -0.371481 -0.665713  0.382165 0.858302 1 2 1.000000
0  -0.161224 -2.899221 1.707277  -0.591232 -0.178721 -0.786450  0.320817 0.881281 1 2 1.000000
w_k98
0  0.325404 -4.023312 1.750448  0.000005 -0.149161 -0.988813  0.248844 0.880584 1 2 1.000000
0  0.812032 -2.899221 1.707277  0.591219 -0.178665 -0.786472  0.320817 0.881281 1 2 1.000000
0  0.883022 -4.002197 2.024997  0.564195 -0.112679 -0.817917  0.250019 0.894069 1 2 1.000000
w_k98
0  0.325404 -4.023312 1.750448  0.000005 -0.149161 -0.988813  0.248844 0.880584 1 2 1.000000
0  0.325404 -2.952005 1.459127  -0.000001 -0.253886 -0.967234  0.317881 0.869193 1 2 1.000000
0  0.812032 -2.899221 1.707277  0.591219 -0.178665 -0.786472  0.320817 0.881281 1 2 1.000000
w_k98
0  -0.232213 -4.002197 2.024997  -0.564187 -0.112680 -0.817922  0.250019 0.894069 1 2 1.000000
0  0.325404 -2.952005 1.459127  -0.000001 -0.253886 -0.967234  0.317881 0.869193 1 2 1.000000
0  0.325404 -4.023312 1.750448  0.000005 -0.149161 -0.988813  0.248844 0.880584 1 2 1.000000
w_k98
0  -0.232213 -4.002197 2.024997  -0.564187 -0.112680 -0.817922  0.250019 0.894069 1 2 1.000000
0  -0.161224 -2.899221 1.707277  -0.591232 -0.178721 -0.786450  0.320817 0.881281 1 2 1.000000
0  0.325404 -2.952005 1.459127  -0.000001 -0.253886 -0.967234  0.317881 0.869193 1 2 1.000000
w_k98
0  -0.434129 -0.683308 1.958861  -0.967814 0.048692 0.246913  0.444068 0.883606 1 2 1.000000
0  -0.090234 -1.634998 2.758809  -0.580363 0.291754 0.760302  0.391134 0.923038 1 2 1.000000
0  -0.090234 -0.581329 2.400511  -0.624270 0.142522 0.768098  0.449740 0.902450 1 2 1.000000
w_k98
0  -0.434129 -0.683308 1.958861  -0.967814 0.048692 0.246913  0.444068 0.883606 1 2 1.000000
0  -0.434129 -1.776045 2.336319  -0.947388 0.161957 0.276091  0.383289 0.906293 1 2 1.000000
0  -0.090234 -1.634998 2.758809  -0.580363 0.291754 0.760302  0.391134 0.923038 1 2 1.000000
w_k98
0  -0.434129 -1.776045 2.336319  -0.947388 0.161957 0.276091  0.383289 0.906293 1 2 1.000000
0  -0.434129 -0.683308 1.958861  -0.967814 0.048692 0.246913  0.444068 0.883606 1 2 1.000000
0  -0.434129 -1.533596 1.775402  -0.970558 -0.094918 -0.221378  0.396774 0.877860 1 2 1.000000
w_k98
0  -0.563856 -2.772255 2.091523  -0.959488 0.023332 -0.280782  0.327879 0.899999 1 2 1.000000
0  -0.434129 -1.776045 2.336319  -0.947388 0.161957 0.276091  0.383289 0.906293 1 2 1.000000
0  -0.434129 -1.533596 1.775402  -0.970558 -0.094918 -0.221378  0.396774 0.877860 1 2 1.000000
w_k98
0  -0.434129 -1.533596 1.775402  -0.970558 -0.094918 -0.221378  0.396774 0.877860 1 2 1.000000
0  -0.161224 -2.899221 1.707277  -0.591232 -0.178721 -0.786450  0.320817 0.881281 1 2 1.000000
0  -0.563856 -2.772255 2.091523  -0.959488 0.023332 -0.280782  0.327879 0.899999 1 2 1.000000
w_k98
0  -0.693583 -4.010914 2.407644  -0.915538 -0.021351 -0.401664  0.249548 0.912840 1 2 1.000000
0  -0.563856 -2.772255 2.091523  -0.959488 0.023332 -0.280782  0.327879 0.899999 1 2 1.000000
0  -0.161224 -2.899221 1.707277  -0.591232 -0.178721 -0.786450  0.320817 0.881281 1 2 1.000000
w_k98
0  -0.693583 -4.010914 2.407644  -0.915538 -0.021351 -0.401664  0.249548 0.912840 1 2 1.000000
0  -0.161224 -2.899221 1.707277  -0.591232 -0.178721 -0.786450  0.320817 0.881281 1 2 1.000000
0  -0.232213 -4.002197 2.024997  -0.564187 -0.112680 -0.817922  0.250019 0.894069 1 2 1.000000
w_k98
0  -0.693583 -4.010914 2.407644  -0.915538 -0.021351 -0.401664  0.249548 0.912840 1 2 1.000000
0  -0.232213 -4.002197 2.024997  -0.564187 -0.112680 -0.817922  0.250019 0.894069 1 2 1.000000
0  -0.202307 -8.126759 2.187648  -0.616359 -0.038241 -0.786536  0.025660 0.901698 1 2 1.000000
w_k98
0  -0.232213 -4.002197 2.024997  -0.564187 -0.112680 -0.817922  0.250019 0.894069 1 2 1.000000
0  0.325404 -8.126759 1.919877  0.000011 -0.042112 -0.999113  0.025660 0.888206 1 2 1.000000
0  -0.202307 -8.126759 2.187648  -0.616359 -0.038241 -0.786536  0.025660 0.901698 1 2 1.000000
w_k98
0  -0.232213 -4.002197 2.024997  -0.564187 -0.112680 -0.817922  0.250019 0.894069 1 2 1.000000
0  0.325404 -4.023312 1.750448  0.000005 -0.149161 -0.988813  0.248844 0.880584 1 2 1.000000
0  0.325404 -8.126759 1.919877  0.000011 -0.042112 -0.999113  0.025660 0.888206 1 2 1.000000
w_k98
0  0.325404 -4.023312 1.750448  0.000005 -0.149161 -0.988813  0.248844 0.880584 1 2 1.000000
0  0.853116 -8.126759 2.187648  0.616338 -0.038248 -0.786552  0.025660 0.901698 1 2 1.000000
0  0.325404 -8.126759 1.919877  0.000011 -0.042112 -0.999113  0.025660 0.888206 1 2 1.000000
w_k98
0  0.325404 -4.023312 1.750448  0.000005 -0.149161 -0.988813  0.248844 0.880584 1 2 1.000000
0  0.883022 -4.002197 2.024997  0.564195 -0.112679 -0.817917  0.250019 0.894069 1 2 1.000000
0  0.853116 -8.126759 2.187648  0.616338 -0.038248 -0.786552  0.025660 0.901698 1 2 1.000000
w_k98
0  1.344391 -4.010914 2.407644  0.948874 0.010014 -0.315496  0.249548 0.912840 1 2 1.000000
0  0.853116 -8.126759 2.187648  0.616338 -0.038248 -0.786552  0.025660 0.901698 1 2 1.000000
0  0.883022 -4.002197 2.024997  0.564195 -0.112679 -0.817917  0.250019 0.894069 1 2 1.000000
w_k98
0  1.344391 -4.010914 2.407644  0.948874 0.010014 -0.315496  0.249548 0.912840 1 2 1.000000
0  0.883022 -4.002197 2.024997  0.564195 -0.112679 -0.817917  0.250019 0.894069 1 2 1.000000
0  0.812032 -2.899221 1.707277  0.591219 -0.178665 -0.786472  0.320817 0.881281 1 2 1.000000
w_k98
0  1.344391 -4.010914 2.407644  0.948874 0.010014 -0.315496  0.249548 0.912840 1 2 1.000000
0  0.812032 -2.899221 1.707277  0.591219 -0.178665 -0.786472  0.320817 0.881281 1 2 1.000000
0  1.214664 -2.772255 2.091523  0.961206 0.020676 -0.275057  0.327879 0.899999 1 2 1.000000
w_k98
0  1.084938 -1.533596 1.775402  0.970557 -0.094924 -0.221378  0.396774 0.877860 1 2 1.000000
0  1.214664 -2.772255 2.091523  0.961206 0.020676 -0.275057  0.327879 0.899999 1 2 1.000000
0  0.812032 -2.899221 1.707277  0.591219 -0.178665 -0.786472  0.320817 0.881281 1 2 1.000000
w_k98
0  1.214664 -2.772255 2.091523  0.961206 0.020676 -0.275057  0.327879 0.899999 1 2 1.000000
0  1.084938 -1.533596 1.775402  0.970557 -0.094924 -0.221378  0.396774 0.877860 1 2 1.000000
0  1.084938 -1.776045 2.336319  0.947386 0.161962 0.276094  0.383289 0.906293 1 2 1.000000
w_k98
0  1.190990 -2.873755 2.912787  0.898929 0.271081 0.344152  0.322248 0.939982 1 2 1.000000
0  1.214664 -2.772255 2.091523  0.961206 0.020676 -0.275057  0.327879 0.899999 1 2 1.000000
0  1.084938 -1.776045 2.336319  0.947386 0.161962 0.276094  0.383289 0.906293 1 2 1.000000
w_k98
0  -0.693583 -4.010914 2.407644  -0.915538 -0.021351 -0.401664  0.249548 0.912840 1 2 1.000000
0  -0.202307 -8.126759 2.187648  -0.616359 -0.038241 -0.786536  0.025660 0.901698 1 2 1.000000
0  -0.593459 -8.126759 2.568423  -0.936650 -0.033094 -0.348700  0.025660 0.920939 1 2 1.000000
w_k98
0  1.344391 -4.010914 2.407644  0.948874 0.010014 -0.315496  0.249548 0.912840 1 2 1.000000
0  1.244267 -8.126759 2.568423  0.936581 -0.033097 -0.348884  0.025660 0.920939 1 2 1.000000
0  0.853116 -8.126759 2.187648  0.616338 -0.038248 -0.786552  0.025660 0.901698 1 2 1.000000
w_k98
0  1.344391 -4.010914 2.407644  0.948874 0.010014 -0.315496  0.249548 0.912840 1 2 1.000000
0  1.241706 -8.126759 3.733142  0.999696 -0.024417 0.003394  0.025660 0.979564 1 2 1.000000
0  1.244267 -8.126759 2.568423  0.936581 -0.033097 -0.348884  0.025660 0.920939 1 2 1.000000
w_k98
0  1.344391 -4.010914 2.407644  0.948874 0.010014 -0.315496  0.249548 0.912840 1 2 1.000000
0  1.344391 -3.970394 3.708715  0.998447 0.055689 -0.001384  0.251788 0.976767 1 2 1.000000
0  1.241706 -8.126759 3.733142  0.999696 -0.024417 0.003394  0.025660 0.979564 1 2 1.000000
w_k98
0  1.344391 -3.970394 3.708715  0.998447 0.055689 -0.001384  0.251788 0.976767 1 2 1.000000
0  1.344391 -4.010914 2.407644  0.948874 0.010014 -0.315496  0.249548 0.912840 1 2 1.000000
0  1.190990 -2.873755 2.912787  0.898929 0.271081 0.344152  0.322248 0.939982 1 2 1.000000
w_k98
0  1.344391 -4.010914 2.407644  0.948874 0.010014 -0.315496  0.249548 0.912840 1 2 1.000000
0  1.214664 -2.772255 2.091523  0.961206 0.020676 -0.275057  0.327879 0.899999 1 2 1.000000
0  1.190990 -2.873755 2.912787  0.898929 0.271081 0.344152  0.322248 0.939982 1 2 1.000000
w_k98
0  1.190990 -2.873755 2.912787  0.898929 0.271081 0.344152  0.322248 0.939982 1 2 1.000000
0  1.084938 -1.776045 2.336319  0.947386 0.161962 0.276094  0.383289 0.906293 1 2 1.000000
0  0.741041 -1.634998 2.758809  0.580384 0.291765 0.760281  0.391134 0.923038 1 2 1.000000
w_k98
0  1.190990 -2.873755 2.912787  0.898929 0.271081 0.344152  0.322248 0.939982 1 2 1.000000
0  0.741041 -1.634998 2.758809  0.580384 0.291765 0.760281  0.391134 0.923038 1 2 1.000000
0  0.799078 -2.720192 3.145314  0.388354 0.385932 0.836802  0.330774 0.946404 1 2 1.000000
w_k98
0  0.325404 -1.561100 2.938322  -0.000006 0.327275 0.944929  0.395244 0.936808 1 2 1.000000
0  0.799078 -2.720192 3.145314  0.388354 0.385932 0.836802  0.330774 0.946404 1 2 1.000000
0  0.741041 -1.634998 2.758809  0.580384 0.291765 0.760281  0.391134 0.923038 1 2 1.000000
w_k98
0  0.325404 -1.561100 2.938322  -0.000006 0.327275 0.944929  0.395244 0.936808 1 2 1.000000
0  0.325404 -2.667408 3.282589  0.000013 0.346113 0.938193  0.333710 0.958020 1 2 1.000000
0  0.799078 -2.720192 3.145314  0.388354 0.385932 0.836802  0.330774 0.946404 1 2 1.000000
w_k98
0  -0.090234 -1.634998 2.758809  -0.580363 0.291754 0.760302  0.391134 0.923038 1 2 1.000000
0  0.325404 -2.667408 3.282589  0.000013 0.346113 0.938193  0.333710 0.958020 1 2 1.000000
0  0.325404 -1.561100 2.938322  -0.000006 0.327275 0.944929  0.395244 0.936808 1 2 1.000000
w_k98
0  -0.090234 -1.634998 2.758809  -0.580363 0.291754 0.760302  0.391134 0.923038 1 2 1.000000
0  -0.148269 -2.720192 3.145314  -0.388348 0.385922 0.836810  0.330774 0.946404 1 2 1.000000
0  0.325404 -2.667408 3.282589  0.000013 0.346113 0.938193  0.333710 0.958020 1 2 1.000000
w_k98
0  -0.434129 -1.776045 2.336319  -0.947388 0.161957 0.276091  0.383289 0.906293 1 2 1.000000
0  -0.148269 -2.720192 3.145314  -0.388348 0.385922 0.836810  0.330774 0.946404 1 2 1.000000
0  -0.090234 -1.634998 2.758809  -0.580363 0.291754 0.760302  0.391134 0.923038 1 2 1.000000
w_k98
0  -0.434129 -1.776045 2.336319  -0.947388 0.161957 0.276091  0.383289 0.906293 1 2 1.000000
0  -0.540183 -2.873755 2.912787  -0.850791 0.306518 0.426851  0.322248 0.939982 1 2 1.000000
0  -0.148269 -2.720192 3.145314  -0.388348 0.385922 0.836810  0.330774 0.946404 1 2 1.000000
w_k98
0  -0.540183 -2.873755 2.912787  -0.850791 0.306518 0.426851  0.322248 0.939982 1 2 1.000000
0  -0.434129 -1.776045 2.336319  -0.947388 0.161957 0.276091  0.383289 0.906293 1 2 1.000000
0  -0.563856 -2.772255 2.091523  -0.959488 0.023332 -0.280782  0.327879 0.899999 1 2 1.000000
w_k98
0  -0.693583 -4.010914 2.407644  -0.915538 -0.021351 -0.401664  0.249548 0.912840 1 2 1.000000
0  -0.540183 -2.873755 2.912787  -0.850791 0.306518 0.426851  0.322248 0.939982 1 2 1.000000
0  -0.563856 -2.772255 2.091523  -0.959488 0.023332 -0.280782  0.327879 0.899999 1 2 1.000000
w_k98
0  -0.693583 -4.010914 2.407644  -0.915538 -0.021351 -0.401664  0.249548 0.912840 1 2 1.000000
0  -0.693583 -3.970394 3.708715  -0.998640 0.051487 0.008146  0.251788 0.976767 1 2 1.000000
0  -0.540183 -2.873755 2.912787  -0.850791 0.306518 0.426851  0.322248 0.939982 1 2 1.000000
w_k98
0  -0.693583 -3.970394 3.708715  -0.998640 0.051487 0.008146  0.251788 0.976767 1 2 1.000000
0  -0.693583 -4.010914 2.407644  -0.915538 -0.021351 -0.401664  0.249548 0.912840 1 2 1.000000
0  -0.593459 -8.126759 2.568423  -0.936650 -0.033094 -0.348700  0.025660 0.920939 1 2 1.000000
w_k98
0  -0.693583 -3.970394 3.708715  -0.998640 0.051487 0.008146  0.251788 0.976767 1 2 1.000000
0  -0.593459 -8.126759 2.568423  -0.936650 -0.033094 -0.348700  0.025660 0.920939 1 2 1.000000
0  -0.590640 -8.126759 3.733203  -0.999697 -0.024490 0.002585  0.025660 0.979564 1 2 1.000000
w_k98
0  -0.540183 -2.873755 2.912787  -0.850791 0.306518 0.426851  0.322248 0.939982 1 2 1.000000
0  -0.693583 -3.970394 3.708715  -0.162667 0.265743 0.950221  0.251788 0.976767 1 2 1.000000
0  -0.232213 -3.970394 3.708715  -0.155385 0.299028 0.941508  0.251788 0.976767 1 2 1.000000
w_k98
0  -0.540183 -2.873755 2.912787  -0.850791 0.306518 0.426851  0.322248 0.939982 1 2 1.000000
0  -0.232213 -3.970394 3.708715  -0.155385 0.299028 0.941508  0.251788 0.976767 1 2 1.000000
0  -0.148269 -2.720192 3.145314  -0.388348 0.385922 0.836810  0.330774 0.946404 1 2 1.000000
w_k98
0  -0.148269 -2.720192 3.145314  -0.388348 0.385922 0.836810  0.330774 0.946404 1 2 1.000000
0  -0.232213 -3.970394 3.708715  -0.155385 0.299028 0.941508  0.251788 0.976767 1 2 1.000000
0  0.325404 -3.970394 3.708715  -0.000006 0.248486 0.968636  0.251788 0.976767 1 2 1.000000
w_k98
0  -0.148269 -2.720192 3.145314  -0.388348 0.385922 0.836810  0.330774 0.946404 1 2 1.000000
0  0.325404 -3.970394 3.708715  -0.000006 0.248486 0.968636  0.251788 0.976767 1 2 1.000000
0  0.325404 -2.667408 3.282589  0.000013 0.346113 0.938193  0.333710 0.958020 1 2 1.000000
w_k98
0  0.325404 -2.667408 3.282589  0.000013 0.346113 0.938193  0.333710 0.958020 1 2 1.000000
0  0.325404 -3.970394 3.708715  -0.000006 0.248486 0.968636  0.251788 0.976767 1 2 1.000000
0  0.883022 -3.970394 3.708715  0.155442 0.298939 0.941527  0.251788 0.976767 1 2 1.000000
w_k98
0  0.325404 -2.667408 3.282589  0.000013 0.346113 0.938193  0.333710 0.958020 1 2 1.000000
0  0.883022 -3.970394 3.708715  0.155442 0.298939 0.941527  0.251788 0.976767 1 2 1.000000
0  0.799078 -2.720192 3.145314  0.388354 0.385932 0.836802  0.330774 0.946404 1 2 1.000000
w_k98
0  1.344391 -3.970394 3.708715  0.163017 0.265646 0.950188  0.251788 0.976767 1 2 1.000000
0  0.799078 -2.720192 3.145314  0.388354 0.385932 0.836802  0.330774 0.946404 1 2 1.000000
0  0.883022 -3.970394 3.708715  0.155442 0.298939 0.941527  0.251788 0.976767 1 2 1.000000
w_k98
0  1.344391 -3.970394 3.708715  0.163017 0.265646 0.950188  0.251788 0.976767 1 2 1.000000
0  1.190990 -2.873755 2.912787  0.898929 0.271081 0.344152  0.322248 0.939982 1 2 1.000000
0  0.799078 -2.720192 3.145314  0.388354 0.385932 0.836802  0.330774 0.946404 1 2 1.000000
w_k98
0  -0.008902 -16.668999 4.481008  0.000000 -0.177383 0.984142  0.966651 0.230232 1 2 1.000000
0  0.683115 -16.668999 4.481008  0.000000 -0.177382 0.984142  0.966651 0.265073 1 2 1.000000
0  0.683115 -16.073822 4.588283  0.000000 -0.093103 0.995656  0.941663 0.265073 1 2 1.000000
w_k98
0  -0.008902 -16.668999 4.481008  0.000000 -0.177383 0.984142  0.966651 0.230232 1 2 1.000000
0  0.683115 -16.073822 4.588283  0.000000 -0.093103 0.995656  0.941663 0.265073 1 2 1.000000
0  -0.008902 -16.073822 4.588283  0.000000 -0.093100 0.995657  0.941663 0.230232 1 2 1.000000
w_k98
0  -0.008902 -16.073822 4.588283  0.000000 -0.093100 0.995657  0.941663 0.230232 1 2 1.000000
0  0.683115 -16.073822 4.588283  0.000000 -0.093103 0.995656  0.941663 0.265073 1 2 1.000000
0  0.683115 -15.553946 4.592518  0.000000 0.063201 0.998001  0.919837 0.265073 1 2 1.000000
w_k98
0  -0.008902 -16.073822 4.588283  0.000000 -0.093100 0.995657  0.941663 0.230232 1 2 1.000000
0  0.683115 -15.553946 4.592518  0.000000 0.063201 0.998001  0.919837 0.265073 1 2 1.000000
0  -0.008902 -15.553946 4.592518  0.000000 0.063202 0.998001  0.919837 0.230232 1 2 1.000000
w_k98
0  -0.008902 -14.518238 4.452229  0.000000 0.067569 0.997715  0.876355 0.230232 1 2 1.000000
0  -0.008902 -15.553946 4.592518  0.000000 0.063202 0.998001  0.919837 0.230232 1 2 1.000000
0  0.683115 -15.553946 4.592518  0.000000 0.063201 0.998001  0.919837 0.265073 1 2 1.000000
w_k98
0  -0.008902 -14.518238 4.452229  0.000000 0.067569 0.997715  0.876355 0.230232 1 2 1.000000
0  0.683115 -15.553946 4.592518  0.000000 0.063201 0.998001  0.919837 0.265073 1 2 1.000000
0  0.683115 -14.518238 4.452229  0.000000 0.067567 0.997715  0.876355 0.265073 1 2 1.000000
w_k98
0  0.683115 -14.518238 4.452229  0.000000 0.067567 0.997715  0.876355 0.265073 1 2 1.000000
0  -0.008902 -13.670094 4.451714  0.000000 0.000607 1.000000  0.840747 0.230232 1 2 1.000000
0  -0.008902 -14.518238 4.452229  0.000000 0.067569 0.997715  0.876355 0.230232 1 2 1.000000
w_k98
0  0.683115 -14.518238 4.452229  0.000000 0.067567 0.997715  0.876355 0.265073 1 2 1.000000
0  0.683115 -13.670094 4.451714  0.000000 0.000607 1.000000  0.840747 0.265073 1 2 1.000000
0  -0.008902 -13.670094 4.451714  0.000000 0.000607 1.000000  0.840747 0.230232 1 2 1.000000
w_k98
0  0.401403 -33.902256 4.509799  0.000000 -1.000000 0.000000  0.988281 0.023420 1 2 1.000000
0  0.337102 -33.902256 4.607431  0.000000 -1.000000 0.000000  0.988281 0.023420 1 2 1.000000
0  0.272810 -33.902256 4.509799  0.000000 -1.000000 0.000000  0.988281 0.023420 1 2 1.000000
w_k98
0  -0.008902 -16.732315 4.668895  0.000000 0.727046 0.686589  0.853047 0.230232 1 2 1.000000
0  0.683115 -16.668999 4.481008  0.000000 0.947635 0.319354  0.847788 0.265073 1 2 1.000000
0  -0.008902 -16.668999 4.481008  0.000000 0.947639 0.319344  0.847788 0.230232 1 2 1.000000
w_k98
0  -0.008902 -16.732315 4.668895  0.000000 0.727046 0.686589  0.853047 0.230232 1 2 1.000000
0  0.683115 -16.732315 4.668895  0.000000 0.727044 0.686590  0.853047 0.265073 1 2 1.000000
0  0.683115 -16.668999 4.481008  0.000000 0.947635 0.319354  0.847788 0.265073 1 2 1.000000
w_k98
0  -0.008902 -16.732315 4.668895  0.000000 0.727046 0.686589  0.853047 0.230232 1 2 1.000000
0  0.683115 -16.902298 4.737235  0.000000 -0.000589 1.000000  0.867165 0.265073 1 2 1.000000
0  0.683115 -16.732315 4.668895  0.000000 0.727044 0.686590  0.853047 0.265073 1 2 1.000000
w_k98
0  -0.008902 -16.732315 4.668895  0.000000 0.727046 0.686589  0.853047 0.230232 1 2 1.000000
0  -0.008902 -16.902298 4.737235  0.000000 -0.000574 1.000000  0.867165 0.230232 1 2 1.000000
0  0.683115 -16.902298 4.737235  0.000000 -0.000589 1.000000  0.867165 0.265073 1 2 1.000000
w_k98
0  0.683115 -17.072277 4.668667  0.000000 -0.778374 0.627801  0.881282 0.265073 1 2 1.000000
0  0.683115 -16.902298 4.737235  0.000000 -0.000589 1.000000  0.867165 0.265073 1 2 1.000000
0  -0.008902 -16.902298 4.737235  0.000000 -0.000574 1.000000  0.867165 0.230232 1 2 1.000000
w_k98
0  0.683115 -17.072277 4.668667  0.000000 -0.778374 0.627801  0.881282 0.265073 1 2 1.000000
0  -0.008902 -16.902298 4.737235  0.000000 -0.000574 1.000000  0.867165 0.230232 1 2 1.000000
0  -0.008902 -17.072277 4.668667  0.000000 -0.778379 0.627795  0.881282 0.230232 1 2 1.000000
w_k98
0  0.683115 -17.072277 4.668667  0.000000 -0.778374 0.627801  0.881282 0.265073 1 2 1.000000
0  -0.008902 -17.072277 4.668667  0.000000 -0.778379 0.627795  0.881282 0.230232 1 2 1.000000
0  -0.008902 -17.109966 4.449197  -0.000000 -0.996385 0.084950  0.884412 0.230232 1 2 1.000000
w_k98
0  0.683115 -17.072277 4.668667  0.000000 -0.778374 0.627801  0.881282 0.265073 1 2 1.000000
0  -0.008902 -17.109966 4.449197  -0.000000 -0.996385 0.084950  0.884412 0.230232 1 2 1.000000
0  0.683115 -17.109966 4.449197  0.000000 -0.996386 0.084937  0.884412 0.265073 1 2 1.000000
w_k98
0  -0.008902 -17.109966 4.449197  -0.000000 -0.996385 0.084950  0.884412 0.230232 1 2 1.000000
0  0.683115 -17.109966 4.172187  0.000000 -1.000000 0.000000  0.884412 0.265073 1 2 1.000000
0  0.683115 -17.109966 4.449197  0.000000 -0.996386 0.084937  0.884412 0.265073 1 2 1.000000
w_k98
0  -0.008902 -17.109966 4.449197  -0.000005 -0.996390 0.084892  0.884412 0.230232 1 2 1.000000
0  -0.008902 -17.109966 4.172187  0.000000 -1.000000 0.000000  0.884412 0.230232 1 2 1.000000
0  0.683115 -17.109966 4.172187  0.000000 -1.000000 0.000000  0.884412 0.265073 1 2 1.000000
w_k98
0  -0.232213 -3.970394 3.708715  -0.155385 0.299028 0.941508  0.997481 0.984467 1 2 1.000000
0  -0.693583 -3.970394 3.708715  -0.162667 0.265743 0.950221  0.997481 0.996729 1 2 1.000000
0  -0.590640 -8.126759 3.733203  0.000032 0.005891 0.999983  0.842182 0.995647 1 2 1.000000
w_k98
0  -0.368452 -17.097633 3.786060  0.000126 0.005876 0.999983  0.509967 0.989529 1 2 1.000000
0  1.241706 -8.126759 3.733142  0.000035 0.005888 0.999983  0.842182 0.943640 1 2 1.000000
0  -0.590640 -8.126759 3.733203  0.000032 0.005891 0.999983  0.842182 0.995647 1 2 1.000000
w_k98
0  -0.232213 -3.970394 3.708715  -0.155385 0.299028 0.941508  0.997481 0.984467 1 2 1.000000
0  -0.590640 -8.126759 3.733203  0.000032 0.005891 0.999983  0.842182 0.995647 1 2 1.000000
0  1.241706 -8.126759 3.733142  0.000035 0.005888 0.999983  0.842182 0.943640 1 2 1.000000
w_k98
0  1.241706 -8.126759 3.733142  0.000035 0.005888 0.999983  0.842182 0.943640 1 2 1.000000
0  0.325404 -3.970394 3.708715  -0.000006 0.248486 0.968636  0.997481 0.969647 1 2 1.000000
0  -0.232213 -3.970394 3.708715  -0.155385 0.299028 0.941508  0.997481 0.984467 1 2 1.000000
w_k98
0  1.241706 -8.126759 3.733142  0.000035 0.005888 0.999983  0.842182 0.943640 1 2 1.000000
0  0.883022 -3.970394 3.708715  0.155442 0.298939 0.941527  0.997481 0.954827 1 2 1.000000
0  0.325404 -3.970394 3.708715  -0.000006 0.248486 0.968636  0.997481 0.969647 1 2 1.000000
w_k98
0  1.241706 -8.126759 3.733142  0.000035 0.005888 0.999983  0.842182 0.943640 1 2 1.000000
0  1.344391 -3.970394 3.708715  0.163017 0.265646 0.950188  0.997481 0.942566 1 2 1.000000
0  0.883022 -3.970394 3.708715  0.155442 0.298939 0.941527  0.997481 0.954827 1 2 1.000000
w_k98
0  -0.368452 -17.097633 3.786060  0.000126 0.005876 0.999983  0.509967 0.989529 1 2 1.000000
0  1.020078 -17.097511 3.785866  0.000140 0.005874 0.999983  0.509972 0.949742 1 2 1.000000
0  1.241706 -8.126759 3.733142  0.000035 0.005888 0.999983  0.842182 0.943640 1 2 1.000000
w_k98
0  0.337658 -11.798912 4.611229  0.000000 -1.000000 0.000002  0.882827 0.267282 1 2 1.000000
0  1.056086 -11.798912 4.089261  0.000000 -1.000000 0.000000  0.855876 0.247702 1 2 1.000000
0  0.781671 -11.798912 4.466961  0.000000 -1.000000 0.000004  0.866170 0.261870 1 2 1.000000
w_k98
0  0.337658 -11.798912 4.611229  0.000000 -1.000000 0.000002  0.882827 0.267282 1 2 1.000000
0  1.056086 -11.798912 3.622398  0.000000 -1.000000 0.000000  0.855876 0.230189 1 2 1.000000
0  1.056086 -11.798912 4.089261  0.000000 -1.000000 0.000000  0.855876 0.247702 1 2 1.000000
w_k98
0  0.337658 -11.798912 4.611229  0.000000 -1.000000 -0.000001  0.882827 0.267282 1 2 1.000000
0  -0.380770 -11.798912 3.622398  0.000000 -1.000000 -0.000002  0.909777 0.230189 1 2 1.000000
0  1.056086 -11.798912 3.622398  0.000000 -1.000000 -0.000003  0.855876 0.230189 1 2 1.000000
w_k98
0  0.337658 -11.798912 4.611229  0.000000 -1.000000 -0.000001  0.882827 0.267282 1 2 1.000000
0  -0.380770 -11.798912 4.089261  0.000000 -1.000000 0.000001  0.909777 0.247702 1 2 1.000000
0  -0.380770 -11.798912 3.622398  0.000000 -1.000000 -0.000002  0.909777 0.230189 1 2 1.000000
w_k98
0  0.337658 -11.798912 4.611229  0.000000 -1.000000 -0.000001  0.882827 0.267282 1 2 1.000000
0  -0.106355 -11.798912 4.466961  0.000000 -1.000000 0.000007  0.899483 0.261870 1 2 1.000000
0  -0.380770 -11.798912 4.089261  0.000000 -1.000000 0.000001  0.909777 0.247702 1 2 1.000000
w_k98
0  0.159268 -33.119022 4.272279  0.000000 1.000000 -0.000017  0.912492 0.256853 1 2 1.000000
0  0.159268 -33.119022 4.233434  0.000000 1.000000 0.000000  0.914562 0.256853 1 2 1.000000
0  0.037599 -33.119022 4.294481  0.000000 1.000000 -0.000046  0.914562 0.262440 1 2 1.000000
w_k98
0  0.159268 -33.119022 4.272279  0.000000 1.000000 -0.000017  0.912492 0.256853 1 2 1.000000
0  0.037599 -33.119022 4.294481  0.000000 1.000000 -0.000046  0.914562 0.262440 1 2 1.000000
0  0.067593 -33.119022 4.333067  0.000000 1.000000 -0.000036  0.912506 0.262148 1 2 1.000000
w_k98
0  0.037599 -33.119022 4.294481  0.000000 1.000000 -0.000046  0.914562 0.262440 1 2 1.000000
0  0.034086 -33.119022 4.841589  0.000000 1.000000 0.000006  0.882156 0.263024 1 2 1.000000
0  0.067593 -33.119022 4.333067  0.000000 1.000000 -0.000036  0.912506 0.262148 1 2 1.000000
w_k98
0  0.037599 -33.119022 4.294481  0.000000 1.000000 -0.000046  0.914562 0.262440 1 2 1.000000
0  -0.001537 -33.119022 4.855287  0.000000 1.000000 0.000010  0.881426 0.264922 1 2 1.000000
0  0.034086 -33.119022 4.841589  0.000000 1.000000 0.000006  0.882156 0.263024 1 2 1.000000
w_k98
0  -0.001537 -33.119022 4.855287  0.000000 1.000000 0.000010  0.881426 0.264922 1 2 1.000000
0  0.165616 -33.119022 4.964866  0.000000 1.000000 0.000022  0.875587 0.256015 1 2 1.000000
0  0.034086 -33.119022 4.841589  0.000000 1.000000 0.000006  0.882156 0.263024 1 2 1.000000
w_k98
0  -0.001537 -33.119022 4.855287  0.000000 1.000000 0.000010  0.881426 0.264922 1 2 1.000000
0  0.149174 -33.119022 4.997991  0.000000 1.000000 0.000024  0.873822 0.256891 1 2 1.000000
0  0.165616 -33.119022 4.964866  0.000000 1.000000 0.000022  0.875587 0.256015 1 2 1.000000
w_k98
0  0.149174 -33.119022 4.997991  0.000000 1.000000 0.000024  0.873822 0.256891 1 2 1.000000
0  0.337106 -33.119022 4.999482  0.000000 1.000000 0.000000  0.873743 0.246877 1 2 1.000000
0  0.165616 -33.119022 4.964866  0.000000 1.000000 0.000022  0.875587 0.256015 1 2 1.000000
w_k98
0  0.149174 -33.119022 4.997991  0.000000 1.000000 0.000024  0.873822 0.256891 1 2 1.000000
0  0.337106 -33.119022 5.033160  0.000000 1.000000 0.000000  0.871948 0.246877 1 2 1.000000
0  0.337106 -33.119022 4.999482  0.000000 1.000000 0.000000  0.873743 0.246877 1 2 1.000000
w_k98
0  0.337106 -33.119022 5.033160  0.000000 1.000000 0.000000  0.871948 0.246877 1 2 1.000000
0  0.508598 -33.119022 4.964866  0.000000 1.000000 0.000000  0.875587 0.237739 1 2 1.000000
0  0.337106 -33.119022 4.999482  0.000000 1.000000 0.000000  0.873743 0.246877 1 2 1.000000
w_k98
0  0.337106 -33.119022 5.033160  0.000000 1.000000 0.000000  0.871948 0.246877 1 2 1.000000
0  0.525039 -33.119022 4.997991  0.000000 1.000000 0.000002  0.873822 0.236863 1 2 1.000000
0  0.508598 -33.119022 4.964866  0.000000 1.000000 0.000000  0.875587 0.237739 1 2 1.000000
w_k98
0  0.525039 -33.119022 4.997991  0.000000 1.000000 0.000002  0.873822 0.236863 1 2 1.000000
0  0.640127 -33.119022 4.841589  0.000000 1.000000 0.000022  0.882156 0.230731 1 2 1.000000
0  0.508598 -33.119022 4.964866  0.000000 1.000000 0.000000  0.875587 0.237739 1 2 1.000000
w_k98
0  0.525039 -33.119022 4.997991  0.000000 1.000000 0.000002  0.873822 0.236863 1 2 1.000000
0  0.675750 -33.119022 4.855287  0.000000 1.000000 0.000023  0.881426 0.228832 1 2 1.000000
0  0.640127 -33.119022 4.841589  0.000000 1.000000 0.000022  0.882156 0.230731 1 2 1.000000
w_k98
0  0.675750 -33.119022 4.855287  0.000000 1.000000 0.000023  0.881426 0.228832 1 2 1.000000
0  0.607537 -33.119022 4.333067  0.000000 1.000000 -0.000042  0.912506 0.231607 1 2 1.000000
0  0.640127 -33.119022 4.841589  0.000000 1.000000 0.000022  0.882156 0.230731 1 2 1.000000
w_k98
0  0.675750 -33.119022 4.855287  0.000000 1.000000 0.000023  0.881426 0.228832 1 2 1.000000
0  0.640685 -33.119022 4.294481  0.000000 1.000000 -0.000054  0.914562 0.231315 1 2 1.000000
0  0.607537 -33.119022 4.333067  0.000000 1.000000 -0.000042  0.912506 0.231607 1 2 1.000000
w_k98
0  0.640685 -33.119022 4.294481  0.000000 1.000000 -0.000054  0.914562 0.231315 1 2 1.000000
0  0.515698 -33.119022 4.272279  0.000000 1.000000 -0.000086  0.912492 0.236902 1 2 1.000000
0  0.607537 -33.119022 4.333067  0.000000 1.000000 -0.000042  0.912506 0.231607 1 2 1.000000
w_k98
0  0.640685 -33.119022 4.294481  0.000000 1.000000 0.000000  0.914562 0.231315 1 2 1.000000
0  0.515698 -33.119022 4.233434  0.000000 1.000000 0.000000  0.914562 0.236902 1 2 1.000000
0  0.515698 -33.119022 4.272279  0.000000 1.000000 0.000000  0.912492 0.236902 1 2 1.000000
w_k98
0  1.229644 -6.899137 3.543832  0.994039 -0.000307 0.109028  0.444305 0.175614 1 2 1.000000
0  1.229407 -6.899128 3.543793  0.994045 -0.000223 0.108972  0.444306 0.175616 1 2 1.000000
0  1.165275 -6.908966 4.129711  0.994063 -0.000129 0.108804  0.444305 0.144193 1 2 1.000000
w_k98
0  1.229407 -6.899128 3.543793  0.994045 -0.000223 0.108972  0.444306 0.175616 1 2 1.000000
0  1.229644 -5.076921 3.543793  0.994063 -0.000129 0.108804  0.551795 0.175616 1 2 1.000000
0  1.165275 -6.908966 4.129711  0.994063 -0.000129 0.108804  0.444305 0.144193 1 2 1.000000
w_k98
0  1.229644 -5.076921 3.543793  0.994019 -0.000000 0.109203  0.551795 0.175616 1 2 1.000000
0  1.165275 -5.086750 4.129713  0.994019 -0.000000 0.109203  0.551795 0.144193 1 2 1.000000
0  1.165275 -6.908966 4.129711  0.994019 -0.000000 0.109203  0.444305 0.144193 1 2 1.000000
w_k98
0  1.165275 -6.908966 4.129711  0.621894 -0.000049 0.783102  0.551806 0.020485 1 2 1.000000
0  1.165275 -5.086750 4.129713  0.622037 -0.000001 0.782988  0.441689 0.020502 1 2 1.000000
0  0.787697 -5.086750 4.429676  0.382204 -0.000047 0.924078  0.441740 0.045856 1 2 1.000000
w_k98
0  1.165275 -6.908966 4.129711  0.621894 -0.000049 0.783102  0.551806 0.020485 1 2 1.000000
0  0.787697 -5.086750 4.429676  0.382204 -0.000047 0.924078  0.441740 0.045856 1 2 1.000000
0  0.787655 -6.908857 4.429573  0.382122 -0.000098 0.924112  0.545914 0.045856 1 2 1.000000
w_k98
0  0.787655 -6.908857 4.429573  0.382122 -0.000098 0.924112  0.545914 0.045856 1 2 1.000000
0  0.787697 -5.086750 4.429676  0.382204 -0.000047 0.924078  0.441740 0.045856 1 2 1.000000
0  0.323158 -5.354782 4.482490  -0.001578 -0.000144 0.999999  0.457941 0.080323 1 2 1.000000
w_k98
0  0.787655 -6.908857 4.429573  0.382122 -0.000098 0.924112  0.545914 0.045856 1 2 1.000000
0  0.323158 -5.354782 4.482490  -0.001578 -0.000144 0.999999  0.457941 0.080323 1 2 1.000000
0  0.323130 -6.908857 4.482266  -0.001710 -0.000191 0.999999  0.545914 0.080120 1 2 1.000000
w_k98
0  -0.141381 -5.622810 4.428268  -0.400285 -0.000188 0.916391  0.474141 0.114791 1 2 1.000000
0  0.323130 -6.908857 4.482266  -0.001710 -0.000191 0.999999  0.545914 0.080120 1 2 1.000000
0  0.323158 -5.354782 4.482490  -0.001578 -0.000144 0.999999  0.457941 0.080323 1 2 1.000000
w_k98
0  -0.141381 -5.622810 4.428268  -0.400285 -0.000188 0.916391  0.474141 0.114791 1 2 1.000000
0  -0.141396 -6.908857 4.427927  -0.400358 -0.000158 0.916359  0.545914 0.114385 1 2 1.000000
0  0.323130 -6.908857 4.482266  -0.001710 -0.000191 0.999999  0.545914 0.080120 1 2 1.000000
w_k98
0  -0.490474 -5.622829 4.129590  -0.650016 -0.000151 0.759920  0.474412 0.139652 1 2 1.000000
0  -0.141396 -6.908857 4.427927  -0.400358 -0.000158 0.916359  0.545914 0.114385 1 2 1.000000
0  -0.141381 -5.622810 4.428268  -0.400285 -0.000188 0.916391  0.474141 0.114791 1 2 1.000000
w_k98
0  -0.490474 -5.622829 4.129590  -0.650016 -0.000151 0.759920  0.474412 0.139652 1 2 1.000000
0  -0.490474 -6.908966 4.129596  -0.650028 -0.000168 0.759910  0.551996 0.139665 1 2 1.000000
0  -0.141396 -6.908857 4.427927  -0.400358 -0.000158 0.916359  0.545914 0.114385 1 2 1.000000
w_k98
0  0.213706 -29.194157 3.019385  -0.707113 0.000000 -0.707101  0.168127 0.034354 1 2 1.000000
0  0.337658 -29.194157 2.895431  -0.707113 0.000000 -0.707101  0.168127 0.030780 1 2 1.000000
0  0.213706 -33.672794 3.019385  -0.707113 0.000000 -0.707101  0.297237 0.034354 1 2 1.000000
w_k98
0  0.337658 -29.194157 2.895431  -0.707113 0.000000 -0.707101  0.168127 0.030780 1 2 1.000000
0  0.337658 -33.672794 2.895431  -0.707113 0.000000 -0.707101  0.297237 0.030780 1 2 1.000000
0  0.213706 -33.672794 3.019385  -0.707113 0.000000 -0.707101  0.297237 0.034354 1 2 1.000000
w_k98
0  0.461611 -29.194157 3.019385  0.707106 0.000000 0.707107  0.168127 0.034354 1 2 1.000000
0  0.337658 -29.194157 3.143338  0.707106 0.000000 0.707107  0.168127 0.037927 1 2 1.000000
0  0.461611 -33.672794 3.019385  0.707106 0.000000 0.707107  0.297237 0.034354 1 2 1.000000
w_k98
0  0.337658 -29.194157 3.143338  0.707107 0.000000 0.707106  0.168127 0.037927 1 2 1.000000
0  0.337658 -33.672794 3.143338  0.707107 0.000000 0.707106  0.297237 0.037927 1 2 1.000000
0  0.461611 -33.672794 3.019385  0.707107 0.000000 0.707106  0.297237 0.034354 1 2 1.000000
w_k98
0  0.213706 -33.672794 3.019385  0.000000 -1.000000 0.000000  0.898349 0.244794 1 2 1.000000
0  0.337658 -33.672794 2.895431  0.000000 -1.000000 0.000000  0.887479 0.233924 1 2 1.000000
0  0.337658 -33.672794 3.143338  0.000000 -1.000000 0.000000  0.887479 0.255664 1 2 1.000000
w_k98
0  0.337658 -33.672794 2.895431  0.000000 -1.000000 0.000000  0.887479 0.233924 1 2 1.000000
0  0.461611 -33.672794 3.019385  0.000000 -1.000000 0.000000  0.876608 0.244794 1 2 1.000000
0  0.337658 -33.672794 3.143338  0.000000 -1.000000 0.000000  0.887479 0.255664 1 2 1.000000
end
